datetime_beginning_ept,year,month,day,hour,day_of_week,days_from_bf,load_area,predicted_mw
2025-11-19 00:00:00,2025,11,19,0,2,-9,AECO,867.9293
2025-11-19 01:00:00,2025,11,19,1,2,-9,AECO,844.1557
2025-11-19 02:00:00,2025,11,19,2,2,-9,AECO,831.6151
2025-11-19 03:00:00,2025,11,19,3,2,-9,AECO,831.5381
2025-11-19 04:00:00,2025,11,19,4,2,-9,AECO,849.9259
2025-11-19 05:00:00,2025,11,19,5,2,-9,AECO,897.5153
2025-11-19 06:00:00,2025,11,19,6,2,-9,AECO,974.1572
2025-11-19 07:00:00,2025,11,19,7,2,-9,AECO,998.1433000000001
2025-11-19 08:00:00,2025,11,19,8,2,-9,AECO,946.7787000000001
2025-11-19 09:00:00,2025,11,19,9,2,-9,AECO,878.6851
2025-11-19 10:00:00,2025,11,19,10,2,-9,AECO,825.5056000000001
2025-11-19 11:00:00,2025,11,19,11,2,-9,AECO,786.9014999999999
2025-11-19 12:00:00,2025,11,19,12,2,-9,AECO,792.4721
2025-11-19 13:00:00,2025,11,19,13,2,-9,AECO,809.7180999999999
2025-11-19 14:00:00,2025,11,19,14,2,-9,AECO,859.7305
2025-11-19 15:00:00,2025,11,19,15,2,-9,AECO,923.6755999999999
2025-11-19 16:00:00,2025,11,19,16,2,-9,AECO,1034.3184999999999
2025-11-19 17:00:00,2025,11,19,17,2,-9,AECO,1116.3784
2025-11-19 18:00:00,2025,11,19,18,2,-9,AECO,1116.4792
2025-11-19 19:00:00,2025,11,19,19,2,-9,AECO,1097.2406999999998
2025-11-19 20:00:00,2025,11,19,20,2,-9,AECO,1059.4711
2025-11-19 21:00:00,2025,11,19,21,2,-9,AECO,1019.7003000000001
2025-11-19 22:00:00,2025,11,19,22,2,-9,AECO,955.1818
2025-11-19 23:00:00,2025,11,19,23,2,-9,AECO,902.3506
2025-11-20 00:00:00,2025,11,20,0,3,-8,AECO,856.4354999999999
2025-11-20 01:00:00,2025,11,20,1,3,-8,AECO,829.7232
2025-11-20 02:00:00,2025,11,20,2,3,-8,AECO,812.5585
2025-11-20 03:00:00,2025,11,20,3,3,-8,AECO,809.9149
2025-11-20 04:00:00,2025,11,20,4,3,-8,AECO,822.2682000000001
2025-11-20 05:00:00,2025,11,20,5,3,-8,AECO,852.3288
2025-11-20 06:00:00,2025,11,20,6,3,-8,AECO,914.8372999999999
2025-11-20 07:00:00,2025,11,20,7,3,-8,AECO,929.2353999999999
2025-11-20 08:00:00,2025,11,20,8,3,-8,AECO,904.1065000000001
2025-11-20 09:00:00,2025,11,20,9,3,-8,AECO,862.9486999999999
2025-11-20 10:00:00,2025,11,20,10,3,-8,AECO,818.8939
2025-11-20 11:00:00,2025,11,20,11,3,-8,AECO,810.1059
2025-11-20 12:00:00,2025,11,20,12,3,-8,AECO,800.6192
2025-11-20 13:00:00,2025,11,20,13,3,-8,AECO,829.3187
2025-11-20 14:00:00,2025,11,20,14,3,-8,AECO,864.4516
2025-11-20 15:00:00,2025,11,20,15,3,-8,AECO,922.4468
2025-11-20 16:00:00,2025,11,20,16,3,-8,AECO,981.0726000000001
2025-11-20 17:00:00,2025,11,20,17,3,-8,AECO,1046.3037
2025-11-20 18:00:00,2025,11,20,18,3,-8,AECO,1039.1662000000001
2025-11-20 19:00:00,2025,11,20,19,3,-8,AECO,1026.7387
2025-11-20 20:00:00,2025,11,20,20,3,-8,AECO,1004.0415999999999
2025-11-20 21:00:00,2025,11,20,21,3,-8,AECO,969.4948
2025-11-20 22:00:00,2025,11,20,22,3,-8,AECO,917.2358
2025-11-20 23:00:00,2025,11,20,23,3,-8,AECO,875.5381
2025-11-21 00:00:00,2025,11,21,0,4,-7,AECO,836.0917
2025-11-21 01:00:00,2025,11,21,1,4,-7,AECO,810.3402
2025-11-21 02:00:00,2025,11,21,2,4,-7,AECO,799.8810000000001
2025-11-21 03:00:00,2025,11,21,3,4,-7,AECO,801.7167999999999
2025-11-21 04:00:00,2025,11,21,4,4,-7,AECO,818.1458
2025-11-21 05:00:00,2025,11,21,5,4,-7,AECO,856.7561
2025-11-21 06:00:00,2025,11,21,6,4,-7,AECO,915.0357
2025-11-21 07:00:00,2025,11,21,7,4,-7,AECO,930.1970000000001
2025-11-21 08:00:00,2025,11,21,8,4,-7,AECO,883.6011000000001
2025-11-21 09:00:00,2025,11,21,9,4,-7,AECO,833.1004
2025-11-21 10:00:00,2025,11,21,10,4,-7,AECO,797.9141
2025-11-21 11:00:00,2025,11,21,11,4,-7,AECO,781.4739
2025-11-21 12:00:00,2025,11,21,12,4,-7,AECO,784.4429
2025-11-21 13:00:00,2025,11,21,13,4,-7,AECO,811.2031
2025-11-21 14:00:00,2025,11,21,14,4,-7,AECO,866.1293
2025-11-21 15:00:00,2025,11,21,15,4,-7,AECO,933.8249
2025-11-21 16:00:00,2025,11,21,16,4,-7,AECO,1020.4954000000001
2025-11-21 17:00:00,2025,11,21,17,4,-7,AECO,1102.0989
2025-11-21 18:00:00,2025,11,21,18,4,-7,AECO,1101.3094999999998
2025-11-21 19:00:00,2025,11,21,19,4,-7,AECO,1084.1691
2025-11-21 20:00:00,2025,11,21,20,4,-7,AECO,1055.7956
2025-11-21 21:00:00,2025,11,21,21,4,-7,AECO,1028.0377
2025-11-21 22:00:00,2025,11,21,22,4,-7,AECO,974.2257
2025-11-21 23:00:00,2025,11,21,23,4,-7,AECO,902.6091
2025-11-22 00:00:00,2025,11,22,0,5,-6,AECO,862.8621999999999
2025-11-22 01:00:00,2025,11,22,1,5,-6,AECO,838.7755999999999
2025-11-22 02:00:00,2025,11,22,2,5,-6,AECO,822.7796000000001
2025-11-22 03:00:00,2025,11,22,3,5,-6,AECO,822.7298000000001
2025-11-22 04:00:00,2025,11,22,4,5,-6,AECO,827.9806000000001
2025-11-22 05:00:00,2025,11,22,5,5,-6,AECO,848.4756
2025-11-22 06:00:00,2025,11,22,6,5,-6,AECO,886.5085999999999
2025-11-22 07:00:00,2025,11,22,7,5,-6,AECO,902.932
2025-11-22 08:00:00,2025,11,22,8,5,-6,AECO,856.4172000000001
2025-11-22 09:00:00,2025,11,22,9,5,-6,AECO,785.2708
2025-11-22 10:00:00,2025,11,22,10,5,-6,AECO,724.683
2025-11-22 11:00:00,2025,11,22,11,5,-6,AECO,702.3765999999999
2025-11-22 12:00:00,2025,11,22,12,5,-6,AECO,708.8094
2025-11-22 13:00:00,2025,11,22,13,5,-6,AECO,730.3507999999999
2025-11-22 14:00:00,2025,11,22,14,5,-6,AECO,787.8084000000001
2025-11-22 15:00:00,2025,11,22,15,5,-6,AECO,875.4734000000001
2025-11-22 16:00:00,2025,11,22,16,5,-6,AECO,975.0926000000002
2025-11-22 17:00:00,2025,11,22,17,5,-6,AECO,1067.0624
2025-11-22 18:00:00,2025,11,22,18,5,-6,AECO,1065.2292
2025-11-22 19:00:00,2025,11,22,19,5,-6,AECO,1047.8098
2025-11-22 20:00:00,2025,11,22,20,5,-6,AECO,1028.4748
2025-11-22 21:00:00,2025,11,22,21,5,-6,AECO,995.0899999999999
2025-11-22 22:00:00,2025,11,22,22,5,-6,AECO,925.9577999999999
2025-11-22 23:00:00,2025,11,22,23,5,-6,AECO,901.985
2025-11-23 00:00:00,2025,11,23,0,6,-5,AECO,857.223
2025-11-23 01:00:00,2025,11,23,1,6,-5,AECO,831.3358000000001
2025-11-23 02:00:00,2025,11,23,2,6,-5,AECO,817.2642
2025-11-23 03:00:00,2025,11,23,3,6,-5,AECO,813.0871999999999
2025-11-23 04:00:00,2025,11,23,4,6,-5,AECO,816.8282
2025-11-23 05:00:00,2025,11,23,5,6,-5,AECO,838.2794
2025-11-23 06:00:00,2025,11,23,6,6,-5,AECO,869.1438
2025-11-23 07:00:00,2025,11,23,7,6,-5,AECO,868.4147999999999
2025-11-23 08:00:00,2025,11,23,8,6,-5,AECO,847.5984000000001
2025-11-23 09:00:00,2025,11,23,9,6,-5,AECO,800.8818
2025-11-23 10:00:00,2025,11,23,10,6,-5,AECO,761.669
2025-11-23 11:00:00,2025,11,23,11,6,-5,AECO,748.6834000000001
2025-11-23 12:00:00,2025,11,23,12,6,-5,AECO,749.2436
2025-11-23 13:00:00,2025,11,23,13,6,-5,AECO,782.0566
2025-11-23 14:00:00,2025,11,23,14,6,-5,AECO,829.6976000000001
2025-11-23 15:00:00,2025,11,23,15,6,-5,AECO,898.452
2025-11-23 16:00:00,2025,11,23,16,6,-5,AECO,1001.6394
2025-11-23 17:00:00,2025,11,23,17,6,-5,AECO,1089.5696
2025-11-23 18:00:00,2025,11,23,18,6,-5,AECO,1086.8546000000001
2025-11-23 19:00:00,2025,11,23,19,6,-5,AECO,1070.952
2025-11-23 20:00:00,2025,11,23,20,6,-5,AECO,1039.2134
2025-11-23 21:00:00,2025,11,23,21,6,-5,AECO,995.9165999999999
2025-11-23 22:00:00,2025,11,23,22,6,-5,AECO,920.1442
2025-11-23 23:00:00,2025,11,23,23,6,-5,AECO,880.6798000000001
2025-11-24 00:00:00,2025,11,24,0,0,-4,AECO,838.559
2025-11-24 01:00:00,2025,11,24,1,0,-4,AECO,814.9812
2025-11-24 02:00:00,2025,11,24,2,0,-4,AECO,803.4254
2025-11-24 03:00:00,2025,11,24,3,0,-4,AECO,807.2226
2025-11-24 04:00:00,2025,11,24,4,0,-4,AECO,826.8964
2025-11-24 05:00:00,2025,11,24,5,0,-4,AECO,880.4096
2025-11-24 06:00:00,2025,11,24,6,0,-4,AECO,966.3281999999999
2025-11-24 07:00:00,2025,11,24,7,0,-4,AECO,997.8242
2025-11-24 08:00:00,2025,11,24,8,0,-4,AECO,944.949
2025-11-24 09:00:00,2025,11,24,9,0,-4,AECO,881.9062
2025-11-24 10:00:00,2025,11,24,10,0,-4,AECO,823.1485999999999
2025-11-24 11:00:00,2025,11,24,11,0,-4,AECO,778.3594
2025-11-24 12:00:00,2025,11,24,12,0,-4,AECO,756.7801999999999
2025-11-24 13:00:00,2025,11,24,13,0,-4,AECO,793.2776
2025-11-24 14:00:00,2025,11,24,14,0,-4,AECO,849.2008
2025-11-24 15:00:00,2025,11,24,15,0,-4,AECO,921.2212
2025-11-24 16:00:00,2025,11,24,16,0,-4,AECO,1031.6276
2025-11-24 17:00:00,2025,11,24,17,0,-4,AECO,1139.8726000000001
2025-11-24 18:00:00,2025,11,24,18,0,-4,AECO,1149.9402
2025-11-24 19:00:00,2025,11,24,19,0,-4,AECO,1128.9108
2025-11-24 20:00:00,2025,11,24,20,0,-4,AECO,1089.9744
2025-11-24 21:00:00,2025,11,24,21,0,-4,AECO,1054.1704
2025-11-24 22:00:00,2025,11,24,22,0,-4,AECO,969.2564
2025-11-24 23:00:00,2025,11,24,23,0,-4,AECO,920.5722
2025-11-25 00:00:00,2025,11,25,0,1,-3,AECO,874.883
2025-11-25 01:00:00,2025,11,25,1,1,-3,AECO,852.6402
2025-11-25 02:00:00,2025,11,25,2,1,-3,AECO,836.9083999999999
2025-11-25 03:00:00,2025,11,25,3,1,-3,AECO,839.5874
2025-11-25 04:00:00,2025,11,25,4,1,-3,AECO,856.958
2025-11-25 05:00:00,2025,11,25,5,1,-3,AECO,908.8620000000001
2025-11-25 06:00:00,2025,11,25,6,1,-3,AECO,990.7184
2025-11-25 07:00:00,2025,11,25,7,1,-3,AECO,1012.784
2025-11-25 08:00:00,2025,11,25,8,1,-3,AECO,962.7554
2025-11-25 09:00:00,2025,11,25,9,1,-3,AECO,902.5745999999999
2025-11-25 10:00:00,2025,11,25,10,1,-3,AECO,843.7328
2025-11-25 11:00:00,2025,11,25,11,1,-3,AECO,819.0505999999999
2025-11-25 12:00:00,2025,11,25,12,1,-3,AECO,801.4678
2025-11-25 13:00:00,2025,11,25,13,1,-3,AECO,820.4673999999999
2025-11-25 14:00:00,2025,11,25,14,1,-3,AECO,870.574
2025-11-25 15:00:00,2025,11,25,15,1,-3,AECO,948.824
2025-11-25 16:00:00,2025,11,25,16,1,-3,AECO,1048.5902
2025-11-25 17:00:00,2025,11,25,17,1,-3,AECO,1136.7892
2025-11-25 18:00:00,2025,11,25,18,1,-3,AECO,1145.1474
2025-11-25 19:00:00,2025,11,25,19,1,-3,AECO,1128.0984
2025-11-25 20:00:00,2025,11,25,20,1,-3,AECO,1096.5818
2025-11-25 21:00:00,2025,11,25,21,1,-3,AECO,1056.1188
2025-11-25 22:00:00,2025,11,25,22,1,-3,AECO,971.1497999999999
2025-11-25 23:00:00,2025,11,25,23,1,-3,AECO,924.9706
2025-11-26 00:00:00,2025,11,26,0,2,-2,AECO,867.9293
2025-11-26 01:00:00,2025,11,26,1,2,-2,AECO,844.1557
2025-11-26 02:00:00,2025,11,26,2,2,-2,AECO,831.6151
2025-11-26 03:00:00,2025,11,26,3,2,-2,AECO,831.5381
2025-11-26 04:00:00,2025,11,26,4,2,-2,AECO,849.9259
2025-11-26 05:00:00,2025,11,26,5,2,-2,AECO,897.5153
2025-11-26 06:00:00,2025,11,26,6,2,-2,AECO,974.1572
2025-11-26 07:00:00,2025,11,26,7,2,-2,AECO,998.1433000000001
2025-11-26 08:00:00,2025,11,26,8,2,-2,AECO,946.7787000000001
2025-11-26 09:00:00,2025,11,26,9,2,-2,AECO,878.6851
2025-11-26 10:00:00,2025,11,26,10,2,-2,AECO,825.5056000000001
2025-11-26 11:00:00,2025,11,26,11,2,-2,AECO,786.9014999999999
2025-11-26 12:00:00,2025,11,26,12,2,-2,AECO,792.4721
2025-11-26 13:00:00,2025,11,26,13,2,-2,AECO,809.7180999999999
2025-11-26 14:00:00,2025,11,26,14,2,-2,AECO,859.7305
2025-11-26 15:00:00,2025,11,26,15,2,-2,AECO,923.6755999999999
2025-11-26 16:00:00,2025,11,26,16,2,-2,AECO,1034.3184999999999
2025-11-26 17:00:00,2025,11,26,17,2,-2,AECO,1116.3784
2025-11-26 18:00:00,2025,11,26,18,2,-2,AECO,1116.4792
2025-11-26 19:00:00,2025,11,26,19,2,-2,AECO,1097.2406999999998
2025-11-26 20:00:00,2025,11,26,20,2,-2,AECO,1059.4711
2025-11-26 21:00:00,2025,11,26,21,2,-2,AECO,1019.7003000000001
2025-11-26 22:00:00,2025,11,26,22,2,-2,AECO,955.1818
2025-11-26 23:00:00,2025,11,26,23,2,-2,AECO,902.3506
2025-11-27 00:00:00,2025,11,27,0,3,-1,AECO,856.4354999999999
2025-11-27 01:00:00,2025,11,27,1,3,-1,AECO,829.7232
2025-11-27 02:00:00,2025,11,27,2,3,-1,AECO,812.5585
2025-11-27 03:00:00,2025,11,27,3,3,-1,AECO,809.9149
2025-11-27 04:00:00,2025,11,27,4,3,-1,AECO,822.2682000000001
2025-11-27 05:00:00,2025,11,27,5,3,-1,AECO,852.3288
2025-11-27 06:00:00,2025,11,27,6,3,-1,AECO,914.8372999999999
2025-11-27 07:00:00,2025,11,27,7,3,-1,AECO,929.2353999999999
2025-11-27 08:00:00,2025,11,27,8,3,-1,AECO,904.1065000000001
2025-11-27 09:00:00,2025,11,27,9,3,-1,AECO,862.9486999999999
2025-11-27 10:00:00,2025,11,27,10,3,-1,AECO,818.8939
2025-11-27 11:00:00,2025,11,27,11,3,-1,AECO,810.1059
2025-11-27 12:00:00,2025,11,27,12,3,-1,AECO,800.6192
2025-11-27 13:00:00,2025,11,27,13,3,-1,AECO,829.3187
2025-11-27 14:00:00,2025,11,27,14,3,-1,AECO,864.4516
2025-11-27 15:00:00,2025,11,27,15,3,-1,AECO,922.4468
2025-11-27 16:00:00,2025,11,27,16,3,-1,AECO,981.0726000000001
2025-11-27 17:00:00,2025,11,27,17,3,-1,AECO,1046.3037
2025-11-27 18:00:00,2025,11,27,18,3,-1,AECO,1039.1662000000001
2025-11-27 19:00:00,2025,11,27,19,3,-1,AECO,1026.7387
2025-11-27 20:00:00,2025,11,27,20,3,-1,AECO,1004.0415999999999
2025-11-27 21:00:00,2025,11,27,21,3,-1,AECO,969.4948
2025-11-27 22:00:00,2025,11,27,22,3,-1,AECO,917.2358
2025-11-27 23:00:00,2025,11,27,23,3,-1,AECO,875.5381
2025-11-28 00:00:00,2025,11,28,0,4,0,AECO,836.0917
2025-11-28 01:00:00,2025,11,28,1,4,0,AECO,810.3402
2025-11-28 02:00:00,2025,11,28,2,4,0,AECO,799.8810000000001
2025-11-28 03:00:00,2025,11,28,3,4,0,AECO,801.7167999999999
2025-11-28 04:00:00,2025,11,28,4,4,0,AECO,818.1458
2025-11-28 05:00:00,2025,11,28,5,4,0,AECO,856.7561
2025-11-28 06:00:00,2025,11,28,6,4,0,AECO,915.0357
2025-11-28 07:00:00,2025,11,28,7,4,0,AECO,930.1970000000001
2025-11-28 08:00:00,2025,11,28,8,4,0,AECO,883.6011000000001
2025-11-28 09:00:00,2025,11,28,9,4,0,AECO,833.1004
2025-11-28 10:00:00,2025,11,28,10,4,0,AECO,797.9141
2025-11-28 11:00:00,2025,11,28,11,4,0,AECO,781.4739
2025-11-28 12:00:00,2025,11,28,12,4,0,AECO,784.4429
2025-11-28 13:00:00,2025,11,28,13,4,0,AECO,811.2031
2025-11-28 14:00:00,2025,11,28,14,4,0,AECO,866.1293
2025-11-28 15:00:00,2025,11,28,15,4,0,AECO,933.8249
2025-11-28 16:00:00,2025,11,28,16,4,0,AECO,1020.4954000000001
2025-11-28 17:00:00,2025,11,28,17,4,0,AECO,1102.0989
2025-11-28 18:00:00,2025,11,28,18,4,0,AECO,1101.3094999999998
2025-11-28 19:00:00,2025,11,28,19,4,0,AECO,1084.1691
2025-11-28 20:00:00,2025,11,28,20,4,0,AECO,1055.7956
2025-11-28 21:00:00,2025,11,28,21,4,0,AECO,1028.0377
2025-11-28 22:00:00,2025,11,28,22,4,0,AECO,974.2257
2025-11-28 23:00:00,2025,11,28,23,4,0,AECO,902.6091
2025-11-19 00:00:00,2025,11,19,0,2,-9,AEPAPT,4285.1902
2025-11-19 01:00:00,2025,11,19,1,2,-9,AEPAPT,4249.6929
2025-11-19 02:00:00,2025,11,19,2,2,-9,AEPAPT,4256.291
2025-11-19 03:00:00,2025,11,19,3,2,-9,AEPAPT,4296.0677
2025-11-19 04:00:00,2025,11,19,4,2,-9,AEPAPT,4399.222100000001
2025-11-19 05:00:00,2025,11,19,5,2,-9,AEPAPT,4598.1371
2025-11-19 06:00:00,2025,11,19,6,2,-9,AEPAPT,4893.7554
2025-11-19 07:00:00,2025,11,19,7,2,-9,AEPAPT,5047.746499999999
2025-11-19 08:00:00,2025,11,19,8,2,-9,AEPAPT,4993.869199999999
2025-11-19 09:00:00,2025,11,19,9,2,-9,AEPAPT,4793.657499999999
2025-11-19 10:00:00,2025,11,19,10,2,-9,AEPAPT,4613.8241
2025-11-19 11:00:00,2025,11,19,11,2,-9,AEPAPT,4460.5018
2025-11-19 12:00:00,2025,11,19,12,2,-9,AEPAPT,4325.1803
2025-11-19 13:00:00,2025,11,19,13,2,-9,AEPAPT,4255.0021
2025-11-19 14:00:00,2025,11,19,14,2,-9,AEPAPT,4215.6091
2025-11-19 15:00:00,2025,11,19,15,2,-9,AEPAPT,4202.2985
2025-11-19 16:00:00,2025,11,19,16,2,-9,AEPAPT,4292.012000000001
2025-11-19 17:00:00,2025,11,19,17,2,-9,AEPAPT,4501.6683
2025-11-19 18:00:00,2025,11,19,18,2,-9,AEPAPT,4599.843
2025-11-19 19:00:00,2025,11,19,19,2,-9,AEPAPT,4617.4634
2025-11-19 20:00:00,2025,11,19,20,2,-9,AEPAPT,4606.419800000001
2025-11-19 21:00:00,2025,11,19,21,2,-9,AEPAPT,4533.0687
2025-11-19 22:00:00,2025,11,19,22,2,-9,AEPAPT,4399.8599
2025-11-19 23:00:00,2025,11,19,23,2,-9,AEPAPT,4259.2604
2025-11-20 00:00:00,2025,11,20,0,3,-8,AEPAPT,4162.551
2025-11-20 01:00:00,2025,11,20,1,3,-8,AEPAPT,4116.643
2025-11-20 02:00:00,2025,11,20,2,3,-8,AEPAPT,4113.5788999999995
2025-11-20 03:00:00,2025,11,20,3,3,-8,AEPAPT,4125.004800000001
2025-11-20 04:00:00,2025,11,20,4,3,-8,AEPAPT,4225.5314
2025-11-20 05:00:00,2025,11,20,5,3,-8,AEPAPT,4404.0062
2025-11-20 06:00:00,2025,11,20,6,3,-8,AEPAPT,4664.1119
2025-11-20 07:00:00,2025,11,20,7,3,-8,AEPAPT,4819.848
2025-11-20 08:00:00,2025,11,20,8,3,-8,AEPAPT,4789.8139
2025-11-20 09:00:00,2025,11,20,9,3,-8,AEPAPT,4638.3103
2025-11-20 10:00:00,2025,11,20,10,3,-8,AEPAPT,4506.157
2025-11-20 11:00:00,2025,11,20,11,3,-8,AEPAPT,4397.0079
2025-11-20 12:00:00,2025,11,20,12,3,-8,AEPAPT,4274.8768
2025-11-20 13:00:00,2025,11,20,13,3,-8,AEPAPT,4155.627
2025-11-20 14:00:00,2025,11,20,14,3,-8,AEPAPT,4069.0978000000005
2025-11-20 15:00:00,2025,11,20,15,3,-8,AEPAPT,4022.1312
2025-11-20 16:00:00,2025,11,20,16,3,-8,AEPAPT,4081.2794999999996
2025-11-20 17:00:00,2025,11,20,17,3,-8,AEPAPT,4267.995000000001
2025-11-20 18:00:00,2025,11,20,18,3,-8,AEPAPT,4362.0791
2025-11-20 19:00:00,2025,11,20,19,3,-8,AEPAPT,4389.6129
2025-11-20 20:00:00,2025,11,20,20,3,-8,AEPAPT,4412.4517
2025-11-20 21:00:00,2025,11,20,21,3,-8,AEPAPT,4375.7555
2025-11-20 22:00:00,2025,11,20,22,3,-8,AEPAPT,4285.7146999999995
2025-11-20 23:00:00,2025,11,20,23,3,-8,AEPAPT,4176.507299999999
2025-11-21 00:00:00,2025,11,21,0,4,-7,AEPAPT,4107.7208
2025-11-21 01:00:00,2025,11,21,1,4,-7,AEPAPT,4085.5652999999998
2025-11-21 02:00:00,2025,11,21,2,4,-7,AEPAPT,4093.1386999999995
2025-11-21 03:00:00,2025,11,21,3,4,-7,AEPAPT,4132.484399999999
2025-11-21 04:00:00,2025,11,21,4,4,-7,AEPAPT,4221.6483
2025-11-21 05:00:00,2025,11,21,5,4,-7,AEPAPT,4394.3760999999995
2025-11-21 06:00:00,2025,11,21,6,4,-7,AEPAPT,4652.0391
2025-11-21 07:00:00,2025,11,21,7,4,-7,AEPAPT,4790.4673999999995
2025-11-21 08:00:00,2025,11,21,8,4,-7,AEPAPT,4769.7604
2025-11-21 09:00:00,2025,11,21,9,4,-7,AEPAPT,4665.257
2025-11-21 10:00:00,2025,11,21,10,4,-7,AEPAPT,4560.9341
2025-11-21 11:00:00,2025,11,21,11,4,-7,AEPAPT,4447.563400000001
2025-11-21 12:00:00,2025,11,21,12,4,-7,AEPAPT,4363.0762
2025-11-21 13:00:00,2025,11,21,13,4,-7,AEPAPT,4288.782099999999
2025-11-21 14:00:00,2025,11,21,14,4,-7,AEPAPT,4236.4308
2025-11-21 15:00:00,2025,11,21,15,4,-7,AEPAPT,4230.753500000001
2025-11-21 16:00:00,2025,11,21,16,4,-7,AEPAPT,4344.1131000000005
2025-11-21 17:00:00,2025,11,21,17,4,-7,AEPAPT,4573.9263
2025-11-21 18:00:00,2025,11,21,18,4,-7,AEPAPT,4669.503900000001
2025-11-21 19:00:00,2025,11,21,19,4,-7,AEPAPT,4677.9791
2025-11-21 20:00:00,2025,11,21,20,4,-7,AEPAPT,4668.3969
2025-11-21 21:00:00,2025,11,21,21,4,-7,AEPAPT,4614.1026
2025-11-21 22:00:00,2025,11,21,22,4,-7,AEPAPT,4512.7371
2025-11-21 23:00:00,2025,11,21,23,4,-7,AEPAPT,4390.4873
2025-11-22 00:00:00,2025,11,22,0,5,-6,AEPAPT,4334.6036
2025-11-22 01:00:00,2025,11,22,1,5,-6,AEPAPT,4300.049
2025-11-22 02:00:00,2025,11,22,2,5,-6,AEPAPT,4296.6314
2025-11-22 03:00:00,2025,11,22,3,5,-6,AEPAPT,4325.194
2025-11-22 04:00:00,2025,11,22,4,5,-6,AEPAPT,4392.6248
2025-11-22 05:00:00,2025,11,22,5,5,-6,AEPAPT,4502.3924
2025-11-22 06:00:00,2025,11,22,6,5,-6,AEPAPT,4645.9734
2025-11-22 07:00:00,2025,11,22,7,5,-6,AEPAPT,4760.049000000001
2025-11-22 08:00:00,2025,11,22,8,5,-6,AEPAPT,4761.7278
2025-11-22 09:00:00,2025,11,22,9,5,-6,AEPAPT,4652.9396
2025-11-22 10:00:00,2025,11,22,10,5,-6,AEPAPT,4519.6813999999995
2025-11-22 11:00:00,2025,11,22,11,5,-6,AEPAPT,4368.4606
2025-11-22 12:00:00,2025,11,22,12,5,-6,AEPAPT,4232.9784
2025-11-22 13:00:00,2025,11,22,13,5,-6,AEPAPT,4117.951
2025-11-22 14:00:00,2025,11,22,14,5,-6,AEPAPT,4048.4502
2025-11-22 15:00:00,2025,11,22,15,5,-6,AEPAPT,4037.8599999999997
2025-11-22 16:00:00,2025,11,22,16,5,-6,AEPAPT,4163.293
2025-11-22 17:00:00,2025,11,22,17,5,-6,AEPAPT,4408.5406
2025-11-22 18:00:00,2025,11,22,18,5,-6,AEPAPT,4510.312400000001
2025-11-22 19:00:00,2025,11,22,19,5,-6,AEPAPT,4532.582
2025-11-22 20:00:00,2025,11,22,20,5,-6,AEPAPT,4531.7408
2025-11-22 21:00:00,2025,11,22,21,5,-6,AEPAPT,4485.8802
2025-11-22 22:00:00,2025,11,22,22,5,-6,AEPAPT,4407.2234
2025-11-22 23:00:00,2025,11,22,23,5,-6,AEPAPT,4311.912200000001
2025-11-23 00:00:00,2025,11,23,0,6,-5,AEPAPT,4248.873799999999
2025-11-23 01:00:00,2025,11,23,1,6,-5,AEPAPT,4240.2808
2025-11-23 02:00:00,2025,11,23,2,6,-5,AEPAPT,4267.0196
2025-11-23 03:00:00,2025,11,23,3,6,-5,AEPAPT,4307.546
2025-11-23 04:00:00,2025,11,23,4,6,-5,AEPAPT,4377.8588
2025-11-23 05:00:00,2025,11,23,5,6,-5,AEPAPT,4488.7588000000005
2025-11-23 06:00:00,2025,11,23,6,6,-5,AEPAPT,4628.55
2025-11-23 07:00:00,2025,11,23,7,6,-5,AEPAPT,4775.4331999999995
2025-11-23 08:00:00,2025,11,23,8,6,-5,AEPAPT,4803.8686
2025-11-23 09:00:00,2025,11,23,9,6,-5,AEPAPT,4636.844800000001
2025-11-23 10:00:00,2025,11,23,10,6,-5,AEPAPT,4408.8644
2025-11-23 11:00:00,2025,11,23,11,6,-5,AEPAPT,4218.0898
2025-11-23 12:00:00,2025,11,23,12,6,-5,AEPAPT,4112.6652
2025-11-23 13:00:00,2025,11,23,13,6,-5,AEPAPT,3998.1146
2025-11-23 14:00:00,2025,11,23,14,6,-5,AEPAPT,3946.6099999999997
2025-11-23 15:00:00,2025,11,23,15,6,-5,AEPAPT,3960.0634000000005
2025-11-23 16:00:00,2025,11,23,16,6,-5,AEPAPT,4098.0464
2025-11-23 17:00:00,2025,11,23,17,6,-5,AEPAPT,4368.6508
2025-11-23 18:00:00,2025,11,23,18,6,-5,AEPAPT,4486.7142
2025-11-23 19:00:00,2025,11,23,19,6,-5,AEPAPT,4508.433800000001
2025-11-23 20:00:00,2025,11,23,20,6,-5,AEPAPT,4495.2672
2025-11-23 21:00:00,2025,11,23,21,6,-5,AEPAPT,4427.9614
2025-11-23 22:00:00,2025,11,23,22,6,-5,AEPAPT,4336.2042
2025-11-23 23:00:00,2025,11,23,23,6,-5,AEPAPT,4243.7536
2025-11-24 00:00:00,2025,11,24,0,0,-4,AEPAPT,4203.6998
2025-11-24 01:00:00,2025,11,24,1,0,-4,AEPAPT,4216.1966
2025-11-24 02:00:00,2025,11,24,2,0,-4,AEPAPT,4262.4368
2025-11-24 03:00:00,2025,11,24,3,0,-4,AEPAPT,4323.7466
2025-11-24 04:00:00,2025,11,24,4,0,-4,AEPAPT,4445.3578
2025-11-24 05:00:00,2025,11,24,5,0,-4,AEPAPT,4668.591399999999
2025-11-24 06:00:00,2025,11,24,6,0,-4,AEPAPT,4990.1356
2025-11-24 07:00:00,2025,11,24,7,0,-4,AEPAPT,5164.5214
2025-11-24 08:00:00,2025,11,24,8,0,-4,AEPAPT,5066.9676
2025-11-24 09:00:00,2025,11,24,9,0,-4,AEPAPT,4855.7447999999995
2025-11-24 10:00:00,2025,11,24,10,0,-4,AEPAPT,4674.0454
2025-11-24 11:00:00,2025,11,24,11,0,-4,AEPAPT,4505.1218
2025-11-24 12:00:00,2025,11,24,12,0,-4,AEPAPT,4367.986800000001
2025-11-24 13:00:00,2025,11,24,13,0,-4,AEPAPT,4281.0138
2025-11-24 14:00:00,2025,11,24,14,0,-4,AEPAPT,4222.9528
2025-11-24 15:00:00,2025,11,24,15,0,-4,AEPAPT,4219.2566
2025-11-24 16:00:00,2025,11,24,16,0,-4,AEPAPT,4345.4057999999995
2025-11-24 17:00:00,2025,11,24,17,0,-4,AEPAPT,4602.8894
2025-11-24 18:00:00,2025,11,24,18,0,-4,AEPAPT,4729.1832
2025-11-24 19:00:00,2025,11,24,19,0,-4,AEPAPT,4760.0842
2025-11-24 20:00:00,2025,11,24,20,0,-4,AEPAPT,4740.1172
2025-11-24 21:00:00,2025,11,24,21,0,-4,AEPAPT,4659.1684000000005
2025-11-24 22:00:00,2025,11,24,22,0,-4,AEPAPT,4528.3074
2025-11-24 23:00:00,2025,11,24,23,0,-4,AEPAPT,4416.181
2025-11-25 00:00:00,2025,11,25,0,1,-3,AEPAPT,4352.626
2025-11-25 01:00:00,2025,11,25,1,1,-3,AEPAPT,4351.6524
2025-11-25 02:00:00,2025,11,25,2,1,-3,AEPAPT,4370.767
2025-11-25 03:00:00,2025,11,25,3,1,-3,AEPAPT,4413.2300000000005
2025-11-25 04:00:00,2025,11,25,4,1,-3,AEPAPT,4517.7300000000005
2025-11-25 05:00:00,2025,11,25,5,1,-3,AEPAPT,4736.2682
2025-11-25 06:00:00,2025,11,25,6,1,-3,AEPAPT,5048.947
2025-11-25 07:00:00,2025,11,25,7,1,-3,AEPAPT,5226.8616
2025-11-25 08:00:00,2025,11,25,8,1,-3,AEPAPT,5157.9508000000005
2025-11-25 09:00:00,2025,11,25,9,1,-3,AEPAPT,4946.552
2025-11-25 10:00:00,2025,11,25,10,1,-3,AEPAPT,4755.2746
2025-11-25 11:00:00,2025,11,25,11,1,-3,AEPAPT,4571.077
2025-11-25 12:00:00,2025,11,25,12,1,-3,AEPAPT,4431.9908000000005
2025-11-25 13:00:00,2025,11,25,13,1,-3,AEPAPT,4355.6846000000005
2025-11-25 14:00:00,2025,11,25,14,1,-3,AEPAPT,4299.3364
2025-11-25 15:00:00,2025,11,25,15,1,-3,AEPAPT,4281.1254
2025-11-25 16:00:00,2025,11,25,16,1,-3,AEPAPT,4394.0364
2025-11-25 17:00:00,2025,11,25,17,1,-3,AEPAPT,4642.653
2025-11-25 18:00:00,2025,11,25,18,1,-3,AEPAPT,4760.6856
2025-11-25 19:00:00,2025,11,25,19,1,-3,AEPAPT,4788.9792
2025-11-25 20:00:00,2025,11,25,20,1,-3,AEPAPT,4783.1568
2025-11-25 21:00:00,2025,11,25,21,1,-3,AEPAPT,4721.9188
2025-11-25 22:00:00,2025,11,25,22,1,-3,AEPAPT,4616.662
2025-11-25 23:00:00,2025,11,25,23,1,-3,AEPAPT,4513.1230000000005
2025-11-26 00:00:00,2025,11,26,0,2,-2,AEPAPT,4285.1902
2025-11-26 01:00:00,2025,11,26,1,2,-2,AEPAPT,4249.6929
2025-11-26 02:00:00,2025,11,26,2,2,-2,AEPAPT,4256.291
2025-11-26 03:00:00,2025,11,26,3,2,-2,AEPAPT,4296.0677
2025-11-26 04:00:00,2025,11,26,4,2,-2,AEPAPT,4399.222100000001
2025-11-26 05:00:00,2025,11,26,5,2,-2,AEPAPT,4598.1371
2025-11-26 06:00:00,2025,11,26,6,2,-2,AEPAPT,4893.7554
2025-11-26 07:00:00,2025,11,26,7,2,-2,AEPAPT,5047.746499999999
2025-11-26 08:00:00,2025,11,26,8,2,-2,AEPAPT,4993.869199999999
2025-11-26 09:00:00,2025,11,26,9,2,-2,AEPAPT,4793.657499999999
2025-11-26 10:00:00,2025,11,26,10,2,-2,AEPAPT,4613.8241
2025-11-26 11:00:00,2025,11,26,11,2,-2,AEPAPT,4460.5018
2025-11-26 12:00:00,2025,11,26,12,2,-2,AEPAPT,4325.1803
2025-11-26 13:00:00,2025,11,26,13,2,-2,AEPAPT,4255.0021
2025-11-26 14:00:00,2025,11,26,14,2,-2,AEPAPT,4215.6091
2025-11-26 15:00:00,2025,11,26,15,2,-2,AEPAPT,4202.2985
2025-11-26 16:00:00,2025,11,26,16,2,-2,AEPAPT,4292.012000000001
2025-11-26 17:00:00,2025,11,26,17,2,-2,AEPAPT,4501.6683
2025-11-26 18:00:00,2025,11,26,18,2,-2,AEPAPT,4599.843
2025-11-26 19:00:00,2025,11,26,19,2,-2,AEPAPT,4617.4634
2025-11-26 20:00:00,2025,11,26,20,2,-2,AEPAPT,4606.419800000001
2025-11-26 21:00:00,2025,11,26,21,2,-2,AEPAPT,4533.0687
2025-11-26 22:00:00,2025,11,26,22,2,-2,AEPAPT,4399.8599
2025-11-26 23:00:00,2025,11,26,23,2,-2,AEPAPT,4259.2604
2025-11-27 00:00:00,2025,11,27,0,3,-1,AEPAPT,4162.551
2025-11-27 01:00:00,2025,11,27,1,3,-1,AEPAPT,4116.643
2025-11-27 02:00:00,2025,11,27,2,3,-1,AEPAPT,4113.5788999999995
2025-11-27 03:00:00,2025,11,27,3,3,-1,AEPAPT,4125.004800000001
2025-11-27 04:00:00,2025,11,27,4,3,-1,AEPAPT,4225.5314
2025-11-27 05:00:00,2025,11,27,5,3,-1,AEPAPT,4404.0062
2025-11-27 06:00:00,2025,11,27,6,3,-1,AEPAPT,4664.1119
2025-11-27 07:00:00,2025,11,27,7,3,-1,AEPAPT,4819.848
2025-11-27 08:00:00,2025,11,27,8,3,-1,AEPAPT,4789.8139
2025-11-27 09:00:00,2025,11,27,9,3,-1,AEPAPT,4638.3103
2025-11-27 10:00:00,2025,11,27,10,3,-1,AEPAPT,4506.157
2025-11-27 11:00:00,2025,11,27,11,3,-1,AEPAPT,4397.0079
2025-11-27 12:00:00,2025,11,27,12,3,-1,AEPAPT,4274.8768
2025-11-27 13:00:00,2025,11,27,13,3,-1,AEPAPT,4155.627
2025-11-27 14:00:00,2025,11,27,14,3,-1,AEPAPT,4069.0978000000005
2025-11-27 15:00:00,2025,11,27,15,3,-1,AEPAPT,4022.1312
2025-11-27 16:00:00,2025,11,27,16,3,-1,AEPAPT,4081.2794999999996
2025-11-27 17:00:00,2025,11,27,17,3,-1,AEPAPT,4267.995000000001
2025-11-27 18:00:00,2025,11,27,18,3,-1,AEPAPT,4362.0791
2025-11-27 19:00:00,2025,11,27,19,3,-1,AEPAPT,4389.6129
2025-11-27 20:00:00,2025,11,27,20,3,-1,AEPAPT,4412.4517
2025-11-27 21:00:00,2025,11,27,21,3,-1,AEPAPT,4375.7555
2025-11-27 22:00:00,2025,11,27,22,3,-1,AEPAPT,4285.7146999999995
2025-11-27 23:00:00,2025,11,27,23,3,-1,AEPAPT,4176.507299999999
2025-11-28 00:00:00,2025,11,28,0,4,0,AEPAPT,4107.7208
2025-11-28 01:00:00,2025,11,28,1,4,0,AEPAPT,4085.5652999999998
2025-11-28 02:00:00,2025,11,28,2,4,0,AEPAPT,4093.1386999999995
2025-11-28 03:00:00,2025,11,28,3,4,0,AEPAPT,4132.484399999999
2025-11-28 04:00:00,2025,11,28,4,4,0,AEPAPT,4221.6483
2025-11-28 05:00:00,2025,11,28,5,4,0,AEPAPT,4394.3760999999995
2025-11-28 06:00:00,2025,11,28,6,4,0,AEPAPT,4652.0391
2025-11-28 07:00:00,2025,11,28,7,4,0,AEPAPT,4790.4673999999995
2025-11-28 08:00:00,2025,11,28,8,4,0,AEPAPT,4769.7604
2025-11-28 09:00:00,2025,11,28,9,4,0,AEPAPT,4665.257
2025-11-28 10:00:00,2025,11,28,10,4,0,AEPAPT,4560.9341
2025-11-28 11:00:00,2025,11,28,11,4,0,AEPAPT,4447.563400000001
2025-11-28 12:00:00,2025,11,28,12,4,0,AEPAPT,4363.0762
2025-11-28 13:00:00,2025,11,28,13,4,0,AEPAPT,4288.782099999999
2025-11-28 14:00:00,2025,11,28,14,4,0,AEPAPT,4236.4308
2025-11-28 15:00:00,2025,11,28,15,4,0,AEPAPT,4230.753500000001
2025-11-28 16:00:00,2025,11,28,16,4,0,AEPAPT,4344.1131000000005
2025-11-28 17:00:00,2025,11,28,17,4,0,AEPAPT,4573.9263
2025-11-28 18:00:00,2025,11,28,18,4,0,AEPAPT,4669.503900000001
2025-11-28 19:00:00,2025,11,28,19,4,0,AEPAPT,4677.9791
2025-11-28 20:00:00,2025,11,28,20,4,0,AEPAPT,4668.3969
2025-11-28 21:00:00,2025,11,28,21,4,0,AEPAPT,4614.1026
2025-11-28 22:00:00,2025,11,28,22,4,0,AEPAPT,4512.7371
2025-11-28 23:00:00,2025,11,28,23,4,0,AEPAPT,4390.4873
2025-11-19 00:00:00,2025,11,19,0,2,-9,AEPIMP,2811.9521
2025-11-19 01:00:00,2025,11,19,1,2,-9,AEPIMP,2760.371
2025-11-19 02:00:00,2025,11,19,2,2,-9,AEPIMP,2754.0248
2025-11-19 03:00:00,2025,11,19,3,2,-9,AEPIMP,2743.1998
2025-11-19 04:00:00,2025,11,19,4,2,-9,AEPIMP,2806.4165000000003
2025-11-19 05:00:00,2025,11,19,5,2,-9,AEPIMP,2921.2449
2025-11-19 06:00:00,2025,11,19,6,2,-9,AEPIMP,3099.8921
2025-11-19 07:00:00,2025,11,19,7,2,-9,AEPIMP,3218.7673999999997
2025-11-19 08:00:00,2025,11,19,8,2,-9,AEPIMP,3237.4100000000003
2025-11-19 09:00:00,2025,11,19,9,2,-9,AEPIMP,3220.7745
2025-11-19 10:00:00,2025,11,19,10,2,-9,AEPIMP,3215.9272
2025-11-19 11:00:00,2025,11,19,11,2,-9,AEPIMP,3178.6018
2025-11-19 12:00:00,2025,11,19,12,2,-9,AEPIMP,3148.3383999999996
2025-11-19 13:00:00,2025,11,19,13,2,-9,AEPIMP,3120.5114999999996
2025-11-19 14:00:00,2025,11,19,14,2,-9,AEPIMP,3067.5132999999996
2025-11-19 15:00:00,2025,11,19,15,2,-9,AEPIMP,3028.3707999999997
2025-11-19 16:00:00,2025,11,19,16,2,-9,AEPIMP,3039.4124
2025-11-19 17:00:00,2025,11,19,17,2,-9,AEPIMP,3135.7385999999997
2025-11-19 18:00:00,2025,11,19,18,2,-9,AEPIMP,3131.4915
2025-11-19 19:00:00,2025,11,19,19,2,-9,AEPIMP,3099.8794
2025-11-19 20:00:00,2025,11,19,20,2,-9,AEPIMP,3077.6201
2025-11-19 21:00:00,2025,11,19,21,2,-9,AEPIMP,3027.9924
2025-11-19 22:00:00,2025,11,19,22,2,-9,AEPIMP,2914.0123
2025-11-19 23:00:00,2025,11,19,23,2,-9,AEPIMP,2787.3705
2025-11-20 00:00:00,2025,11,20,0,3,-8,AEPIMP,2704.5224000000003
2025-11-20 01:00:00,2025,11,20,1,3,-8,AEPIMP,2635.0383
2025-11-20 02:00:00,2025,11,20,2,3,-8,AEPIMP,2625.8995999999997
2025-11-20 03:00:00,2025,11,20,3,3,-8,AEPIMP,2607.4906
2025-11-20 04:00:00,2025,11,20,4,3,-8,AEPIMP,2643.8010999999997
2025-11-20 05:00:00,2025,11,20,5,3,-8,AEPIMP,2737.0994
2025-11-20 06:00:00,2025,11,20,6,3,-8,AEPIMP,2872.2709
2025-11-20 07:00:00,2025,11,20,7,3,-8,AEPIMP,2947.3776000000003
2025-11-20 08:00:00,2025,11,20,8,3,-8,AEPIMP,2993.6251
2025-11-20 09:00:00,2025,11,20,9,3,-8,AEPIMP,3008.4941
2025-11-20 10:00:00,2025,11,20,10,3,-8,AEPIMP,3034.2271
2025-11-20 11:00:00,2025,11,20,11,3,-8,AEPIMP,3026.1650999999997
2025-11-20 12:00:00,2025,11,20,12,3,-8,AEPIMP,2995.0808
2025-11-20 13:00:00,2025,11,20,13,3,-8,AEPIMP,2948.98
2025-11-20 14:00:00,2025,11,20,14,3,-8,AEPIMP,2893.2738
2025-11-20 15:00:00,2025,11,20,15,3,-8,AEPIMP,2871.709
2025-11-20 16:00:00,2025,11,20,16,3,-8,AEPIMP,2890.7523
2025-11-20 17:00:00,2025,11,20,17,3,-8,AEPIMP,2960.6636
2025-11-20 18:00:00,2025,11,20,18,3,-8,AEPIMP,2980.9168
2025-11-20 19:00:00,2025,11,20,19,3,-8,AEPIMP,2954.5357
2025-11-20 20:00:00,2025,11,20,20,3,-8,AEPIMP,2928.3331000000003
2025-11-20 21:00:00,2025,11,20,21,3,-8,AEPIMP,2868.8724
2025-11-20 22:00:00,2025,11,20,22,3,-8,AEPIMP,2774.4389
2025-11-20 23:00:00,2025,11,20,23,3,-8,AEPIMP,2695.8521
2025-11-21 00:00:00,2025,11,21,0,4,-7,AEPIMP,2635.9859
2025-11-21 01:00:00,2025,11,21,1,4,-7,AEPIMP,2603.4785
2025-11-21 02:00:00,2025,11,21,2,4,-7,AEPIMP,2583.8337
2025-11-21 03:00:00,2025,11,21,3,4,-7,AEPIMP,2594.1913
2025-11-21 04:00:00,2025,11,21,4,4,-7,AEPIMP,2604.4941
2025-11-21 05:00:00,2025,11,21,5,4,-7,AEPIMP,2722.243
2025-11-21 06:00:00,2025,11,21,6,4,-7,AEPIMP,2864.844
2025-11-21 07:00:00,2025,11,21,7,4,-7,AEPIMP,2965.2912
2025-11-21 08:00:00,2025,11,21,8,4,-7,AEPIMP,3003.9797
2025-11-21 09:00:00,2025,11,21,9,4,-7,AEPIMP,3022.8865
2025-11-21 10:00:00,2025,11,21,10,4,-7,AEPIMP,3021.2734
2025-11-21 11:00:00,2025,11,21,11,4,-7,AEPIMP,3020.6719
2025-11-21 12:00:00,2025,11,21,12,4,-7,AEPIMP,2974.7022
2025-11-21 13:00:00,2025,11,21,13,4,-7,AEPIMP,2930.3761
2025-11-21 14:00:00,2025,11,21,14,4,-7,AEPIMP,2909.6099000000004
2025-11-21 15:00:00,2025,11,21,15,4,-7,AEPIMP,2910.1315
2025-11-21 16:00:00,2025,11,21,16,4,-7,AEPIMP,2948.9638999999997
2025-11-21 17:00:00,2025,11,21,17,4,-7,AEPIMP,3046.0525000000002
2025-11-21 18:00:00,2025,11,21,18,4,-7,AEPIMP,3058.5953
2025-11-21 19:00:00,2025,11,21,19,4,-7,AEPIMP,2997.4876
2025-11-21 20:00:00,2025,11,21,20,4,-7,AEPIMP,2959.7493
2025-11-21 21:00:00,2025,11,21,21,4,-7,AEPIMP,2882.3796
2025-11-21 22:00:00,2025,11,21,22,4,-7,AEPIMP,2787.794
2025-11-21 23:00:00,2025,11,21,23,4,-7,AEPIMP,2733.5107
2025-11-22 00:00:00,2025,11,22,0,5,-6,AEPIMP,2741.4304
2025-11-22 01:00:00,2025,11,22,1,5,-6,AEPIMP,2699.6074
2025-11-22 02:00:00,2025,11,22,2,5,-6,AEPIMP,2658.7776
2025-11-22 03:00:00,2025,11,22,3,5,-6,AEPIMP,2674.0
2025-11-22 04:00:00,2025,11,22,4,5,-6,AEPIMP,2695.1168000000002
2025-11-22 05:00:00,2025,11,22,5,5,-6,AEPIMP,2762.3095999999996
2025-11-22 06:00:00,2025,11,22,6,5,-6,AEPIMP,2824.4196
2025-11-22 07:00:00,2025,11,22,7,5,-6,AEPIMP,2900.986
2025-11-22 08:00:00,2025,11,22,8,5,-6,AEPIMP,2955.3078
2025-11-22 09:00:00,2025,11,22,9,5,-6,AEPIMP,2986.1940000000004
2025-11-22 10:00:00,2025,11,22,10,5,-6,AEPIMP,2980.8093999999996
2025-11-22 11:00:00,2025,11,22,11,5,-6,AEPIMP,2976.6354
2025-11-22 12:00:00,2025,11,22,12,5,-6,AEPIMP,2946.0628
2025-11-22 13:00:00,2025,11,22,13,5,-6,AEPIMP,2906.3666000000003
2025-11-22 14:00:00,2025,11,22,14,5,-6,AEPIMP,2873.953
2025-11-22 15:00:00,2025,11,22,15,5,-6,AEPIMP,2893.462
2025-11-22 16:00:00,2025,11,22,16,5,-6,AEPIMP,2917.196
2025-11-22 17:00:00,2025,11,22,17,5,-6,AEPIMP,3032.296
2025-11-22 18:00:00,2025,11,22,18,5,-6,AEPIMP,3062.8948
2025-11-22 19:00:00,2025,11,22,19,5,-6,AEPIMP,3028.198
2025-11-22 20:00:00,2025,11,22,20,5,-6,AEPIMP,2962.7992000000004
2025-11-22 21:00:00,2025,11,22,21,5,-6,AEPIMP,2894.7388
2025-11-22 22:00:00,2025,11,22,22,5,-6,AEPIMP,2819.2830000000004
2025-11-22 23:00:00,2025,11,22,23,5,-6,AEPIMP,2723.8972000000003
2025-11-23 00:00:00,2025,11,23,0,6,-5,AEPIMP,2657.7356
2025-11-23 01:00:00,2025,11,23,1,6,-5,AEPIMP,2629.9174
2025-11-23 02:00:00,2025,11,23,2,6,-5,AEPIMP,2611.4528
2025-11-23 03:00:00,2025,11,23,3,6,-5,AEPIMP,2597.4202
2025-11-23 04:00:00,2025,11,23,4,6,-5,AEPIMP,2635.6225999999997
2025-11-23 05:00:00,2025,11,23,5,6,-5,AEPIMP,2647.8022
2025-11-23 06:00:00,2025,11,23,6,6,-5,AEPIMP,2746.5158
2025-11-23 07:00:00,2025,11,23,7,6,-5,AEPIMP,2815.546
2025-11-23 08:00:00,2025,11,23,8,6,-5,AEPIMP,2877.0286
2025-11-23 09:00:00,2025,11,23,9,6,-5,AEPIMP,2911.5888
2025-11-23 10:00:00,2025,11,23,10,6,-5,AEPIMP,2911.4838
2025-11-23 11:00:00,2025,11,23,11,6,-5,AEPIMP,2912.4408
2025-11-23 12:00:00,2025,11,23,12,6,-5,AEPIMP,2876.5486
2025-11-23 13:00:00,2025,11,23,13,6,-5,AEPIMP,2834.8998
2025-11-23 14:00:00,2025,11,23,14,6,-5,AEPIMP,2805.3286
2025-11-23 15:00:00,2025,11,23,15,6,-5,AEPIMP,2831.2272
2025-11-23 16:00:00,2025,11,23,16,6,-5,AEPIMP,2870.9528
2025-11-23 17:00:00,2025,11,23,17,6,-5,AEPIMP,3032.9288
2025-11-23 18:00:00,2025,11,23,18,6,-5,AEPIMP,3096.7874
2025-11-23 19:00:00,2025,11,23,19,6,-5,AEPIMP,3098.5384000000004
2025-11-23 20:00:00,2025,11,23,20,6,-5,AEPIMP,3071.0492000000004
2025-11-23 21:00:00,2025,11,23,21,6,-5,AEPIMP,2990.9912
2025-11-23 22:00:00,2025,11,23,22,6,-5,AEPIMP,2952.0346
2025-11-23 23:00:00,2025,11,23,23,6,-5,AEPIMP,2860.3332
2025-11-24 00:00:00,2025,11,24,0,0,-4,AEPIMP,2817.8112
2025-11-24 01:00:00,2025,11,24,1,0,-4,AEPIMP,2748.7262
2025-11-24 02:00:00,2025,11,24,2,0,-4,AEPIMP,2724.9154000000003
2025-11-24 03:00:00,2025,11,24,3,0,-4,AEPIMP,2767.3428
2025-11-24 04:00:00,2025,11,24,4,0,-4,AEPIMP,2837.0266
2025-11-24 05:00:00,2025,11,24,5,0,-4,AEPIMP,3009.9608
2025-11-24 06:00:00,2025,11,24,6,0,-4,AEPIMP,3231.3988
2025-11-24 07:00:00,2025,11,24,7,0,-4,AEPIMP,3386.6776
2025-11-24 08:00:00,2025,11,24,8,0,-4,AEPIMP,3384.3254
2025-11-24 09:00:00,2025,11,24,9,0,-4,AEPIMP,3351.1812
2025-11-24 10:00:00,2025,11,24,10,0,-4,AEPIMP,3338.8453999999997
2025-11-24 11:00:00,2025,11,24,11,0,-4,AEPIMP,3311.9904
2025-11-24 12:00:00,2025,11,24,12,0,-4,AEPIMP,3295.0094
2025-11-24 13:00:00,2025,11,24,13,0,-4,AEPIMP,3263.621
2025-11-24 14:00:00,2025,11,24,14,0,-4,AEPIMP,3219.202
2025-11-24 15:00:00,2025,11,24,15,0,-4,AEPIMP,3181.3546
2025-11-24 16:00:00,2025,11,24,16,0,-4,AEPIMP,3214.418
2025-11-24 17:00:00,2025,11,24,17,0,-4,AEPIMP,3308.7980000000002
2025-11-24 18:00:00,2025,11,24,18,0,-4,AEPIMP,3349.9502
2025-11-24 19:00:00,2025,11,24,19,0,-4,AEPIMP,3302.3296
2025-11-24 20:00:00,2025,11,24,20,0,-4,AEPIMP,3240.4976
2025-11-24 21:00:00,2025,11,24,21,0,-4,AEPIMP,3140.4938
2025-11-24 22:00:00,2025,11,24,22,0,-4,AEPIMP,3016.1762
2025-11-24 23:00:00,2025,11,24,23,0,-4,AEPIMP,2912.8416
2025-11-25 00:00:00,2025,11,25,0,1,-3,AEPIMP,2859.5768
2025-11-25 01:00:00,2025,11,25,1,1,-3,AEPIMP,2823.5122
2025-11-25 02:00:00,2025,11,25,2,1,-3,AEPIMP,2812.2736
2025-11-25 03:00:00,2025,11,25,3,1,-3,AEPIMP,2843.4062
2025-11-25 04:00:00,2025,11,25,4,1,-3,AEPIMP,2857.5620000000004
2025-11-25 05:00:00,2025,11,25,5,1,-3,AEPIMP,3051.447
2025-11-25 06:00:00,2025,11,25,6,1,-3,AEPIMP,3239.8046000000004
2025-11-25 07:00:00,2025,11,25,7,1,-3,AEPIMP,3408.5775999999996
2025-11-25 08:00:00,2025,11,25,8,1,-3,AEPIMP,3382.7668
2025-11-25 09:00:00,2025,11,25,9,1,-3,AEPIMP,3366.5389999999998
2025-11-25 10:00:00,2025,11,25,10,1,-3,AEPIMP,3347.8165999999997
2025-11-25 11:00:00,2025,11,25,11,1,-3,AEPIMP,3327.2816
2025-11-25 12:00:00,2025,11,25,12,1,-3,AEPIMP,3290.227
2025-11-25 13:00:00,2025,11,25,13,1,-3,AEPIMP,3238.4031999999997
2025-11-25 14:00:00,2025,11,25,14,1,-3,AEPIMP,3175.4784
2025-11-25 15:00:00,2025,11,25,15,1,-3,AEPIMP,3167.0388
2025-11-25 16:00:00,2025,11,25,16,1,-3,AEPIMP,3180.6828
2025-11-25 17:00:00,2025,11,25,17,1,-3,AEPIMP,3277.3354
2025-11-25 18:00:00,2025,11,25,18,1,-3,AEPIMP,3316.3084000000003
2025-11-25 19:00:00,2025,11,25,19,1,-3,AEPIMP,3262.2032
2025-11-25 20:00:00,2025,11,25,20,1,-3,AEPIMP,3246.5754
2025-11-25 21:00:00,2025,11,25,21,1,-3,AEPIMP,3166.6928
2025-11-25 22:00:00,2025,11,25,22,1,-3,AEPIMP,3041.4667999999997
2025-11-25 23:00:00,2025,11,25,23,1,-3,AEPIMP,2897.7383999999997
2025-11-26 00:00:00,2025,11,26,0,2,-2,AEPIMP,2811.9521
2025-11-26 01:00:00,2025,11,26,1,2,-2,AEPIMP,2760.371
2025-11-26 02:00:00,2025,11,26,2,2,-2,AEPIMP,2754.0248
2025-11-26 03:00:00,2025,11,26,3,2,-2,AEPIMP,2743.1998
2025-11-26 04:00:00,2025,11,26,4,2,-2,AEPIMP,2806.4165000000003
2025-11-26 05:00:00,2025,11,26,5,2,-2,AEPIMP,2921.2449
2025-11-26 06:00:00,2025,11,26,6,2,-2,AEPIMP,3099.8921
2025-11-26 07:00:00,2025,11,26,7,2,-2,AEPIMP,3218.7673999999997
2025-11-26 08:00:00,2025,11,26,8,2,-2,AEPIMP,3237.4100000000003
2025-11-26 09:00:00,2025,11,26,9,2,-2,AEPIMP,3220.7745
2025-11-26 10:00:00,2025,11,26,10,2,-2,AEPIMP,3215.9272
2025-11-26 11:00:00,2025,11,26,11,2,-2,AEPIMP,3178.6018
2025-11-26 12:00:00,2025,11,26,12,2,-2,AEPIMP,3148.3383999999996
2025-11-26 13:00:00,2025,11,26,13,2,-2,AEPIMP,3120.5114999999996
2025-11-26 14:00:00,2025,11,26,14,2,-2,AEPIMP,3067.5132999999996
2025-11-26 15:00:00,2025,11,26,15,2,-2,AEPIMP,3028.3707999999997
2025-11-26 16:00:00,2025,11,26,16,2,-2,AEPIMP,3039.4124
2025-11-26 17:00:00,2025,11,26,17,2,-2,AEPIMP,3135.7385999999997
2025-11-26 18:00:00,2025,11,26,18,2,-2,AEPIMP,3131.4915
2025-11-26 19:00:00,2025,11,26,19,2,-2,AEPIMP,3099.8794
2025-11-26 20:00:00,2025,11,26,20,2,-2,AEPIMP,3077.6201
2025-11-26 21:00:00,2025,11,26,21,2,-2,AEPIMP,3027.9924
2025-11-26 22:00:00,2025,11,26,22,2,-2,AEPIMP,2914.0123
2025-11-26 23:00:00,2025,11,26,23,2,-2,AEPIMP,2787.3705
2025-11-27 00:00:00,2025,11,27,0,3,-1,AEPIMP,2704.5224000000003
2025-11-27 01:00:00,2025,11,27,1,3,-1,AEPIMP,2635.0383
2025-11-27 02:00:00,2025,11,27,2,3,-1,AEPIMP,2625.8995999999997
2025-11-27 03:00:00,2025,11,27,3,3,-1,AEPIMP,2607.4906
2025-11-27 04:00:00,2025,11,27,4,3,-1,AEPIMP,2643.8010999999997
2025-11-27 05:00:00,2025,11,27,5,3,-1,AEPIMP,2737.0994
2025-11-27 06:00:00,2025,11,27,6,3,-1,AEPIMP,2872.2709
2025-11-27 07:00:00,2025,11,27,7,3,-1,AEPIMP,2947.3776000000003
2025-11-27 08:00:00,2025,11,27,8,3,-1,AEPIMP,2993.6251
2025-11-27 09:00:00,2025,11,27,9,3,-1,AEPIMP,3008.4941
2025-11-27 10:00:00,2025,11,27,10,3,-1,AEPIMP,3034.2271
2025-11-27 11:00:00,2025,11,27,11,3,-1,AEPIMP,3026.1650999999997
2025-11-27 12:00:00,2025,11,27,12,3,-1,AEPIMP,2995.0808
2025-11-27 13:00:00,2025,11,27,13,3,-1,AEPIMP,2948.98
2025-11-27 14:00:00,2025,11,27,14,3,-1,AEPIMP,2893.2738
2025-11-27 15:00:00,2025,11,27,15,3,-1,AEPIMP,2871.709
2025-11-27 16:00:00,2025,11,27,16,3,-1,AEPIMP,2890.7523
2025-11-27 17:00:00,2025,11,27,17,3,-1,AEPIMP,2960.6636
2025-11-27 18:00:00,2025,11,27,18,3,-1,AEPIMP,2980.9168
2025-11-27 19:00:00,2025,11,27,19,3,-1,AEPIMP,2954.5357
2025-11-27 20:00:00,2025,11,27,20,3,-1,AEPIMP,2928.3331000000003
2025-11-27 21:00:00,2025,11,27,21,3,-1,AEPIMP,2868.8724
2025-11-27 22:00:00,2025,11,27,22,3,-1,AEPIMP,2774.4389
2025-11-27 23:00:00,2025,11,27,23,3,-1,AEPIMP,2695.8521
2025-11-28 00:00:00,2025,11,28,0,4,0,AEPIMP,2635.9859
2025-11-28 01:00:00,2025,11,28,1,4,0,AEPIMP,2603.4785
2025-11-28 02:00:00,2025,11,28,2,4,0,AEPIMP,2583.8337
2025-11-28 03:00:00,2025,11,28,3,4,0,AEPIMP,2594.1913
2025-11-28 04:00:00,2025,11,28,4,4,0,AEPIMP,2604.4941
2025-11-28 05:00:00,2025,11,28,5,4,0,AEPIMP,2722.243
2025-11-28 06:00:00,2025,11,28,6,4,0,AEPIMP,2864.844
2025-11-28 07:00:00,2025,11,28,7,4,0,AEPIMP,2965.2912
2025-11-28 08:00:00,2025,11,28,8,4,0,AEPIMP,3003.9797
2025-11-28 09:00:00,2025,11,28,9,4,0,AEPIMP,3022.8865
2025-11-28 10:00:00,2025,11,28,10,4,0,AEPIMP,3021.2734
2025-11-28 11:00:00,2025,11,28,11,4,0,AEPIMP,3020.6719
2025-11-28 12:00:00,2025,11,28,12,4,0,AEPIMP,2974.7022
2025-11-28 13:00:00,2025,11,28,13,4,0,AEPIMP,2930.3761
2025-11-28 14:00:00,2025,11,28,14,4,0,AEPIMP,2909.6099000000004
2025-11-28 15:00:00,2025,11,28,15,4,0,AEPIMP,2910.1315
2025-11-28 16:00:00,2025,11,28,16,4,0,AEPIMP,2948.9638999999997
2025-11-28 17:00:00,2025,11,28,17,4,0,AEPIMP,3046.0525000000002
2025-11-28 18:00:00,2025,11,28,18,4,0,AEPIMP,3058.5953
2025-11-28 19:00:00,2025,11,28,19,4,0,AEPIMP,2997.4876
2025-11-28 20:00:00,2025,11,28,20,4,0,AEPIMP,2959.7493
2025-11-28 21:00:00,2025,11,28,21,4,0,AEPIMP,2882.3796
2025-11-28 22:00:00,2025,11,28,22,4,0,AEPIMP,2787.794
2025-11-28 23:00:00,2025,11,28,23,4,0,AEPIMP,2733.5107
2025-11-19 00:00:00,2025,11,19,0,2,-9,AEPKPT,640.376
2025-11-19 01:00:00,2025,11,19,1,2,-9,AEPKPT,635.6849
2025-11-19 02:00:00,2025,11,19,2,2,-9,AEPKPT,636.1327
2025-11-19 03:00:00,2025,11,19,3,2,-9,AEPKPT,641.8749
2025-11-19 04:00:00,2025,11,19,4,2,-9,AEPKPT,652.9057
2025-11-19 05:00:00,2025,11,19,5,2,-9,AEPKPT,673.9946
2025-11-19 06:00:00,2025,11,19,6,2,-9,AEPKPT,712.9745
2025-11-19 07:00:00,2025,11,19,7,2,-9,AEPKPT,743.5318
2025-11-19 08:00:00,2025,11,19,8,2,-9,AEPKPT,744.1998
2025-11-19 09:00:00,2025,11,19,9,2,-9,AEPKPT,728.2952
2025-11-19 10:00:00,2025,11,19,10,2,-9,AEPKPT,699.4368
2025-11-19 11:00:00,2025,11,19,11,2,-9,AEPKPT,669.265
2025-11-19 12:00:00,2025,11,19,12,2,-9,AEPKPT,647.5734
2025-11-19 13:00:00,2025,11,19,13,2,-9,AEPKPT,635.4304
2025-11-19 14:00:00,2025,11,19,14,2,-9,AEPKPT,624.1096
2025-11-19 15:00:00,2025,11,19,15,2,-9,AEPKPT,622.2474
2025-11-19 16:00:00,2025,11,19,16,2,-9,AEPKPT,629.1907
2025-11-19 17:00:00,2025,11,19,17,2,-9,AEPKPT,655.1527
2025-11-19 18:00:00,2025,11,19,18,2,-9,AEPKPT,672.3665
2025-11-19 19:00:00,2025,11,19,19,2,-9,AEPKPT,680.5728
2025-11-19 20:00:00,2025,11,19,20,2,-9,AEPKPT,682.123
2025-11-19 21:00:00,2025,11,19,21,2,-9,AEPKPT,675.2456
2025-11-19 22:00:00,2025,11,19,22,2,-9,AEPKPT,658.1617
2025-11-19 23:00:00,2025,11,19,23,2,-9,AEPKPT,641.7447
2025-11-20 00:00:00,2025,11,20,0,3,-8,AEPKPT,628.4565
2025-11-20 01:00:00,2025,11,20,1,3,-8,AEPKPT,619.8679
2025-11-20 02:00:00,2025,11,20,2,3,-8,AEPKPT,616.6527
2025-11-20 03:00:00,2025,11,20,3,3,-8,AEPKPT,621.234
2025-11-20 04:00:00,2025,11,20,4,3,-8,AEPKPT,631.6268
2025-11-20 05:00:00,2025,11,20,5,3,-8,AEPKPT,653.8842999999999
2025-11-20 06:00:00,2025,11,20,6,3,-8,AEPKPT,687.5429
2025-11-20 07:00:00,2025,11,20,7,3,-8,AEPKPT,710.7437
2025-11-20 08:00:00,2025,11,20,8,3,-8,AEPKPT,721.221
2025-11-20 09:00:00,2025,11,20,9,3,-8,AEPKPT,714.1854000000001
2025-11-20 10:00:00,2025,11,20,10,3,-8,AEPKPT,701.5372
2025-11-20 11:00:00,2025,11,20,11,3,-8,AEPKPT,681.1006
2025-11-20 12:00:00,2025,11,20,12,3,-8,AEPKPT,657.7131999999999
2025-11-20 13:00:00,2025,11,20,13,3,-8,AEPKPT,636.1551999999999
2025-11-20 14:00:00,2025,11,20,14,3,-8,AEPKPT,619.5807
2025-11-20 15:00:00,2025,11,20,15,3,-8,AEPKPT,611.7713
2025-11-20 16:00:00,2025,11,20,16,3,-8,AEPKPT,613.6821
2025-11-20 17:00:00,2025,11,20,17,3,-8,AEPKPT,638.0555
2025-11-20 18:00:00,2025,11,20,18,3,-8,AEPKPT,660.5769
2025-11-20 19:00:00,2025,11,20,19,3,-8,AEPKPT,669.1491
2025-11-20 20:00:00,2025,11,20,20,3,-8,AEPKPT,676.5515
2025-11-20 21:00:00,2025,11,20,21,3,-8,AEPKPT,676.7891
2025-11-20 22:00:00,2025,11,20,22,3,-8,AEPKPT,666.8842999999999
2025-11-20 23:00:00,2025,11,20,23,3,-8,AEPKPT,652.5769
2025-11-21 00:00:00,2025,11,21,0,4,-7,AEPKPT,644.0838
2025-11-21 01:00:00,2025,11,21,1,4,-7,AEPKPT,641.3689
2025-11-21 02:00:00,2025,11,21,2,4,-7,AEPKPT,642.4993999999999
2025-11-21 03:00:00,2025,11,21,3,4,-7,AEPKPT,648.0698
2025-11-21 04:00:00,2025,11,21,4,4,-7,AEPKPT,657.438
2025-11-21 05:00:00,2025,11,21,5,4,-7,AEPKPT,676.0260000000001
2025-11-21 06:00:00,2025,11,21,6,4,-7,AEPKPT,707.4518
2025-11-21 07:00:00,2025,11,21,7,4,-7,AEPKPT,727.7082
2025-11-21 08:00:00,2025,11,21,8,4,-7,AEPKPT,732.2266
2025-11-21 09:00:00,2025,11,21,9,4,-7,AEPKPT,724.8507999999999
2025-11-21 10:00:00,2025,11,21,10,4,-7,AEPKPT,709.1065000000001
2025-11-21 11:00:00,2025,11,21,11,4,-7,AEPKPT,688.8284
2025-11-21 12:00:00,2025,11,21,12,4,-7,AEPKPT,669.9918
2025-11-21 13:00:00,2025,11,21,13,4,-7,AEPKPT,655.8316
2025-11-21 14:00:00,2025,11,21,14,4,-7,AEPKPT,645.2855
2025-11-21 15:00:00,2025,11,21,15,4,-7,AEPKPT,640.5639
2025-11-21 16:00:00,2025,11,21,16,4,-7,AEPKPT,647.0631999999999
2025-11-21 17:00:00,2025,11,21,17,4,-7,AEPKPT,678.1627000000001
2025-11-21 18:00:00,2025,11,21,18,4,-7,AEPKPT,696.1719
2025-11-21 19:00:00,2025,11,21,19,4,-7,AEPKPT,704.307
2025-11-21 20:00:00,2025,11,21,20,4,-7,AEPKPT,708.723
2025-11-21 21:00:00,2025,11,21,21,4,-7,AEPKPT,704.3221
2025-11-21 22:00:00,2025,11,21,22,4,-7,AEPKPT,696.2319
2025-11-21 23:00:00,2025,11,21,23,4,-7,AEPKPT,680.5734
2025-11-22 00:00:00,2025,11,22,0,5,-6,AEPKPT,661.6510000000001
2025-11-22 01:00:00,2025,11,22,1,5,-6,AEPKPT,654.176
2025-11-22 02:00:00,2025,11,22,2,5,-6,AEPKPT,651.1546000000001
2025-11-22 03:00:00,2025,11,22,3,5,-6,AEPKPT,654.071
2025-11-22 04:00:00,2025,11,22,4,5,-6,AEPKPT,661.0516
2025-11-22 05:00:00,2025,11,22,5,5,-6,AEPKPT,672.9363999999999
2025-11-22 06:00:00,2025,11,22,6,5,-6,AEPKPT,694.5388
2025-11-22 07:00:00,2025,11,22,7,5,-6,AEPKPT,710.162
2025-11-22 08:00:00,2025,11,22,8,5,-6,AEPKPT,719.9934000000001
2025-11-22 09:00:00,2025,11,22,9,5,-6,AEPKPT,711.9848
2025-11-22 10:00:00,2025,11,22,10,5,-6,AEPKPT,687.0726
2025-11-22 11:00:00,2025,11,22,11,5,-6,AEPKPT,661.043
2025-11-22 12:00:00,2025,11,22,12,5,-6,AEPKPT,638.6126
2025-11-22 13:00:00,2025,11,22,13,5,-6,AEPKPT,618.9804
2025-11-22 14:00:00,2025,11,22,14,5,-6,AEPKPT,607.568
2025-11-22 15:00:00,2025,11,22,15,5,-6,AEPKPT,607.2014
2025-11-22 16:00:00,2025,11,22,16,5,-6,AEPKPT,616.824
2025-11-22 17:00:00,2025,11,22,17,5,-6,AEPKPT,651.9006
2025-11-22 18:00:00,2025,11,22,18,5,-6,AEPKPT,672.9974
2025-11-22 19:00:00,2025,11,22,19,5,-6,AEPKPT,681.8196
2025-11-22 20:00:00,2025,11,22,20,5,-6,AEPKPT,685.3448000000001
2025-11-22 21:00:00,2025,11,22,21,5,-6,AEPKPT,680.9312
2025-11-22 22:00:00,2025,11,22,22,5,-6,AEPKPT,670.3298000000001
2025-11-22 23:00:00,2025,11,22,23,5,-6,AEPKPT,657.6944000000001
2025-11-23 00:00:00,2025,11,23,0,6,-5,AEPKPT,646.2536
2025-11-23 01:00:00,2025,11,23,1,6,-5,AEPKPT,642.2574000000001
2025-11-23 02:00:00,2025,11,23,2,6,-5,AEPKPT,644.4858
2025-11-23 03:00:00,2025,11,23,3,6,-5,AEPKPT,646.9408
2025-11-23 04:00:00,2025,11,23,4,6,-5,AEPKPT,658.232
2025-11-23 05:00:00,2025,11,23,5,6,-5,AEPKPT,668.7167999999999
2025-11-23 06:00:00,2025,11,23,6,6,-5,AEPKPT,686.8077999999999
2025-11-23 07:00:00,2025,11,23,7,6,-5,AEPKPT,702.4251999999999
2025-11-23 08:00:00,2025,11,23,8,6,-5,AEPKPT,716.85
2025-11-23 09:00:00,2025,11,23,9,6,-5,AEPKPT,706.441
2025-11-23 10:00:00,2025,11,23,10,6,-5,AEPKPT,673.7752
2025-11-23 11:00:00,2025,11,23,11,6,-5,AEPKPT,640.9834
2025-11-23 12:00:00,2025,11,23,12,6,-5,AEPKPT,615.3038
2025-11-23 13:00:00,2025,11,23,13,6,-5,AEPKPT,598.9622
2025-11-23 14:00:00,2025,11,23,14,6,-5,AEPKPT,590.4002
2025-11-23 15:00:00,2025,11,23,15,6,-5,AEPKPT,593.2352
2025-11-23 16:00:00,2025,11,23,16,6,-5,AEPKPT,611.488
2025-11-23 17:00:00,2025,11,23,17,6,-5,AEPKPT,650.108
2025-11-23 18:00:00,2025,11,23,18,6,-5,AEPKPT,672.5904
2025-11-23 19:00:00,2025,11,23,19,6,-5,AEPKPT,682.8746
2025-11-23 20:00:00,2025,11,23,20,6,-5,AEPKPT,685.5446
2025-11-23 21:00:00,2025,11,23,21,6,-5,AEPKPT,681.0748
2025-11-23 22:00:00,2025,11,23,22,6,-5,AEPKPT,671.8476
2025-11-23 23:00:00,2025,11,23,23,6,-5,AEPKPT,661.1229999999999
2025-11-24 00:00:00,2025,11,24,0,0,-4,AEPKPT,656.1452
2025-11-24 01:00:00,2025,11,24,1,0,-4,AEPKPT,658.321
2025-11-24 02:00:00,2025,11,24,2,0,-4,AEPKPT,663.6108
2025-11-24 03:00:00,2025,11,24,3,0,-4,AEPKPT,674.9028000000001
2025-11-24 04:00:00,2025,11,24,4,0,-4,AEPKPT,687.2891999999999
2025-11-24 05:00:00,2025,11,24,5,0,-4,AEPKPT,712.8048
2025-11-24 06:00:00,2025,11,24,6,0,-4,AEPKPT,752.3336
2025-11-24 07:00:00,2025,11,24,7,0,-4,AEPKPT,778.8918000000001
2025-11-24 08:00:00,2025,11,24,8,0,-4,AEPKPT,778.5236
2025-11-24 09:00:00,2025,11,24,9,0,-4,AEPKPT,759.2418
2025-11-24 10:00:00,2025,11,24,10,0,-4,AEPKPT,730.298
2025-11-24 11:00:00,2025,11,24,11,0,-4,AEPKPT,699.348
2025-11-24 12:00:00,2025,11,24,12,0,-4,AEPKPT,670.777
2025-11-24 13:00:00,2025,11,24,13,0,-4,AEPKPT,650.3507999999999
2025-11-24 14:00:00,2025,11,24,14,0,-4,AEPKPT,636.8199999999999
2025-11-24 15:00:00,2025,11,24,15,0,-4,AEPKPT,631.9518
2025-11-24 16:00:00,2025,11,24,16,0,-4,AEPKPT,644.8154000000001
2025-11-24 17:00:00,2025,11,24,17,0,-4,AEPKPT,680.856
2025-11-24 18:00:00,2025,11,24,18,0,-4,AEPKPT,705.7266
2025-11-24 19:00:00,2025,11,24,19,0,-4,AEPKPT,715.9336000000001
2025-11-24 20:00:00,2025,11,24,20,0,-4,AEPKPT,719.5142
2025-11-24 21:00:00,2025,11,24,21,0,-4,AEPKPT,715.3716000000001
2025-11-24 22:00:00,2025,11,24,22,0,-4,AEPKPT,702.2564
2025-11-24 23:00:00,2025,11,24,23,0,-4,AEPKPT,686.7684
2025-11-25 00:00:00,2025,11,25,0,1,-3,AEPKPT,678.6292000000001
2025-11-25 01:00:00,2025,11,25,1,1,-3,AEPKPT,673.2116
2025-11-25 02:00:00,2025,11,25,2,1,-3,AEPKPT,671.2614000000001
2025-11-25 03:00:00,2025,11,25,3,1,-3,AEPKPT,677.8084
2025-11-25 04:00:00,2025,11,25,4,1,-3,AEPKPT,689.251
2025-11-25 05:00:00,2025,11,25,5,1,-3,AEPKPT,712.6558
2025-11-25 06:00:00,2025,11,25,6,1,-3,AEPKPT,753.0268
2025-11-25 07:00:00,2025,11,25,7,1,-3,AEPKPT,782.4068
2025-11-25 08:00:00,2025,11,25,8,1,-3,AEPKPT,788.225
2025-11-25 09:00:00,2025,11,25,9,1,-3,AEPKPT,771.0472
2025-11-25 10:00:00,2025,11,25,10,1,-3,AEPKPT,733.3206
2025-11-25 11:00:00,2025,11,25,11,1,-3,AEPKPT,698.3238
2025-11-25 12:00:00,2025,11,25,12,1,-3,AEPKPT,673.472
2025-11-25 13:00:00,2025,11,25,13,1,-3,AEPKPT,658.36
2025-11-25 14:00:00,2025,11,25,14,1,-3,AEPKPT,647.3008
2025-11-25 15:00:00,2025,11,25,15,1,-3,AEPKPT,641.3128
2025-11-25 16:00:00,2025,11,25,16,1,-3,AEPKPT,653.3498
2025-11-25 17:00:00,2025,11,25,17,1,-3,AEPKPT,688.6572
2025-11-25 18:00:00,2025,11,25,18,1,-3,AEPKPT,711.0536
2025-11-25 19:00:00,2025,11,25,19,1,-3,AEPKPT,720.9654
2025-11-25 20:00:00,2025,11,25,20,1,-3,AEPKPT,726.68
2025-11-25 21:00:00,2025,11,25,21,1,-3,AEPKPT,725.3403999999999
2025-11-25 22:00:00,2025,11,25,22,1,-3,AEPKPT,715.3964
2025-11-25 23:00:00,2025,11,25,23,1,-3,AEPKPT,702.4946
2025-11-26 00:00:00,2025,11,26,0,2,-2,AEPKPT,640.376
2025-11-26 01:00:00,2025,11,26,1,2,-2,AEPKPT,635.6849
2025-11-26 02:00:00,2025,11,26,2,2,-2,AEPKPT,636.1327
2025-11-26 03:00:00,2025,11,26,3,2,-2,AEPKPT,641.8749
2025-11-26 04:00:00,2025,11,26,4,2,-2,AEPKPT,652.9057
2025-11-26 05:00:00,2025,11,26,5,2,-2,AEPKPT,673.9946
2025-11-26 06:00:00,2025,11,26,6,2,-2,AEPKPT,712.9745
2025-11-26 07:00:00,2025,11,26,7,2,-2,AEPKPT,743.5318
2025-11-26 08:00:00,2025,11,26,8,2,-2,AEPKPT,744.1998
2025-11-26 09:00:00,2025,11,26,9,2,-2,AEPKPT,728.2952
2025-11-26 10:00:00,2025,11,26,10,2,-2,AEPKPT,699.4368
2025-11-26 11:00:00,2025,11,26,11,2,-2,AEPKPT,669.265
2025-11-26 12:00:00,2025,11,26,12,2,-2,AEPKPT,647.5734
2025-11-26 13:00:00,2025,11,26,13,2,-2,AEPKPT,635.4304
2025-11-26 14:00:00,2025,11,26,14,2,-2,AEPKPT,624.1096
2025-11-26 15:00:00,2025,11,26,15,2,-2,AEPKPT,622.2474
2025-11-26 16:00:00,2025,11,26,16,2,-2,AEPKPT,629.1907
2025-11-26 17:00:00,2025,11,26,17,2,-2,AEPKPT,655.1527
2025-11-26 18:00:00,2025,11,26,18,2,-2,AEPKPT,672.3665
2025-11-26 19:00:00,2025,11,26,19,2,-2,AEPKPT,680.5728
2025-11-26 20:00:00,2025,11,26,20,2,-2,AEPKPT,682.123
2025-11-26 21:00:00,2025,11,26,21,2,-2,AEPKPT,675.2456
2025-11-26 22:00:00,2025,11,26,22,2,-2,AEPKPT,658.1617
2025-11-26 23:00:00,2025,11,26,23,2,-2,AEPKPT,641.7447
2025-11-27 00:00:00,2025,11,27,0,3,-1,AEPKPT,628.4565
2025-11-27 01:00:00,2025,11,27,1,3,-1,AEPKPT,619.8679
2025-11-27 02:00:00,2025,11,27,2,3,-1,AEPKPT,616.6527
2025-11-27 03:00:00,2025,11,27,3,3,-1,AEPKPT,621.234
2025-11-27 04:00:00,2025,11,27,4,3,-1,AEPKPT,631.6268
2025-11-27 05:00:00,2025,11,27,5,3,-1,AEPKPT,653.8842999999999
2025-11-27 06:00:00,2025,11,27,6,3,-1,AEPKPT,687.5429
2025-11-27 07:00:00,2025,11,27,7,3,-1,AEPKPT,710.7437
2025-11-27 08:00:00,2025,11,27,8,3,-1,AEPKPT,721.221
2025-11-27 09:00:00,2025,11,27,9,3,-1,AEPKPT,714.1854000000001
2025-11-27 10:00:00,2025,11,27,10,3,-1,AEPKPT,701.5372
2025-11-27 11:00:00,2025,11,27,11,3,-1,AEPKPT,681.1006
2025-11-27 12:00:00,2025,11,27,12,3,-1,AEPKPT,657.7131999999999
2025-11-27 13:00:00,2025,11,27,13,3,-1,AEPKPT,636.1551999999999
2025-11-27 14:00:00,2025,11,27,14,3,-1,AEPKPT,619.5807
2025-11-27 15:00:00,2025,11,27,15,3,-1,AEPKPT,611.7713
2025-11-27 16:00:00,2025,11,27,16,3,-1,AEPKPT,613.6821
2025-11-27 17:00:00,2025,11,27,17,3,-1,AEPKPT,638.0555
2025-11-27 18:00:00,2025,11,27,18,3,-1,AEPKPT,660.5769
2025-11-27 19:00:00,2025,11,27,19,3,-1,AEPKPT,669.1491
2025-11-27 20:00:00,2025,11,27,20,3,-1,AEPKPT,676.5515
2025-11-27 21:00:00,2025,11,27,21,3,-1,AEPKPT,676.7891
2025-11-27 22:00:00,2025,11,27,22,3,-1,AEPKPT,666.8842999999999
2025-11-27 23:00:00,2025,11,27,23,3,-1,AEPKPT,652.5769
2025-11-28 00:00:00,2025,11,28,0,4,0,AEPKPT,644.0838
2025-11-28 01:00:00,2025,11,28,1,4,0,AEPKPT,641.3689
2025-11-28 02:00:00,2025,11,28,2,4,0,AEPKPT,642.4993999999999
2025-11-28 03:00:00,2025,11,28,3,4,0,AEPKPT,648.0698
2025-11-28 04:00:00,2025,11,28,4,4,0,AEPKPT,657.438
2025-11-28 05:00:00,2025,11,28,5,4,0,AEPKPT,676.0260000000001
2025-11-28 06:00:00,2025,11,28,6,4,0,AEPKPT,707.4518
2025-11-28 07:00:00,2025,11,28,7,4,0,AEPKPT,727.7082
2025-11-28 08:00:00,2025,11,28,8,4,0,AEPKPT,732.2266
2025-11-28 09:00:00,2025,11,28,9,4,0,AEPKPT,724.8507999999999
2025-11-28 10:00:00,2025,11,28,10,4,0,AEPKPT,709.1065000000001
2025-11-28 11:00:00,2025,11,28,11,4,0,AEPKPT,688.8284
2025-11-28 12:00:00,2025,11,28,12,4,0,AEPKPT,669.9918
2025-11-28 13:00:00,2025,11,28,13,4,0,AEPKPT,655.8316
2025-11-28 14:00:00,2025,11,28,14,4,0,AEPKPT,645.2855
2025-11-28 15:00:00,2025,11,28,15,4,0,AEPKPT,640.5639
2025-11-28 16:00:00,2025,11,28,16,4,0,AEPKPT,647.0631999999999
2025-11-28 17:00:00,2025,11,28,17,4,0,AEPKPT,678.1627000000001
2025-11-28 18:00:00,2025,11,28,18,4,0,AEPKPT,696.1719
2025-11-28 19:00:00,2025,11,28,19,4,0,AEPKPT,704.307
2025-11-28 20:00:00,2025,11,28,20,4,0,AEPKPT,708.723
2025-11-28 21:00:00,2025,11,28,21,4,0,AEPKPT,704.3221
2025-11-28 22:00:00,2025,11,28,22,4,0,AEPKPT,696.2319
2025-11-28 23:00:00,2025,11,28,23,4,0,AEPKPT,680.5734
2025-11-19 00:00:00,2025,11,19,0,2,-9,AEPOPT,5954.658399999999
2025-11-19 01:00:00,2025,11,19,1,2,-9,AEPOPT,5856.3968
2025-11-19 02:00:00,2025,11,19,2,2,-9,AEPOPT,5816.0823
2025-11-19 03:00:00,2025,11,19,3,2,-9,AEPOPT,5839.7979
2025-11-19 04:00:00,2025,11,19,4,2,-9,AEPOPT,5931.7935
2025-11-19 05:00:00,2025,11,19,5,2,-9,AEPOPT,6210.6824
2025-11-19 06:00:00,2025,11,19,6,2,-9,AEPOPT,6628.3914
2025-11-19 07:00:00,2025,11,19,7,2,-9,AEPOPT,6880.267
2025-11-19 08:00:00,2025,11,19,8,2,-9,AEPOPT,6921.529799999999
2025-11-19 09:00:00,2025,11,19,9,2,-9,AEPOPT,6886.8127
2025-11-19 10:00:00,2025,11,19,10,2,-9,AEPOPT,6863.986800000001
2025-11-19 11:00:00,2025,11,19,11,2,-9,AEPOPT,6791.227400000001
2025-11-19 12:00:00,2025,11,19,12,2,-9,AEPOPT,6733.832399999999
2025-11-19 13:00:00,2025,11,19,13,2,-9,AEPOPT,6676.0655
2025-11-19 14:00:00,2025,11,19,14,2,-9,AEPOPT,6588.6855
2025-11-19 15:00:00,2025,11,19,15,2,-9,AEPOPT,6536.8623
2025-11-19 16:00:00,2025,11,19,16,2,-9,AEPOPT,6577.431
2025-11-19 17:00:00,2025,11,19,17,2,-9,AEPOPT,6800.775299999999
2025-11-19 18:00:00,2025,11,19,18,2,-9,AEPOPT,6853.705800000001
2025-11-19 19:00:00,2025,11,19,19,2,-9,AEPOPT,6780.0996
2025-11-19 20:00:00,2025,11,19,20,2,-9,AEPOPT,6666.864299999999
2025-11-19 21:00:00,2025,11,19,21,2,-9,AEPOPT,6458.7663
2025-11-19 22:00:00,2025,11,19,22,2,-9,AEPOPT,6164.989
2025-11-19 23:00:00,2025,11,19,23,2,-9,AEPOPT,5893.6709
2025-11-20 00:00:00,2025,11,20,0,3,-8,AEPOPT,5696.2426
2025-11-20 01:00:00,2025,11,20,1,3,-8,AEPOPT,5570.1621
2025-11-20 02:00:00,2025,11,20,2,3,-8,AEPOPT,5501.822
2025-11-20 03:00:00,2025,11,20,3,3,-8,AEPOPT,5499.2322
2025-11-20 04:00:00,2025,11,20,4,3,-8,AEPOPT,5564.9415
2025-11-20 05:00:00,2025,11,20,5,3,-8,AEPOPT,5788.2905
2025-11-20 06:00:00,2025,11,20,6,3,-8,AEPOPT,6096.0608999999995
2025-11-20 07:00:00,2025,11,20,7,3,-8,AEPOPT,6364.2666
2025-11-20 08:00:00,2025,11,20,8,3,-8,AEPOPT,6487.6508
2025-11-20 09:00:00,2025,11,20,9,3,-8,AEPOPT,6544.1865
2025-11-20 10:00:00,2025,11,20,10,3,-8,AEPOPT,6588.9166
2025-11-20 11:00:00,2025,11,20,11,3,-8,AEPOPT,6577.539900000001
2025-11-20 12:00:00,2025,11,20,12,3,-8,AEPOPT,6461.1015
2025-11-20 13:00:00,2025,11,20,13,3,-8,AEPOPT,6340.3372
2025-11-20 14:00:00,2025,11,20,14,3,-8,AEPOPT,6212.0684
2025-11-20 15:00:00,2025,11,20,15,3,-8,AEPOPT,6163.1883
2025-11-20 16:00:00,2025,11,20,16,3,-8,AEPOPT,6193.5934
2025-11-20 17:00:00,2025,11,20,17,3,-8,AEPOPT,6380.3547
2025-11-20 18:00:00,2025,11,20,18,3,-8,AEPOPT,6413.6701
2025-11-20 19:00:00,2025,11,20,19,3,-8,AEPOPT,6373.0043
2025-11-20 20:00:00,2025,11,20,20,3,-8,AEPOPT,6305.7438999999995
2025-11-20 21:00:00,2025,11,20,21,3,-8,AEPOPT,6160.5506000000005
2025-11-20 22:00:00,2025,11,20,22,3,-8,AEPOPT,5943.0305
2025-11-20 23:00:00,2025,11,20,23,3,-8,AEPOPT,5753.354
2025-11-21 00:00:00,2025,11,21,0,4,-7,AEPOPT,5594.5514
2025-11-21 01:00:00,2025,11,21,1,4,-7,AEPOPT,5517.4542
2025-11-21 02:00:00,2025,11,21,2,4,-7,AEPOPT,5483.451
2025-11-21 03:00:00,2025,11,21,3,4,-7,AEPOPT,5497.2847
2025-11-21 04:00:00,2025,11,21,4,4,-7,AEPOPT,5596.082
2025-11-21 05:00:00,2025,11,21,5,4,-7,AEPOPT,5809.4671
2025-11-21 06:00:00,2025,11,21,6,4,-7,AEPOPT,6156.9862
2025-11-21 07:00:00,2025,11,21,7,4,-7,AEPOPT,6392.5752
2025-11-21 08:00:00,2025,11,21,8,4,-7,AEPOPT,6501.7819
2025-11-21 09:00:00,2025,11,21,9,4,-7,AEPOPT,6581.928900000001
2025-11-21 10:00:00,2025,11,21,10,4,-7,AEPOPT,6602.2083
2025-11-21 11:00:00,2025,11,21,11,4,-7,AEPOPT,6601.3901
2025-11-21 12:00:00,2025,11,21,12,4,-7,AEPOPT,6564.712799999999
2025-11-21 13:00:00,2025,11,21,13,4,-7,AEPOPT,6510.6138
2025-11-21 14:00:00,2025,11,21,14,4,-7,AEPOPT,6424.086
2025-11-21 15:00:00,2025,11,21,15,4,-7,AEPOPT,6385.9457999999995
2025-11-21 16:00:00,2025,11,21,16,4,-7,AEPOPT,6459.8544999999995
2025-11-21 17:00:00,2025,11,21,17,4,-7,AEPOPT,6716.682000000001
2025-11-21 18:00:00,2025,11,21,18,4,-7,AEPOPT,6721.1957999999995
2025-11-21 19:00:00,2025,11,21,19,4,-7,AEPOPT,6663.4031
2025-11-21 20:00:00,2025,11,21,20,4,-7,AEPOPT,6587.423
2025-11-21 21:00:00,2025,11,21,21,4,-7,AEPOPT,6433.9347
2025-11-21 22:00:00,2025,11,21,22,4,-7,AEPOPT,6257.3156
2025-11-21 23:00:00,2025,11,21,23,4,-7,AEPOPT,6026.2797
2025-11-22 00:00:00,2025,11,22,0,5,-6,AEPOPT,5833.123799999999
2025-11-22 01:00:00,2025,11,22,1,5,-6,AEPOPT,5775.4816
2025-11-22 02:00:00,2025,11,22,2,5,-6,AEPOPT,5677.7082
2025-11-22 03:00:00,2025,11,22,3,5,-6,AEPOPT,5651.3576
2025-11-22 04:00:00,2025,11,22,4,5,-6,AEPOPT,5730.3046
2025-11-22 05:00:00,2025,11,22,5,5,-6,AEPOPT,5856.5784
2025-11-22 06:00:00,2025,11,22,6,5,-6,AEPOPT,6053.909
2025-11-22 07:00:00,2025,11,22,7,5,-6,AEPOPT,6289.4892
2025-11-22 08:00:00,2025,11,22,8,5,-6,AEPOPT,6439.551
2025-11-22 09:00:00,2025,11,22,9,5,-6,AEPOPT,6514.9364000000005
2025-11-22 10:00:00,2025,11,22,10,5,-6,AEPOPT,6532.0414
2025-11-22 11:00:00,2025,11,22,11,5,-6,AEPOPT,6473.4446
2025-11-22 12:00:00,2025,11,22,12,5,-6,AEPOPT,6392.073399999999
2025-11-22 13:00:00,2025,11,22,13,5,-6,AEPOPT,6284.8916
2025-11-22 14:00:00,2025,11,22,14,5,-6,AEPOPT,6210.4384
2025-11-22 15:00:00,2025,11,22,15,5,-6,AEPOPT,6164.2662
2025-11-22 16:00:00,2025,11,22,16,5,-6,AEPOPT,6296.787200000001
2025-11-22 17:00:00,2025,11,22,17,5,-6,AEPOPT,6498.355799999999
2025-11-22 18:00:00,2025,11,22,18,5,-6,AEPOPT,6541.759599999999
2025-11-22 19:00:00,2025,11,22,19,5,-6,AEPOPT,6493.904799999999
2025-11-22 20:00:00,2025,11,22,20,5,-6,AEPOPT,6416.8116
2025-11-22 21:00:00,2025,11,22,21,5,-6,AEPOPT,6289.6608
2025-11-22 22:00:00,2025,11,22,22,5,-6,AEPOPT,6095.3912
2025-11-22 23:00:00,2025,11,22,23,5,-6,AEPOPT,5889.4856
2025-11-23 00:00:00,2025,11,23,0,6,-5,AEPOPT,5741.963
2025-11-23 01:00:00,2025,11,23,1,6,-5,AEPOPT,5674.1305999999995
2025-11-23 02:00:00,2025,11,23,2,6,-5,AEPOPT,5642.2566
2025-11-23 03:00:00,2025,11,23,3,6,-5,AEPOPT,5627.3358
2025-11-23 04:00:00,2025,11,23,4,6,-5,AEPOPT,5662.7698
2025-11-23 05:00:00,2025,11,23,5,6,-5,AEPOPT,5745.8646
2025-11-23 06:00:00,2025,11,23,6,6,-5,AEPOPT,5898.4148000000005
2025-11-23 07:00:00,2025,11,23,7,6,-5,AEPOPT,6100.1346
2025-11-23 08:00:00,2025,11,23,8,6,-5,AEPOPT,6246.7604
2025-11-23 09:00:00,2025,11,23,9,6,-5,AEPOPT,6332.975
2025-11-23 10:00:00,2025,11,23,10,6,-5,AEPOPT,6342.715200000001
2025-11-23 11:00:00,2025,11,23,11,6,-5,AEPOPT,6307.7816
2025-11-23 12:00:00,2025,11,23,12,6,-5,AEPOPT,6296.669
2025-11-23 13:00:00,2025,11,23,13,6,-5,AEPOPT,6201.533
2025-11-23 14:00:00,2025,11,23,14,6,-5,AEPOPT,6179.4493999999995
2025-11-23 15:00:00,2025,11,23,15,6,-5,AEPOPT,6172.71
2025-11-23 16:00:00,2025,11,23,16,6,-5,AEPOPT,6329.473
2025-11-23 17:00:00,2025,11,23,17,6,-5,AEPOPT,6636.440799999999
2025-11-23 18:00:00,2025,11,23,18,6,-5,AEPOPT,6712.3412
2025-11-23 19:00:00,2025,11,23,19,6,-5,AEPOPT,6693.2264
2025-11-23 20:00:00,2025,11,23,20,6,-5,AEPOPT,6635.0386
2025-11-23 21:00:00,2025,11,23,21,6,-5,AEPOPT,6471.4078
2025-11-23 22:00:00,2025,11,23,22,6,-5,AEPOPT,6236.518
2025-11-23 23:00:00,2025,11,23,23,6,-5,AEPOPT,6089.1506
2025-11-24 00:00:00,2025,11,24,0,0,-4,AEPOPT,5982.5896
2025-11-24 01:00:00,2025,11,24,1,0,-4,AEPOPT,5903.2919999999995
2025-11-24 02:00:00,2025,11,24,2,0,-4,AEPOPT,5887.4614
2025-11-24 03:00:00,2025,11,24,3,0,-4,AEPOPT,5912.0778
2025-11-24 04:00:00,2025,11,24,4,0,-4,AEPOPT,6069.571
2025-11-24 05:00:00,2025,11,24,5,0,-4,AEPOPT,6396.779799999999
2025-11-24 06:00:00,2025,11,24,6,0,-4,AEPOPT,6854.3758
2025-11-24 07:00:00,2025,11,24,7,0,-4,AEPOPT,7139.5702
2025-11-24 08:00:00,2025,11,24,8,0,-4,AEPOPT,7166.741599999999
2025-11-24 09:00:00,2025,11,24,9,0,-4,AEPOPT,7145.8398
2025-11-24 10:00:00,2025,11,24,10,0,-4,AEPOPT,7069.0122
2025-11-24 11:00:00,2025,11,24,11,0,-4,AEPOPT,6997.1852
2025-11-24 12:00:00,2025,11,24,12,0,-4,AEPOPT,6905.2698
2025-11-24 13:00:00,2025,11,24,13,0,-4,AEPOPT,6824.239
2025-11-24 14:00:00,2025,11,24,14,0,-4,AEPOPT,6716.2166
2025-11-24 15:00:00,2025,11,24,15,0,-4,AEPOPT,6660.064600000001
2025-11-24 16:00:00,2025,11,24,16,0,-4,AEPOPT,6729.0502
2025-11-24 17:00:00,2025,11,24,17,0,-4,AEPOPT,7041.8254
2025-11-24 18:00:00,2025,11,24,18,0,-4,AEPOPT,7104.7844
2025-11-24 19:00:00,2025,11,24,19,0,-4,AEPOPT,7060.2306
2025-11-24 20:00:00,2025,11,24,20,0,-4,AEPOPT,6985.0491999999995
2025-11-24 21:00:00,2025,11,24,21,0,-4,AEPOPT,6775.229399999999
2025-11-24 22:00:00,2025,11,24,22,0,-4,AEPOPT,6491.2614
2025-11-24 23:00:00,2025,11,24,23,0,-4,AEPOPT,6216.4788
2025-11-25 00:00:00,2025,11,25,0,1,-3,AEPOPT,6041.179999999999
2025-11-25 01:00:00,2025,11,25,1,1,-3,AEPOPT,5975.5064
2025-11-25 02:00:00,2025,11,25,2,1,-3,AEPOPT,5912.1314
2025-11-25 03:00:00,2025,11,25,3,1,-3,AEPOPT,5964.0106
2025-11-25 04:00:00,2025,11,25,4,1,-3,AEPOPT,6086.1584
2025-11-25 05:00:00,2025,11,25,5,1,-3,AEPOPT,6409.2318
2025-11-25 06:00:00,2025,11,25,6,1,-3,AEPOPT,6866.8751999999995
2025-11-25 07:00:00,2025,11,25,7,1,-3,AEPOPT,7150.2836
2025-11-25 08:00:00,2025,11,25,8,1,-3,AEPOPT,7162.1518
2025-11-25 09:00:00,2025,11,25,9,1,-3,AEPOPT,7055.989599999999
2025-11-25 10:00:00,2025,11,25,10,1,-3,AEPOPT,7026.1014
2025-11-25 11:00:00,2025,11,25,11,1,-3,AEPOPT,6940.5848
2025-11-25 12:00:00,2025,11,25,12,1,-3,AEPOPT,6849.768399999999
2025-11-25 13:00:00,2025,11,25,13,1,-3,AEPOPT,6757.4584
2025-11-25 14:00:00,2025,11,25,14,1,-3,AEPOPT,6687.687
2025-11-25 15:00:00,2025,11,25,15,1,-3,AEPOPT,6632.724400000001
2025-11-25 16:00:00,2025,11,25,16,1,-3,AEPOPT,6700.3314
2025-11-25 17:00:00,2025,11,25,17,1,-3,AEPOPT,6994.4983999999995
2025-11-25 18:00:00,2025,11,25,18,1,-3,AEPOPT,7058.305
2025-11-25 19:00:00,2025,11,25,19,1,-3,AEPOPT,7035.525
2025-11-25 20:00:00,2025,11,25,20,1,-3,AEPOPT,6945.741
2025-11-25 21:00:00,2025,11,25,21,1,-3,AEPOPT,6734.1462
2025-11-25 22:00:00,2025,11,25,22,1,-3,AEPOPT,6510.061
2025-11-25 23:00:00,2025,11,25,23,1,-3,AEPOPT,6243.2926
2025-11-26 00:00:00,2025,11,26,0,2,-2,AEPOPT,5954.658399999999
2025-11-26 01:00:00,2025,11,26,1,2,-2,AEPOPT,5856.3968
2025-11-26 02:00:00,2025,11,26,2,2,-2,AEPOPT,5816.0823
2025-11-26 03:00:00,2025,11,26,3,2,-2,AEPOPT,5839.7979
2025-11-26 04:00:00,2025,11,26,4,2,-2,AEPOPT,5931.7935
2025-11-26 05:00:00,2025,11,26,5,2,-2,AEPOPT,6210.6824
2025-11-26 06:00:00,2025,11,26,6,2,-2,AEPOPT,6628.3914
2025-11-26 07:00:00,2025,11,26,7,2,-2,AEPOPT,6880.267
2025-11-26 08:00:00,2025,11,26,8,2,-2,AEPOPT,6921.529799999999
2025-11-26 09:00:00,2025,11,26,9,2,-2,AEPOPT,6886.8127
2025-11-26 10:00:00,2025,11,26,10,2,-2,AEPOPT,6863.986800000001
2025-11-26 11:00:00,2025,11,26,11,2,-2,AEPOPT,6791.227400000001
2025-11-26 12:00:00,2025,11,26,12,2,-2,AEPOPT,6733.832399999999
2025-11-26 13:00:00,2025,11,26,13,2,-2,AEPOPT,6676.0655
2025-11-26 14:00:00,2025,11,26,14,2,-2,AEPOPT,6588.6855
2025-11-26 15:00:00,2025,11,26,15,2,-2,AEPOPT,6536.8623
2025-11-26 16:00:00,2025,11,26,16,2,-2,AEPOPT,6577.431
2025-11-26 17:00:00,2025,11,26,17,2,-2,AEPOPT,6800.775299999999
2025-11-26 18:00:00,2025,11,26,18,2,-2,AEPOPT,6853.705800000001
2025-11-26 19:00:00,2025,11,26,19,2,-2,AEPOPT,6780.0996
2025-11-26 20:00:00,2025,11,26,20,2,-2,AEPOPT,6666.864299999999
2025-11-26 21:00:00,2025,11,26,21,2,-2,AEPOPT,6458.7663
2025-11-26 22:00:00,2025,11,26,22,2,-2,AEPOPT,6164.989
2025-11-26 23:00:00,2025,11,26,23,2,-2,AEPOPT,5893.6709
2025-11-27 00:00:00,2025,11,27,0,3,-1,AEPOPT,5696.2426
2025-11-27 01:00:00,2025,11,27,1,3,-1,AEPOPT,5570.1621
2025-11-27 02:00:00,2025,11,27,2,3,-1,AEPOPT,5501.822
2025-11-27 03:00:00,2025,11,27,3,3,-1,AEPOPT,5499.2322
2025-11-27 04:00:00,2025,11,27,4,3,-1,AEPOPT,5564.9415
2025-11-27 05:00:00,2025,11,27,5,3,-1,AEPOPT,5788.2905
2025-11-27 06:00:00,2025,11,27,6,3,-1,AEPOPT,6096.0608999999995
2025-11-27 07:00:00,2025,11,27,7,3,-1,AEPOPT,6364.2666
2025-11-27 08:00:00,2025,11,27,8,3,-1,AEPOPT,6487.6508
2025-11-27 09:00:00,2025,11,27,9,3,-1,AEPOPT,6544.1865
2025-11-27 10:00:00,2025,11,27,10,3,-1,AEPOPT,6588.9166
2025-11-27 11:00:00,2025,11,27,11,3,-1,AEPOPT,6577.539900000001
2025-11-27 12:00:00,2025,11,27,12,3,-1,AEPOPT,6461.1015
2025-11-27 13:00:00,2025,11,27,13,3,-1,AEPOPT,6340.3372
2025-11-27 14:00:00,2025,11,27,14,3,-1,AEPOPT,6212.0684
2025-11-27 15:00:00,2025,11,27,15,3,-1,AEPOPT,6163.1883
2025-11-27 16:00:00,2025,11,27,16,3,-1,AEPOPT,6193.5934
2025-11-27 17:00:00,2025,11,27,17,3,-1,AEPOPT,6380.3547
2025-11-27 18:00:00,2025,11,27,18,3,-1,AEPOPT,6413.6701
2025-11-27 19:00:00,2025,11,27,19,3,-1,AEPOPT,6373.0043
2025-11-27 20:00:00,2025,11,27,20,3,-1,AEPOPT,6305.7438999999995
2025-11-27 21:00:00,2025,11,27,21,3,-1,AEPOPT,6160.5506000000005
2025-11-27 22:00:00,2025,11,27,22,3,-1,AEPOPT,5943.0305
2025-11-27 23:00:00,2025,11,27,23,3,-1,AEPOPT,5753.354
2025-11-28 00:00:00,2025,11,28,0,4,0,AEPOPT,5594.5514
2025-11-28 01:00:00,2025,11,28,1,4,0,AEPOPT,5517.4542
2025-11-28 02:00:00,2025,11,28,2,4,0,AEPOPT,5483.451
2025-11-28 03:00:00,2025,11,28,3,4,0,AEPOPT,5497.2847
2025-11-28 04:00:00,2025,11,28,4,4,0,AEPOPT,5596.082
2025-11-28 05:00:00,2025,11,28,5,4,0,AEPOPT,5809.4671
2025-11-28 06:00:00,2025,11,28,6,4,0,AEPOPT,6156.9862
2025-11-28 07:00:00,2025,11,28,7,4,0,AEPOPT,6392.5752
2025-11-28 08:00:00,2025,11,28,8,4,0,AEPOPT,6501.7819
2025-11-28 09:00:00,2025,11,28,9,4,0,AEPOPT,6581.928900000001
2025-11-28 10:00:00,2025,11,28,10,4,0,AEPOPT,6602.2083
2025-11-28 11:00:00,2025,11,28,11,4,0,AEPOPT,6601.3901
2025-11-28 12:00:00,2025,11,28,12,4,0,AEPOPT,6564.712799999999
2025-11-28 13:00:00,2025,11,28,13,4,0,AEPOPT,6510.6138
2025-11-28 14:00:00,2025,11,28,14,4,0,AEPOPT,6424.086
2025-11-28 15:00:00,2025,11,28,15,4,0,AEPOPT,6385.9457999999995
2025-11-28 16:00:00,2025,11,28,16,4,0,AEPOPT,6459.8544999999995
2025-11-28 17:00:00,2025,11,28,17,4,0,AEPOPT,6716.682000000001
2025-11-28 18:00:00,2025,11,28,18,4,0,AEPOPT,6721.1957999999995
2025-11-28 19:00:00,2025,11,28,19,4,0,AEPOPT,6663.4031
2025-11-28 20:00:00,2025,11,28,20,4,0,AEPOPT,6587.423
2025-11-28 21:00:00,2025,11,28,21,4,0,AEPOPT,6433.9347
2025-11-28 22:00:00,2025,11,28,22,4,0,AEPOPT,6257.3156
2025-11-28 23:00:00,2025,11,28,23,4,0,AEPOPT,6026.2797
2025-11-19 00:00:00,2025,11,19,0,2,-9,AP,5326.9136
2025-11-19 01:00:00,2025,11,19,1,2,-9,AP,5239.2525000000005
2025-11-19 02:00:00,2025,11,19,2,2,-9,AP,5212.628
2025-11-19 03:00:00,2025,11,19,3,2,-9,AP,5243.1347000000005
2025-11-19 04:00:00,2025,11,19,4,2,-9,AP,5369.715099999999
2025-11-19 05:00:00,2025,11,19,5,2,-9,AP,5627.9549
2025-11-19 06:00:00,2025,11,19,6,2,-9,AP,6021.1501
2025-11-19 07:00:00,2025,11,19,7,2,-9,AP,6223.5229
2025-11-19 08:00:00,2025,11,19,8,2,-9,AP,6179.4411
2025-11-19 09:00:00,2025,11,19,9,2,-9,AP,6027.5232000000005
2025-11-19 10:00:00,2025,11,19,10,2,-9,AP,5867.826
2025-11-19 11:00:00,2025,11,19,11,2,-9,AP,5747.4729
2025-11-19 12:00:00,2025,11,19,12,2,-9,AP,5634.5776
2025-11-19 13:00:00,2025,11,19,13,2,-9,AP,5573.5231
2025-11-19 14:00:00,2025,11,19,14,2,-9,AP,5513.178900000001
2025-11-19 15:00:00,2025,11,19,15,2,-9,AP,5525.9505
2025-11-19 16:00:00,2025,11,19,16,2,-9,AP,5658.1475
2025-11-19 17:00:00,2025,11,19,17,2,-9,AP,5939.7228000000005
2025-11-19 18:00:00,2025,11,19,18,2,-9,AP,5957.6561
2025-11-19 19:00:00,2025,11,19,19,2,-9,AP,5933.5117
2025-11-19 20:00:00,2025,11,19,20,2,-9,AP,5850.7195
2025-11-19 21:00:00,2025,11,19,21,2,-9,AP,5683.5491999999995
2025-11-19 22:00:00,2025,11,19,22,2,-9,AP,5439.0085
2025-11-19 23:00:00,2025,11,19,23,2,-9,AP,5228.7977
2025-11-20 00:00:00,2025,11,20,0,3,-8,AP,5079.9425
2025-11-20 01:00:00,2025,11,20,1,3,-8,AP,4995.1943
2025-11-20 02:00:00,2025,11,20,2,3,-8,AP,4972.5697
2025-11-20 03:00:00,2025,11,20,3,3,-8,AP,4985.764
2025-11-20 04:00:00,2025,11,20,4,3,-8,AP,5086.9443
2025-11-20 05:00:00,2025,11,20,5,3,-8,AP,5279.807
2025-11-20 06:00:00,2025,11,20,6,3,-8,AP,5588.4175000000005
2025-11-20 07:00:00,2025,11,20,7,3,-8,AP,5784.8081999999995
2025-11-20 08:00:00,2025,11,20,8,3,-8,AP,5807.569
2025-11-20 09:00:00,2025,11,20,9,3,-8,AP,5756.8692
2025-11-20 10:00:00,2025,11,20,10,3,-8,AP,5718.7397
2025-11-20 11:00:00,2025,11,20,11,3,-8,AP,5653.8431
2025-11-20 12:00:00,2025,11,20,12,3,-8,AP,5546.537399999999
2025-11-20 13:00:00,2025,11,20,13,3,-8,AP,5409.862999999999
2025-11-20 14:00:00,2025,11,20,14,3,-8,AP,5299.2321
2025-11-20 15:00:00,2025,11,20,15,3,-8,AP,5269.4339
2025-11-20 16:00:00,2025,11,20,16,3,-8,AP,5328.1693
2025-11-20 17:00:00,2025,11,20,17,3,-8,AP,5548.7567
2025-11-20 18:00:00,2025,11,20,18,3,-8,AP,5569.7448
2025-11-20 19:00:00,2025,11,20,19,3,-8,AP,5556.821
2025-11-20 20:00:00,2025,11,20,20,3,-8,AP,5509.4978
2025-11-20 21:00:00,2025,11,20,21,3,-8,AP,5380.4924
2025-11-20 22:00:00,2025,11,20,22,3,-8,AP,5203.2903
2025-11-20 23:00:00,2025,11,20,23,3,-8,AP,5023.2629
2025-11-21 00:00:00,2025,11,21,0,4,-7,AP,4898.7579
2025-11-21 01:00:00,2025,11,21,1,4,-7,AP,4822.2852
2025-11-21 02:00:00,2025,11,21,2,4,-7,AP,4812.3563
2025-11-21 03:00:00,2025,11,21,3,4,-7,AP,4838.9364000000005
2025-11-21 04:00:00,2025,11,21,4,4,-7,AP,4949.05
2025-11-21 05:00:00,2025,11,21,5,4,-7,AP,5167.2752
2025-11-21 06:00:00,2025,11,21,6,4,-7,AP,5490.020399999999
2025-11-21 07:00:00,2025,11,21,7,4,-7,AP,5696.2979
2025-11-21 08:00:00,2025,11,21,8,4,-7,AP,5750.5423
2025-11-21 09:00:00,2025,11,21,9,4,-7,AP,5739.633
2025-11-21 10:00:00,2025,11,21,10,4,-7,AP,5698.2419
2025-11-21 11:00:00,2025,11,21,11,4,-7,AP,5652.339900000001
2025-11-21 12:00:00,2025,11,21,12,4,-7,AP,5607.5091
2025-11-21 13:00:00,2025,11,21,13,4,-7,AP,5567.3315
2025-11-21 14:00:00,2025,11,21,14,4,-7,AP,5539.8794
2025-11-21 15:00:00,2025,11,21,15,4,-7,AP,5560.6183
2025-11-21 16:00:00,2025,11,21,16,4,-7,AP,5698.8252
2025-11-21 17:00:00,2025,11,21,17,4,-7,AP,5946.79
2025-11-21 18:00:00,2025,11,21,18,4,-7,AP,5953.9183
2025-11-21 19:00:00,2025,11,21,19,4,-7,AP,5900.360500000001
2025-11-21 20:00:00,2025,11,21,20,4,-7,AP,5823.6751
2025-11-21 21:00:00,2025,11,21,21,4,-7,AP,5680.587799999999
2025-11-21 22:00:00,2025,11,21,22,4,-7,AP,5478.0738
2025-11-21 23:00:00,2025,11,21,23,4,-7,AP,5291.2567
2025-11-22 00:00:00,2025,11,22,0,5,-6,AP,5121.3315999999995
2025-11-22 01:00:00,2025,11,22,1,5,-6,AP,5034.780000000001
2025-11-22 02:00:00,2025,11,22,2,5,-6,AP,5010.7826000000005
2025-11-22 03:00:00,2025,11,22,3,5,-6,AP,5011.799000000001
2025-11-22 04:00:00,2025,11,22,4,5,-6,AP,5076.3928
2025-11-22 05:00:00,2025,11,22,5,5,-6,AP,5222.2958
2025-11-22 06:00:00,2025,11,22,6,5,-6,AP,5424.123
2025-11-22 07:00:00,2025,11,22,7,5,-6,AP,5600.7
2025-11-22 08:00:00,2025,11,22,8,5,-6,AP,5682.2518
2025-11-22 09:00:00,2025,11,22,9,5,-6,AP,5637.736
2025-11-22 10:00:00,2025,11,22,10,5,-6,AP,5574.4598
2025-11-22 11:00:00,2025,11,22,11,5,-6,AP,5492.4196
2025-11-22 12:00:00,2025,11,22,12,5,-6,AP,5401.0104
2025-11-22 13:00:00,2025,11,22,13,5,-6,AP,5307.9552
2025-11-22 14:00:00,2025,11,22,14,5,-6,AP,5245.1488
2025-11-22 15:00:00,2025,11,22,15,5,-6,AP,5298.3258000000005
2025-11-22 16:00:00,2025,11,22,16,5,-6,AP,5447.915
2025-11-22 17:00:00,2025,11,22,17,5,-6,AP,5735.6278
2025-11-22 18:00:00,2025,11,22,18,5,-6,AP,5757.7029999999995
2025-11-22 19:00:00,2025,11,22,19,5,-6,AP,5728.4718
2025-11-22 20:00:00,2025,11,22,20,5,-6,AP,5667.362999999999
2025-11-22 21:00:00,2025,11,22,21,5,-6,AP,5542.1614
2025-11-22 22:00:00,2025,11,22,22,5,-6,AP,5373.811
2025-11-22 23:00:00,2025,11,22,23,5,-6,AP,5207.1462
2025-11-23 00:00:00,2025,11,23,0,6,-5,AP,5063.0044
2025-11-23 01:00:00,2025,11,23,1,6,-5,AP,4988.5066
2025-11-23 02:00:00,2025,11,23,2,6,-5,AP,4962.1398
2025-11-23 03:00:00,2025,11,23,3,6,-5,AP,4960.2292
2025-11-23 04:00:00,2025,11,23,4,6,-5,AP,5032.4858
2025-11-23 05:00:00,2025,11,23,5,6,-5,AP,5156.445
2025-11-23 06:00:00,2025,11,23,6,6,-5,AP,5307.8982
2025-11-23 07:00:00,2025,11,23,7,6,-5,AP,5490.924000000001
2025-11-23 08:00:00,2025,11,23,8,6,-5,AP,5599.4672
2025-11-23 09:00:00,2025,11,23,9,6,-5,AP,5583.6462
2025-11-23 10:00:00,2025,11,23,10,6,-5,AP,5507.8174
2025-11-23 11:00:00,2025,11,23,11,6,-5,AP,5441.1408
2025-11-23 12:00:00,2025,11,23,12,6,-5,AP,5374.138
2025-11-23 13:00:00,2025,11,23,13,6,-5,AP,5266.7144
2025-11-23 14:00:00,2025,11,23,14,6,-5,AP,5222.876
2025-11-23 15:00:00,2025,11,23,15,6,-5,AP,5291.796
2025-11-23 16:00:00,2025,11,23,16,6,-5,AP,5520.1704
2025-11-23 17:00:00,2025,11,23,17,6,-5,AP,5869.3584
2025-11-23 18:00:00,2025,11,23,18,6,-5,AP,5921.2624
2025-11-23 19:00:00,2025,11,23,19,6,-5,AP,5893.7542
2025-11-23 20:00:00,2025,11,23,20,6,-5,AP,5827.0926
2025-11-23 21:00:00,2025,11,23,21,6,-5,AP,5679.9598
2025-11-23 22:00:00,2025,11,23,22,6,-5,AP,5469.4364000000005
2025-11-23 23:00:00,2025,11,23,23,6,-5,AP,5313.614
2025-11-24 00:00:00,2025,11,24,0,0,-4,AP,5218.963000000001
2025-11-24 01:00:00,2025,11,24,1,0,-4,AP,5189.4496
2025-11-24 02:00:00,2025,11,24,2,0,-4,AP,5220.5178
2025-11-24 03:00:00,2025,11,24,3,0,-4,AP,5289.5016000000005
2025-11-24 04:00:00,2025,11,24,4,0,-4,AP,5428.5936
2025-11-24 05:00:00,2025,11,24,5,0,-4,AP,5716.957
2025-11-24 06:00:00,2025,11,24,6,0,-4,AP,6148.208199999999
2025-11-24 07:00:00,2025,11,24,7,0,-4,AP,6397.8012
2025-11-24 08:00:00,2025,11,24,8,0,-4,AP,6316.109600000001
2025-11-24 09:00:00,2025,11,24,9,0,-4,AP,6126.1184
2025-11-24 10:00:00,2025,11,24,10,0,-4,AP,6025.885
2025-11-24 11:00:00,2025,11,24,11,0,-4,AP,5869.9654
2025-11-24 12:00:00,2025,11,24,12,0,-4,AP,5751.6813999999995
2025-11-24 13:00:00,2025,11,24,13,0,-4,AP,5697.288
2025-11-24 14:00:00,2025,11,24,14,0,-4,AP,5701.2516
2025-11-24 15:00:00,2025,11,24,15,0,-4,AP,5732.9906
2025-11-24 16:00:00,2025,11,24,16,0,-4,AP,5915.0296
2025-11-24 17:00:00,2025,11,24,17,0,-4,AP,6225.0818
2025-11-24 18:00:00,2025,11,24,18,0,-4,AP,6278.6748
2025-11-24 19:00:00,2025,11,24,19,0,-4,AP,6225.8616
2025-11-24 20:00:00,2025,11,24,20,0,-4,AP,6162.4258
2025-11-24 21:00:00,2025,11,24,21,0,-4,AP,5967.071
2025-11-24 22:00:00,2025,11,24,22,0,-4,AP,5707.8914
2025-11-24 23:00:00,2025,11,24,23,0,-4,AP,5497.6452
2025-11-25 00:00:00,2025,11,25,0,1,-3,AP,5345.5122
2025-11-25 01:00:00,2025,11,25,1,1,-3,AP,5265.0098
2025-11-25 02:00:00,2025,11,25,2,1,-3,AP,5255.270399999999
2025-11-25 03:00:00,2025,11,25,3,1,-3,AP,5285.3128
2025-11-25 04:00:00,2025,11,25,4,1,-3,AP,5395.3026
2025-11-25 05:00:00,2025,11,25,5,1,-3,AP,5665.8733999999995
2025-11-25 06:00:00,2025,11,25,6,1,-3,AP,6080.4358
2025-11-25 07:00:00,2025,11,25,7,1,-3,AP,6303.3494
2025-11-25 08:00:00,2025,11,25,8,1,-3,AP,6249.732
2025-11-25 09:00:00,2025,11,25,9,1,-3,AP,6108.479600000001
2025-11-25 10:00:00,2025,11,25,10,1,-3,AP,6008.355799999999
2025-11-25 11:00:00,2025,11,25,11,1,-3,AP,5922.6136
2025-11-25 12:00:00,2025,11,25,12,1,-3,AP,5839.426600000001
2025-11-25 13:00:00,2025,11,25,13,1,-3,AP,5739.1528
2025-11-25 14:00:00,2025,11,25,14,1,-3,AP,5669.052
2025-11-25 15:00:00,2025,11,25,15,1,-3,AP,5691.211
2025-11-25 16:00:00,2025,11,25,16,1,-3,AP,5835.018
2025-11-25 17:00:00,2025,11,25,17,1,-3,AP,6188.507
2025-11-25 18:00:00,2025,11,25,18,1,-3,AP,6227.1512
2025-11-25 19:00:00,2025,11,25,19,1,-3,AP,6197.8786
2025-11-25 20:00:00,2025,11,25,20,1,-3,AP,6112.7991999999995
2025-11-25 21:00:00,2025,11,25,21,1,-3,AP,5963.3516
2025-11-25 22:00:00,2025,11,25,22,1,-3,AP,5703.022999999999
2025-11-25 23:00:00,2025,11,25,23,1,-3,AP,5506.683
2025-11-26 00:00:00,2025,11,26,0,2,-2,AP,5326.9136
2025-11-26 01:00:00,2025,11,26,1,2,-2,AP,5239.2525000000005
2025-11-26 02:00:00,2025,11,26,2,2,-2,AP,5212.628
2025-11-26 03:00:00,2025,11,26,3,2,-2,AP,5243.1347000000005
2025-11-26 04:00:00,2025,11,26,4,2,-2,AP,5369.715099999999
2025-11-26 05:00:00,2025,11,26,5,2,-2,AP,5627.9549
2025-11-26 06:00:00,2025,11,26,6,2,-2,AP,6021.1501
2025-11-26 07:00:00,2025,11,26,7,2,-2,AP,6223.5229
2025-11-26 08:00:00,2025,11,26,8,2,-2,AP,6179.4411
2025-11-26 09:00:00,2025,11,26,9,2,-2,AP,6027.5232000000005
2025-11-26 10:00:00,2025,11,26,10,2,-2,AP,5867.826
2025-11-26 11:00:00,2025,11,26,11,2,-2,AP,5747.4729
2025-11-26 12:00:00,2025,11,26,12,2,-2,AP,5634.5776
2025-11-26 13:00:00,2025,11,26,13,2,-2,AP,5573.5231
2025-11-26 14:00:00,2025,11,26,14,2,-2,AP,5513.178900000001
2025-11-26 15:00:00,2025,11,26,15,2,-2,AP,5525.9505
2025-11-26 16:00:00,2025,11,26,16,2,-2,AP,5658.1475
2025-11-26 17:00:00,2025,11,26,17,2,-2,AP,5939.7228000000005
2025-11-26 18:00:00,2025,11,26,18,2,-2,AP,5957.6561
2025-11-26 19:00:00,2025,11,26,19,2,-2,AP,5933.5117
2025-11-26 20:00:00,2025,11,26,20,2,-2,AP,5850.7195
2025-11-26 21:00:00,2025,11,26,21,2,-2,AP,5683.5491999999995
2025-11-26 22:00:00,2025,11,26,22,2,-2,AP,5439.0085
2025-11-26 23:00:00,2025,11,26,23,2,-2,AP,5228.7977
2025-11-27 00:00:00,2025,11,27,0,3,-1,AP,5079.9425
2025-11-27 01:00:00,2025,11,27,1,3,-1,AP,4995.1943
2025-11-27 02:00:00,2025,11,27,2,3,-1,AP,4972.5697
2025-11-27 03:00:00,2025,11,27,3,3,-1,AP,4985.764
2025-11-27 04:00:00,2025,11,27,4,3,-1,AP,5086.9443
2025-11-27 05:00:00,2025,11,27,5,3,-1,AP,5279.807
2025-11-27 06:00:00,2025,11,27,6,3,-1,AP,5588.4175000000005
2025-11-27 07:00:00,2025,11,27,7,3,-1,AP,5784.8081999999995
2025-11-27 08:00:00,2025,11,27,8,3,-1,AP,5807.569
2025-11-27 09:00:00,2025,11,27,9,3,-1,AP,5756.8692
2025-11-27 10:00:00,2025,11,27,10,3,-1,AP,5718.7397
2025-11-27 11:00:00,2025,11,27,11,3,-1,AP,5653.8431
2025-11-27 12:00:00,2025,11,27,12,3,-1,AP,5546.537399999999
2025-11-27 13:00:00,2025,11,27,13,3,-1,AP,5409.862999999999
2025-11-27 14:00:00,2025,11,27,14,3,-1,AP,5299.2321
2025-11-27 15:00:00,2025,11,27,15,3,-1,AP,5269.4339
2025-11-27 16:00:00,2025,11,27,16,3,-1,AP,5328.1693
2025-11-27 17:00:00,2025,11,27,17,3,-1,AP,5548.7567
2025-11-27 18:00:00,2025,11,27,18,3,-1,AP,5569.7448
2025-11-27 19:00:00,2025,11,27,19,3,-1,AP,5556.821
2025-11-27 20:00:00,2025,11,27,20,3,-1,AP,5509.4978
2025-11-27 21:00:00,2025,11,27,21,3,-1,AP,5380.4924
2025-11-27 22:00:00,2025,11,27,22,3,-1,AP,5203.2903
2025-11-27 23:00:00,2025,11,27,23,3,-1,AP,5023.2629
2025-11-28 00:00:00,2025,11,28,0,4,0,AP,4898.7579
2025-11-28 01:00:00,2025,11,28,1,4,0,AP,4822.2852
2025-11-28 02:00:00,2025,11,28,2,4,0,AP,4812.3563
2025-11-28 03:00:00,2025,11,28,3,4,0,AP,4838.9364000000005
2025-11-28 04:00:00,2025,11,28,4,4,0,AP,4949.05
2025-11-28 05:00:00,2025,11,28,5,4,0,AP,5167.2752
2025-11-28 06:00:00,2025,11,28,6,4,0,AP,5490.020399999999
2025-11-28 07:00:00,2025,11,28,7,4,0,AP,5696.2979
2025-11-28 08:00:00,2025,11,28,8,4,0,AP,5750.5423
2025-11-28 09:00:00,2025,11,28,9,4,0,AP,5739.633
2025-11-28 10:00:00,2025,11,28,10,4,0,AP,5698.2419
2025-11-28 11:00:00,2025,11,28,11,4,0,AP,5652.339900000001
2025-11-28 12:00:00,2025,11,28,12,4,0,AP,5607.5091
2025-11-28 13:00:00,2025,11,28,13,4,0,AP,5567.3315
2025-11-28 14:00:00,2025,11,28,14,4,0,AP,5539.8794
2025-11-28 15:00:00,2025,11,28,15,4,0,AP,5560.6183
2025-11-28 16:00:00,2025,11,28,16,4,0,AP,5698.8252
2025-11-28 17:00:00,2025,11,28,17,4,0,AP,5946.79
2025-11-28 18:00:00,2025,11,28,18,4,0,AP,5953.9183
2025-11-28 19:00:00,2025,11,28,19,4,0,AP,5900.360500000001
2025-11-28 20:00:00,2025,11,28,20,4,0,AP,5823.6751
2025-11-28 21:00:00,2025,11,28,21,4,0,AP,5680.587799999999
2025-11-28 22:00:00,2025,11,28,22,4,0,AP,5478.0738
2025-11-28 23:00:00,2025,11,28,23,4,0,AP,5291.2567
2025-11-19 00:00:00,2025,11,19,0,2,-9,BC,2990.2037
2025-11-19 01:00:00,2025,11,19,1,2,-9,BC,2920.6673
2025-11-19 02:00:00,2025,11,19,2,2,-9,BC,2897.5207
2025-11-19 03:00:00,2025,11,19,3,2,-9,BC,2924.4474999999998
2025-11-19 04:00:00,2025,11,19,4,2,-9,BC,3027.0544
2025-11-19 05:00:00,2025,11,19,5,2,-9,BC,3244.3082999999997
2025-11-19 06:00:00,2025,11,19,6,2,-9,BC,3543.3352
2025-11-19 07:00:00,2025,11,19,7,2,-9,BC,3672.7178999999996
2025-11-19 08:00:00,2025,11,19,8,2,-9,BC,3589.017
2025-11-19 09:00:00,2025,11,19,9,2,-9,BC,3419.9788999999996
2025-11-19 10:00:00,2025,11,19,10,2,-9,BC,3295.7400000000002
2025-11-19 11:00:00,2025,11,19,11,2,-9,BC,3222.0478
2025-11-19 12:00:00,2025,11,19,12,2,-9,BC,3177.0760999999998
2025-11-19 13:00:00,2025,11,19,13,2,-9,BC,3163.3449
2025-11-19 14:00:00,2025,11,19,14,2,-9,BC,3178.568
2025-11-19 15:00:00,2025,11,19,15,2,-9,BC,3247.1256000000003
2025-11-19 16:00:00,2025,11,19,16,2,-9,BC,3425.0114999999996
2025-11-19 17:00:00,2025,11,19,17,2,-9,BC,3659.1478
2025-11-19 18:00:00,2025,11,19,18,2,-9,BC,3663.1652000000004
2025-11-19 19:00:00,2025,11,19,19,2,-9,BC,3614.6233
2025-11-19 20:00:00,2025,11,19,20,2,-9,BC,3537.3983999999996
2025-11-19 21:00:00,2025,11,19,21,2,-9,BC,3417.2339999999995
2025-11-19 22:00:00,2025,11,19,22,2,-9,BC,3233.4031999999997
2025-11-19 23:00:00,2025,11,19,23,2,-9,BC,3052.7294
2025-11-20 00:00:00,2025,11,20,0,3,-8,BC,2924.3214
2025-11-20 01:00:00,2025,11,20,1,3,-8,BC,2853.5243
2025-11-20 02:00:00,2025,11,20,2,3,-8,BC,2823.3106
2025-11-20 03:00:00,2025,11,20,3,3,-8,BC,2841.4168
2025-11-20 04:00:00,2025,11,20,4,3,-8,BC,2925.2515
2025-11-20 05:00:00,2025,11,20,5,3,-8,BC,3105.5744999999997
2025-11-20 06:00:00,2025,11,20,6,3,-8,BC,3350.6153
2025-11-20 07:00:00,2025,11,20,7,3,-8,BC,3464.0868
2025-11-20 08:00:00,2025,11,20,8,3,-8,BC,3428.5305
2025-11-20 09:00:00,2025,11,20,9,3,-8,BC,3318.0337
2025-11-20 10:00:00,2025,11,20,10,3,-8,BC,3242.5531
2025-11-20 11:00:00,2025,11,20,11,3,-8,BC,3196.1031
2025-11-20 12:00:00,2025,11,20,12,3,-8,BC,3188.8439
2025-11-20 13:00:00,2025,11,20,13,3,-8,BC,3183.0913
2025-11-20 14:00:00,2025,11,20,14,3,-8,BC,3164.5651000000003
2025-11-20 15:00:00,2025,11,20,15,3,-8,BC,3184.8367000000003
2025-11-20 16:00:00,2025,11,20,16,3,-8,BC,3276.3869
2025-11-20 17:00:00,2025,11,20,17,3,-8,BC,3431.4345999999996
2025-11-20 18:00:00,2025,11,20,18,3,-8,BC,3407.3576000000003
2025-11-20 19:00:00,2025,11,20,19,3,-8,BC,3365.1591999999996
2025-11-20 20:00:00,2025,11,20,20,3,-8,BC,3314.8592
2025-11-20 21:00:00,2025,11,20,21,3,-8,BC,3230.413
2025-11-20 22:00:00,2025,11,20,22,3,-8,BC,3096.6088
2025-11-20 23:00:00,2025,11,20,23,3,-8,BC,2955.1626
2025-11-21 00:00:00,2025,11,21,0,4,-7,BC,2855.2929
2025-11-21 01:00:00,2025,11,21,1,4,-7,BC,2792.5329
2025-11-21 02:00:00,2025,11,21,2,4,-7,BC,2771.0556
2025-11-21 03:00:00,2025,11,21,3,4,-7,BC,2788.0326999999997
2025-11-21 04:00:00,2025,11,21,4,4,-7,BC,2870.2861000000003
2025-11-21 05:00:00,2025,11,21,5,4,-7,BC,3054.966
2025-11-21 06:00:00,2025,11,21,6,4,-7,BC,3311.7722999999996
2025-11-21 07:00:00,2025,11,21,7,4,-7,BC,3421.0407
2025-11-21 08:00:00,2025,11,21,8,4,-7,BC,3390.6537
2025-11-21 09:00:00,2025,11,21,9,4,-7,BC,3339.3641000000002
2025-11-21 10:00:00,2025,11,21,10,4,-7,BC,3285.887
2025-11-21 11:00:00,2025,11,21,11,4,-7,BC,3232.9743
2025-11-21 12:00:00,2025,11,21,12,4,-7,BC,3200.5733
2025-11-21 13:00:00,2025,11,21,13,4,-7,BC,3211.6407
2025-11-21 14:00:00,2025,11,21,14,4,-7,BC,3232.0293
2025-11-21 15:00:00,2025,11,21,15,4,-7,BC,3294.9201999999996
2025-11-21 16:00:00,2025,11,21,16,4,-7,BC,3465.3029
2025-11-21 17:00:00,2025,11,21,17,4,-7,BC,3686.9934999999996
2025-11-21 18:00:00,2025,11,21,18,4,-7,BC,3666.2176
2025-11-21 19:00:00,2025,11,21,19,4,-7,BC,3609.8836
2025-11-21 20:00:00,2025,11,21,20,4,-7,BC,3541.9735
2025-11-21 21:00:00,2025,11,21,21,4,-7,BC,3443.6862
2025-11-21 22:00:00,2025,11,21,22,4,-7,BC,3301.9623
2025-11-21 23:00:00,2025,11,21,23,4,-7,BC,3158.4436
2025-11-22 00:00:00,2025,11,22,0,5,-6,BC,3003.3545999999997
2025-11-22 01:00:00,2025,11,22,1,5,-6,BC,2925.798
2025-11-22 02:00:00,2025,11,22,2,5,-6,BC,2888.8606
2025-11-22 03:00:00,2025,11,22,3,5,-6,BC,2889.7482
2025-11-22 04:00:00,2025,11,22,4,5,-6,BC,2936.0604
2025-11-22 05:00:00,2025,11,22,5,5,-6,BC,3048.6264
2025-11-22 06:00:00,2025,11,22,6,5,-6,BC,3201.037
2025-11-22 07:00:00,2025,11,22,7,5,-6,BC,3311.2172
2025-11-22 08:00:00,2025,11,22,8,5,-6,BC,3329.2886
2025-11-22 09:00:00,2025,11,22,9,5,-6,BC,3232.2478
2025-11-22 10:00:00,2025,11,22,10,5,-6,BC,3131.4636
2025-11-22 11:00:00,2025,11,22,11,5,-6,BC,3069.4849999999997
2025-11-22 12:00:00,2025,11,22,12,5,-6,BC,3024.596
2025-11-22 13:00:00,2025,11,22,13,5,-6,BC,3006.8854
2025-11-22 14:00:00,2025,11,22,14,5,-6,BC,3029.082
2025-11-22 15:00:00,2025,11,22,15,5,-6,BC,3107.9638
2025-11-22 16:00:00,2025,11,22,16,5,-6,BC,3287.3478000000005
2025-11-22 17:00:00,2025,11,22,17,5,-6,BC,3492.8172
2025-11-22 18:00:00,2025,11,22,18,5,-6,BC,3500.1564
2025-11-22 19:00:00,2025,11,22,19,5,-6,BC,3463.1264
2025-11-22 20:00:00,2025,11,22,20,5,-6,BC,3414.888
2025-11-22 21:00:00,2025,11,22,21,5,-6,BC,3340.4036
2025-11-22 22:00:00,2025,11,22,22,5,-6,BC,3212.2095999999997
2025-11-22 23:00:00,2025,11,22,23,5,-6,BC,3080.8186
2025-11-23 00:00:00,2025,11,23,0,6,-5,BC,2973.7138
2025-11-23 01:00:00,2025,11,23,1,6,-5,BC,2898.6385999999998
2025-11-23 02:00:00,2025,11,23,2,6,-5,BC,2860.7781999999997
2025-11-23 03:00:00,2025,11,23,3,6,-5,BC,2854.7608
2025-11-23 04:00:00,2025,11,23,4,6,-5,BC,2886.875
2025-11-23 05:00:00,2025,11,23,5,6,-5,BC,2974.1282
2025-11-23 06:00:00,2025,11,23,6,6,-5,BC,3105.834
2025-11-23 07:00:00,2025,11,23,7,6,-5,BC,3206.3976
2025-11-23 08:00:00,2025,11,23,8,6,-5,BC,3247.4080000000004
2025-11-23 09:00:00,2025,11,23,9,6,-5,BC,3182.4812
2025-11-23 10:00:00,2025,11,23,10,6,-5,BC,3121.1794
2025-11-23 11:00:00,2025,11,23,11,6,-5,BC,3080.5322
2025-11-23 12:00:00,2025,11,23,12,6,-5,BC,3072.4066
2025-11-23 13:00:00,2025,11,23,13,6,-5,BC,3076.0042000000003
2025-11-23 14:00:00,2025,11,23,14,6,-5,BC,3101.0386000000003
2025-11-23 15:00:00,2025,11,23,15,6,-5,BC,3182.1498
2025-11-23 16:00:00,2025,11,23,16,6,-5,BC,3389.3612000000003
2025-11-23 17:00:00,2025,11,23,17,6,-5,BC,3636.6377999999995
2025-11-23 18:00:00,2025,11,23,18,6,-5,BC,3657.3146
2025-11-23 19:00:00,2025,11,23,19,6,-5,BC,3627.4422
2025-11-23 20:00:00,2025,11,23,20,6,-5,BC,3561.2012000000004
2025-11-23 21:00:00,2025,11,23,21,6,-5,BC,3438.064
2025-11-23 22:00:00,2025,11,23,22,6,-5,BC,3255.7522
2025-11-23 23:00:00,2025,11,23,23,6,-5,BC,3081.9436
2025-11-24 00:00:00,2025,11,24,0,0,-4,BC,2966.1646
2025-11-24 01:00:00,2025,11,24,1,0,-4,BC,2907.5330000000004
2025-11-24 02:00:00,2025,11,24,2,0,-4,BC,2885.7326000000003
2025-11-24 03:00:00,2025,11,24,3,0,-4,BC,2912.1914
2025-11-24 04:00:00,2025,11,24,4,0,-4,BC,3031.6018
2025-11-24 05:00:00,2025,11,24,5,0,-4,BC,3275.6736
2025-11-24 06:00:00,2025,11,24,6,0,-4,BC,3602.968
2025-11-24 07:00:00,2025,11,24,7,0,-4,BC,3757.9660000000003
2025-11-24 08:00:00,2025,11,24,8,0,-4,BC,3671.6344
2025-11-24 09:00:00,2025,11,24,9,0,-4,BC,3493.1411999999996
2025-11-24 10:00:00,2025,11,24,10,0,-4,BC,3367.6315999999997
2025-11-24 11:00:00,2025,11,24,11,0,-4,BC,3277.1014000000005
2025-11-24 12:00:00,2025,11,24,12,0,-4,BC,3234.3564
2025-11-24 13:00:00,2025,11,24,13,0,-4,BC,3202.7128000000002
2025-11-24 14:00:00,2025,11,24,14,0,-4,BC,3216.5494
2025-11-24 15:00:00,2025,11,24,15,0,-4,BC,3326.2236
2025-11-24 16:00:00,2025,11,24,16,0,-4,BC,3544.704
2025-11-24 17:00:00,2025,11,24,17,0,-4,BC,3823.4700000000003
2025-11-24 18:00:00,2025,11,24,18,0,-4,BC,3841.3366
2025-11-24 19:00:00,2025,11,24,19,0,-4,BC,3797.5860000000002
2025-11-24 20:00:00,2025,11,24,20,0,-4,BC,3719.9494
2025-11-24 21:00:00,2025,11,24,21,0,-4,BC,3582.4182
2025-11-24 22:00:00,2025,11,24,22,0,-4,BC,3382.6784
2025-11-24 23:00:00,2025,11,24,23,0,-4,BC,3188.7286
2025-11-25 00:00:00,2025,11,25,0,1,-3,BC,3058.4396
2025-11-25 01:00:00,2025,11,25,1,1,-3,BC,2990.1214
2025-11-25 02:00:00,2025,11,25,2,1,-3,BC,2969.7406
2025-11-25 03:00:00,2025,11,25,3,1,-3,BC,2999.9714
2025-11-25 04:00:00,2025,11,25,4,1,-3,BC,3112.1164
2025-11-25 05:00:00,2025,11,25,5,1,-3,BC,3347.3826
2025-11-25 06:00:00,2025,11,25,6,1,-3,BC,3663.9156000000003
2025-11-25 07:00:00,2025,11,25,7,1,-3,BC,3806.15
2025-11-25 08:00:00,2025,11,25,8,1,-3,BC,3731.9559999999997
2025-11-25 09:00:00,2025,11,25,9,1,-3,BC,3565.3876000000005
2025-11-25 10:00:00,2025,11,25,10,1,-3,BC,3435.8026
2025-11-25 11:00:00,2025,11,25,11,1,-3,BC,3343.9792
2025-11-25 12:00:00,2025,11,25,12,1,-3,BC,3296.4954
2025-11-25 13:00:00,2025,11,25,13,1,-3,BC,3282.6097999999997
2025-11-25 14:00:00,2025,11,25,14,1,-3,BC,3289.9878
2025-11-25 15:00:00,2025,11,25,15,1,-3,BC,3371.078
2025-11-25 16:00:00,2025,11,25,16,1,-3,BC,3542.1284
2025-11-25 17:00:00,2025,11,25,17,1,-3,BC,3776.8798
2025-11-25 18:00:00,2025,11,25,18,1,-3,BC,3786.1356
2025-11-25 19:00:00,2025,11,25,19,1,-3,BC,3747.8534
2025-11-25 20:00:00,2025,11,25,20,1,-3,BC,3669.9883999999997
2025-11-25 21:00:00,2025,11,25,21,1,-3,BC,3549.1697999999997
2025-11-25 22:00:00,2025,11,25,22,1,-3,BC,3360.7866000000004
2025-11-25 23:00:00,2025,11,25,23,1,-3,BC,3174.4736000000003
2025-11-26 00:00:00,2025,11,26,0,2,-2,BC,2990.2037
2025-11-26 01:00:00,2025,11,26,1,2,-2,BC,2920.6673
2025-11-26 02:00:00,2025,11,26,2,2,-2,BC,2897.5207
2025-11-26 03:00:00,2025,11,26,3,2,-2,BC,2924.4474999999998
2025-11-26 04:00:00,2025,11,26,4,2,-2,BC,3027.0544
2025-11-26 05:00:00,2025,11,26,5,2,-2,BC,3244.3082999999997
2025-11-26 06:00:00,2025,11,26,6,2,-2,BC,3543.3352
2025-11-26 07:00:00,2025,11,26,7,2,-2,BC,3672.7178999999996
2025-11-26 08:00:00,2025,11,26,8,2,-2,BC,3589.017
2025-11-26 09:00:00,2025,11,26,9,2,-2,BC,3419.9788999999996
2025-11-26 10:00:00,2025,11,26,10,2,-2,BC,3295.7400000000002
2025-11-26 11:00:00,2025,11,26,11,2,-2,BC,3222.0478
2025-11-26 12:00:00,2025,11,26,12,2,-2,BC,3177.0760999999998
2025-11-26 13:00:00,2025,11,26,13,2,-2,BC,3163.3449
2025-11-26 14:00:00,2025,11,26,14,2,-2,BC,3178.568
2025-11-26 15:00:00,2025,11,26,15,2,-2,BC,3247.1256000000003
2025-11-26 16:00:00,2025,11,26,16,2,-2,BC,3425.0114999999996
2025-11-26 17:00:00,2025,11,26,17,2,-2,BC,3659.1478
2025-11-26 18:00:00,2025,11,26,18,2,-2,BC,3663.1652000000004
2025-11-26 19:00:00,2025,11,26,19,2,-2,BC,3614.6233
2025-11-26 20:00:00,2025,11,26,20,2,-2,BC,3537.3983999999996
2025-11-26 21:00:00,2025,11,26,21,2,-2,BC,3417.2339999999995
2025-11-26 22:00:00,2025,11,26,22,2,-2,BC,3233.4031999999997
2025-11-26 23:00:00,2025,11,26,23,2,-2,BC,3052.7294
2025-11-27 00:00:00,2025,11,27,0,3,-1,BC,2924.3214
2025-11-27 01:00:00,2025,11,27,1,3,-1,BC,2853.5243
2025-11-27 02:00:00,2025,11,27,2,3,-1,BC,2823.3106
2025-11-27 03:00:00,2025,11,27,3,3,-1,BC,2841.4168
2025-11-27 04:00:00,2025,11,27,4,3,-1,BC,2925.2515
2025-11-27 05:00:00,2025,11,27,5,3,-1,BC,3105.5744999999997
2025-11-27 06:00:00,2025,11,27,6,3,-1,BC,3350.6153
2025-11-27 07:00:00,2025,11,27,7,3,-1,BC,3464.0868
2025-11-27 08:00:00,2025,11,27,8,3,-1,BC,3428.5305
2025-11-27 09:00:00,2025,11,27,9,3,-1,BC,3318.0337
2025-11-27 10:00:00,2025,11,27,10,3,-1,BC,3242.5531
2025-11-27 11:00:00,2025,11,27,11,3,-1,BC,3196.1031
2025-11-27 12:00:00,2025,11,27,12,3,-1,BC,3188.8439
2025-11-27 13:00:00,2025,11,27,13,3,-1,BC,3183.0913
2025-11-27 14:00:00,2025,11,27,14,3,-1,BC,3164.5651000000003
2025-11-27 15:00:00,2025,11,27,15,3,-1,BC,3184.8367000000003
2025-11-27 16:00:00,2025,11,27,16,3,-1,BC,3276.3869
2025-11-27 17:00:00,2025,11,27,17,3,-1,BC,3431.4345999999996
2025-11-27 18:00:00,2025,11,27,18,3,-1,BC,3407.3576000000003
2025-11-27 19:00:00,2025,11,27,19,3,-1,BC,3365.1591999999996
2025-11-27 20:00:00,2025,11,27,20,3,-1,BC,3314.8592
2025-11-27 21:00:00,2025,11,27,21,3,-1,BC,3230.413
2025-11-27 22:00:00,2025,11,27,22,3,-1,BC,3096.6088
2025-11-27 23:00:00,2025,11,27,23,3,-1,BC,2955.1626
2025-11-28 00:00:00,2025,11,28,0,4,0,BC,2855.2929
2025-11-28 01:00:00,2025,11,28,1,4,0,BC,2792.5329
2025-11-28 02:00:00,2025,11,28,2,4,0,BC,2771.0556
2025-11-28 03:00:00,2025,11,28,3,4,0,BC,2788.0326999999997
2025-11-28 04:00:00,2025,11,28,4,4,0,BC,2870.2861000000003
2025-11-28 05:00:00,2025,11,28,5,4,0,BC,3054.966
2025-11-28 06:00:00,2025,11,28,6,4,0,BC,3311.7722999999996
2025-11-28 07:00:00,2025,11,28,7,4,0,BC,3421.0407
2025-11-28 08:00:00,2025,11,28,8,4,0,BC,3390.6537
2025-11-28 09:00:00,2025,11,28,9,4,0,BC,3339.3641000000002
2025-11-28 10:00:00,2025,11,28,10,4,0,BC,3285.887
2025-11-28 11:00:00,2025,11,28,11,4,0,BC,3232.9743
2025-11-28 12:00:00,2025,11,28,12,4,0,BC,3200.5733
2025-11-28 13:00:00,2025,11,28,13,4,0,BC,3211.6407
2025-11-28 14:00:00,2025,11,28,14,4,0,BC,3232.0293
2025-11-28 15:00:00,2025,11,28,15,4,0,BC,3294.9201999999996
2025-11-28 16:00:00,2025,11,28,16,4,0,BC,3465.3029
2025-11-28 17:00:00,2025,11,28,17,4,0,BC,3686.9934999999996
2025-11-28 18:00:00,2025,11,28,18,4,0,BC,3666.2176
2025-11-28 19:00:00,2025,11,28,19,4,0,BC,3609.8836
2025-11-28 20:00:00,2025,11,28,20,4,0,BC,3541.9735
2025-11-28 21:00:00,2025,11,28,21,4,0,BC,3443.6862
2025-11-28 22:00:00,2025,11,28,22,4,0,BC,3301.9623
2025-11-28 23:00:00,2025,11,28,23,4,0,BC,3158.4436
2025-11-19 00:00:00,2025,11,19,0,2,-9,CE,9348.496000000001
2025-11-19 01:00:00,2025,11,19,1,2,-9,CE,9008.3163
2025-11-19 02:00:00,2025,11,19,2,2,-9,CE,8799.4409
2025-11-19 03:00:00,2025,11,19,3,2,-9,CE,8656.6838
2025-11-19 04:00:00,2025,11,19,4,2,-9,CE,8647.3908
2025-11-19 05:00:00,2025,11,19,5,2,-9,CE,8847.5713
2025-11-19 06:00:00,2025,11,19,6,2,-9,CE,9419.5966
2025-11-19 07:00:00,2025,11,19,7,2,-9,CE,10218.2135
2025-11-19 08:00:00,2025,11,19,8,2,-9,CE,10600.0857
2025-11-19 09:00:00,2025,11,19,9,2,-9,CE,10743.5613
2025-11-19 10:00:00,2025,11,19,10,2,-9,CE,10776.5325
2025-11-19 11:00:00,2025,11,19,11,2,-9,CE,10786.2112
2025-11-19 12:00:00,2025,11,19,12,2,-9,CE,10757.1869
2025-11-19 13:00:00,2025,11,19,13,2,-9,CE,10730.3514
2025-11-19 14:00:00,2025,11,19,14,2,-9,CE,10737.5682
2025-11-19 15:00:00,2025,11,19,15,2,-9,CE,10675.3307
2025-11-19 16:00:00,2025,11,19,16,2,-9,CE,10690.168399999999
2025-11-19 17:00:00,2025,11,19,17,2,-9,CE,11015.51
2025-11-19 18:00:00,2025,11,19,18,2,-9,CE,11227.8201
2025-11-19 19:00:00,2025,11,19,19,2,-9,CE,11004.778699999999
2025-11-19 20:00:00,2025,11,19,20,2,-9,CE,10792.6526
2025-11-19 21:00:00,2025,11,19,21,2,-9,CE,10542.5496
2025-11-19 22:00:00,2025,11,19,22,2,-9,CE,10159.1712
2025-11-19 23:00:00,2025,11,19,23,2,-9,CE,9674.003200000001
2025-11-20 00:00:00,2025,11,20,0,3,-8,CE,9200.138
2025-11-20 01:00:00,2025,11,20,1,3,-8,CE,8865.668099999999
2025-11-20 02:00:00,2025,11,20,2,3,-8,CE,8659.7984
2025-11-20 03:00:00,2025,11,20,3,3,-8,CE,8533.8379
2025-11-20 04:00:00,2025,11,20,4,3,-8,CE,8492.6978
2025-11-20 05:00:00,2025,11,20,5,3,-8,CE,8640.6528
2025-11-20 06:00:00,2025,11,20,6,3,-8,CE,9037.1839
2025-11-20 07:00:00,2025,11,20,7,3,-8,CE,9579.4897
2025-11-20 08:00:00,2025,11,20,8,3,-8,CE,9812.5528
2025-11-20 09:00:00,2025,11,20,9,3,-8,CE,9938.552800000001
2025-11-20 10:00:00,2025,11,20,10,3,-8,CE,10040.0213
2025-11-20 11:00:00,2025,11,20,11,3,-8,CE,10146.2819
2025-11-20 12:00:00,2025,11,20,12,3,-8,CE,10228.788
2025-11-20 13:00:00,2025,11,20,13,3,-8,CE,10230.5995
2025-11-20 14:00:00,2025,11,20,14,3,-8,CE,10246.9728
2025-11-20 15:00:00,2025,11,20,15,3,-8,CE,10204.6575
2025-11-20 16:00:00,2025,11,20,16,3,-8,CE,10209.558
2025-11-20 17:00:00,2025,11,20,17,3,-8,CE,10465.569599999999
2025-11-20 18:00:00,2025,11,20,18,3,-8,CE,10582.623
2025-11-20 19:00:00,2025,11,20,19,3,-8,CE,10388.662
2025-11-20 20:00:00,2025,11,20,20,3,-8,CE,10227.093400000002
2025-11-20 21:00:00,2025,11,20,21,3,-8,CE,10050.511499999999
2025-11-20 22:00:00,2025,11,20,22,3,-8,CE,9778.0484
2025-11-20 23:00:00,2025,11,20,23,3,-8,CE,9386.894900000001
2025-11-21 00:00:00,2025,11,21,0,4,-7,CE,9017.674
2025-11-21 01:00:00,2025,11,21,1,4,-7,CE,8778.3043
2025-11-21 02:00:00,2025,11,21,2,4,-7,CE,8597.8125
2025-11-21 03:00:00,2025,11,21,3,4,-7,CE,8504.4574
2025-11-21 04:00:00,2025,11,21,4,4,-7,CE,8518.7866
2025-11-21 05:00:00,2025,11,21,5,4,-7,CE,8701.4113
2025-11-21 06:00:00,2025,11,21,6,4,-7,CE,9167.495299999999
2025-11-21 07:00:00,2025,11,21,7,4,-7,CE,9823.7673
2025-11-21 08:00:00,2025,11,21,8,4,-7,CE,10104.5361
2025-11-21 09:00:00,2025,11,21,9,4,-7,CE,10226.3595
2025-11-21 10:00:00,2025,11,21,10,4,-7,CE,10267.382300000001
2025-11-21 11:00:00,2025,11,21,11,4,-7,CE,10298.9417
2025-11-21 12:00:00,2025,11,21,12,4,-7,CE,10314.0072
2025-11-21 13:00:00,2025,11,21,13,4,-7,CE,10273.788199999999
2025-11-21 14:00:00,2025,11,21,14,4,-7,CE,10267.1674
2025-11-21 15:00:00,2025,11,21,15,4,-7,CE,10260.0658
2025-11-21 16:00:00,2025,11,21,16,4,-7,CE,10360.9534
2025-11-21 17:00:00,2025,11,21,17,4,-7,CE,10786.514
2025-11-21 18:00:00,2025,11,21,18,4,-7,CE,11036.9117
2025-11-21 19:00:00,2025,11,21,19,4,-7,CE,10861.136199999999
2025-11-21 20:00:00,2025,11,21,20,4,-7,CE,10702.7435
2025-11-21 21:00:00,2025,11,21,21,4,-7,CE,10501.6564
2025-11-21 22:00:00,2025,11,21,22,4,-7,CE,10215.2688
2025-11-21 23:00:00,2025,11,21,23,4,-7,CE,9814.3724
2025-11-22 00:00:00,2025,11,22,0,5,-6,CE,9481.8186
2025-11-22 01:00:00,2025,11,22,1,5,-6,CE,9148.8398
2025-11-22 02:00:00,2025,11,22,2,5,-6,CE,8939.0178
2025-11-22 03:00:00,2025,11,22,3,5,-6,CE,8847.7706
2025-11-22 04:00:00,2025,11,22,4,5,-6,CE,8793.7664
2025-11-22 05:00:00,2025,11,22,5,5,-6,CE,8865.0518
2025-11-22 06:00:00,2025,11,22,6,5,-6,CE,9138.1772
2025-11-22 07:00:00,2025,11,22,7,5,-6,CE,9544.9458
2025-11-22 08:00:00,2025,11,22,8,5,-6,CE,9732.309799999999
2025-11-22 09:00:00,2025,11,22,9,5,-6,CE,9934.0564
2025-11-22 10:00:00,2025,11,22,10,5,-6,CE,10002.673999999999
2025-11-22 11:00:00,2025,11,22,11,5,-6,CE,9981.670399999999
2025-11-22 12:00:00,2025,11,22,12,5,-6,CE,9901.353200000001
2025-11-22 13:00:00,2025,11,22,13,5,-6,CE,9827.5894
2025-11-22 14:00:00,2025,11,22,14,5,-6,CE,9644.562
2025-11-22 15:00:00,2025,11,22,15,5,-6,CE,9612.4792
2025-11-22 16:00:00,2025,11,22,16,5,-6,CE,9674.3588
2025-11-22 17:00:00,2025,11,22,17,5,-6,CE,10110.938
2025-11-22 18:00:00,2025,11,22,18,5,-6,CE,10403.8818
2025-11-22 19:00:00,2025,11,22,19,5,-6,CE,10340.0754
2025-11-22 20:00:00,2025,11,22,20,5,-6,CE,10193.87
2025-11-22 21:00:00,2025,11,22,21,5,-6,CE,10049.9502
2025-11-22 22:00:00,2025,11,22,22,5,-6,CE,9778.3658
2025-11-22 23:00:00,2025,11,22,23,5,-6,CE,9447.636
2025-11-23 00:00:00,2025,11,23,0,6,-5,CE,9094.8902
2025-11-23 01:00:00,2025,11,23,1,6,-5,CE,8868.9418
2025-11-23 02:00:00,2025,11,23,2,6,-5,CE,8672.829800000001
2025-11-23 03:00:00,2025,11,23,3,6,-5,CE,8568.2784
2025-11-23 04:00:00,2025,11,23,4,6,-5,CE,8501.1522
2025-11-23 05:00:00,2025,11,23,5,6,-5,CE,8547.0712
2025-11-23 06:00:00,2025,11,23,6,6,-5,CE,8674.5478
2025-11-23 07:00:00,2025,11,23,7,6,-5,CE,8927.396400000001
2025-11-23 08:00:00,2025,11,23,8,6,-5,CE,8996.7446
2025-11-23 09:00:00,2025,11,23,9,6,-5,CE,9075.1378
2025-11-23 10:00:00,2025,11,23,10,6,-5,CE,9133.7844
2025-11-23 11:00:00,2025,11,23,11,6,-5,CE,9139.4096
2025-11-23 12:00:00,2025,11,23,12,6,-5,CE,9129.085000000001
2025-11-23 13:00:00,2025,11,23,13,6,-5,CE,9097.9844
2025-11-23 14:00:00,2025,11,23,14,6,-5,CE,9079.064199999999
2025-11-23 15:00:00,2025,11,23,15,6,-5,CE,9131.3596
2025-11-23 16:00:00,2025,11,23,16,6,-5,CE,9302.2116
2025-11-23 17:00:00,2025,11,23,17,6,-5,CE,9811.2098
2025-11-23 18:00:00,2025,11,23,18,6,-5,CE,10253.5176
2025-11-23 19:00:00,2025,11,23,19,6,-5,CE,10231.369
2025-11-23 20:00:00,2025,11,23,20,6,-5,CE,10164.6746
2025-11-23 21:00:00,2025,11,23,21,6,-5,CE,9974.362799999999
2025-11-23 22:00:00,2025,11,23,22,6,-5,CE,9721.6746
2025-11-23 23:00:00,2025,11,23,23,6,-5,CE,9341.8562
2025-11-24 00:00:00,2025,11,24,0,0,-4,CE,9004.823
2025-11-24 01:00:00,2025,11,24,1,0,-4,CE,8760.3714
2025-11-24 02:00:00,2025,11,24,2,0,-4,CE,8645.929399999999
2025-11-24 03:00:00,2025,11,24,3,0,-4,CE,8576.5674
2025-11-24 04:00:00,2025,11,24,4,0,-4,CE,8651.3
2025-11-24 05:00:00,2025,11,24,5,0,-4,CE,8909.5428
2025-11-24 06:00:00,2025,11,24,6,0,-4,CE,9524.3424
2025-11-24 07:00:00,2025,11,24,7,0,-4,CE,10384.8594
2025-11-24 08:00:00,2025,11,24,8,0,-4,CE,10825.6358
2025-11-24 09:00:00,2025,11,24,9,0,-4,CE,10905.1842
2025-11-24 10:00:00,2025,11,24,10,0,-4,CE,10896.2362
2025-11-24 11:00:00,2025,11,24,11,0,-4,CE,10890.1572
2025-11-24 12:00:00,2025,11,24,12,0,-4,CE,10840.6024
2025-11-24 13:00:00,2025,11,24,13,0,-4,CE,10796.141599999999
2025-11-24 14:00:00,2025,11,24,14,0,-4,CE,10817.1782
2025-11-24 15:00:00,2025,11,24,15,0,-4,CE,10795.9032
2025-11-24 16:00:00,2025,11,24,16,0,-4,CE,10873.4714
2025-11-24 17:00:00,2025,11,24,17,0,-4,CE,11263.4504
2025-11-24 18:00:00,2025,11,24,18,0,-4,CE,11497.0448
2025-11-24 19:00:00,2025,11,24,19,0,-4,CE,11289.7436
2025-11-24 20:00:00,2025,11,24,20,0,-4,CE,11096.487
2025-11-24 21:00:00,2025,11,24,21,0,-4,CE,10854.4698
2025-11-24 22:00:00,2025,11,24,22,0,-4,CE,10461.0536
2025-11-24 23:00:00,2025,11,24,23,0,-4,CE,9980.1184
2025-11-25 00:00:00,2025,11,25,0,1,-3,CE,9527.3688
2025-11-25 01:00:00,2025,11,25,1,1,-3,CE,9230.1716
2025-11-25 02:00:00,2025,11,25,2,1,-3,CE,9062.0954
2025-11-25 03:00:00,2025,11,25,3,1,-3,CE,8962.312399999999
2025-11-25 04:00:00,2025,11,25,4,1,-3,CE,9002.798200000001
2025-11-25 05:00:00,2025,11,25,5,1,-3,CE,9254.5182
2025-11-25 06:00:00,2025,11,25,6,1,-3,CE,9836.342200000001
2025-11-25 07:00:00,2025,11,25,7,1,-3,CE,10658.2516
2025-11-25 08:00:00,2025,11,25,8,1,-3,CE,11058.2436
2025-11-25 09:00:00,2025,11,25,9,1,-3,CE,11139.5232
2025-11-25 10:00:00,2025,11,25,10,1,-3,CE,11093.3958
2025-11-25 11:00:00,2025,11,25,11,1,-3,CE,11096.7958
2025-11-25 12:00:00,2025,11,25,12,1,-3,CE,11064.714600000001
2025-11-25 13:00:00,2025,11,25,13,1,-3,CE,11010.287
2025-11-25 14:00:00,2025,11,25,14,1,-3,CE,10976.6034
2025-11-25 15:00:00,2025,11,25,15,1,-3,CE,10931.5402
2025-11-25 16:00:00,2025,11,25,16,1,-3,CE,11004.430199999999
2025-11-25 17:00:00,2025,11,25,17,1,-3,CE,11395.6092
2025-11-25 18:00:00,2025,11,25,18,1,-3,CE,11557.2898
2025-11-25 19:00:00,2025,11,25,19,1,-3,CE,11322.4932
2025-11-25 20:00:00,2025,11,25,20,1,-3,CE,11120.548
2025-11-25 21:00:00,2025,11,25,21,1,-3,CE,10870.2634
2025-11-25 22:00:00,2025,11,25,22,1,-3,CE,10506.37
2025-11-25 23:00:00,2025,11,25,23,1,-3,CE,9994.1336
2025-11-26 00:00:00,2025,11,26,0,2,-2,CE,9348.496000000001
2025-11-26 01:00:00,2025,11,26,1,2,-2,CE,9008.3163
2025-11-26 02:00:00,2025,11,26,2,2,-2,CE,8799.4409
2025-11-26 03:00:00,2025,11,26,3,2,-2,CE,8656.6838
2025-11-26 04:00:00,2025,11,26,4,2,-2,CE,8647.3908
2025-11-26 05:00:00,2025,11,26,5,2,-2,CE,8847.5713
2025-11-26 06:00:00,2025,11,26,6,2,-2,CE,9419.5966
2025-11-26 07:00:00,2025,11,26,7,2,-2,CE,10218.2135
2025-11-26 08:00:00,2025,11,26,8,2,-2,CE,10600.0857
2025-11-26 09:00:00,2025,11,26,9,2,-2,CE,10743.5613
2025-11-26 10:00:00,2025,11,26,10,2,-2,CE,10776.5325
2025-11-26 11:00:00,2025,11,26,11,2,-2,CE,10786.2112
2025-11-26 12:00:00,2025,11,26,12,2,-2,CE,10757.1869
2025-11-26 13:00:00,2025,11,26,13,2,-2,CE,10730.3514
2025-11-26 14:00:00,2025,11,26,14,2,-2,CE,10737.5682
2025-11-26 15:00:00,2025,11,26,15,2,-2,CE,10675.3307
2025-11-26 16:00:00,2025,11,26,16,2,-2,CE,10690.168399999999
2025-11-26 17:00:00,2025,11,26,17,2,-2,CE,11015.51
2025-11-26 18:00:00,2025,11,26,18,2,-2,CE,11227.8201
2025-11-26 19:00:00,2025,11,26,19,2,-2,CE,11004.778699999999
2025-11-26 20:00:00,2025,11,26,20,2,-2,CE,10792.6526
2025-11-26 21:00:00,2025,11,26,21,2,-2,CE,10542.5496
2025-11-26 22:00:00,2025,11,26,22,2,-2,CE,10159.1712
2025-11-26 23:00:00,2025,11,26,23,2,-2,CE,9674.003200000001
2025-11-27 00:00:00,2025,11,27,0,3,-1,CE,9200.138
2025-11-27 01:00:00,2025,11,27,1,3,-1,CE,8865.668099999999
2025-11-27 02:00:00,2025,11,27,2,3,-1,CE,8659.7984
2025-11-27 03:00:00,2025,11,27,3,3,-1,CE,8533.8379
2025-11-27 04:00:00,2025,11,27,4,3,-1,CE,8492.6978
2025-11-27 05:00:00,2025,11,27,5,3,-1,CE,8640.6528
2025-11-27 06:00:00,2025,11,27,6,3,-1,CE,9037.1839
2025-11-27 07:00:00,2025,11,27,7,3,-1,CE,9579.4897
2025-11-27 08:00:00,2025,11,27,8,3,-1,CE,9812.5528
2025-11-27 09:00:00,2025,11,27,9,3,-1,CE,9938.552800000001
2025-11-27 10:00:00,2025,11,27,10,3,-1,CE,10040.0213
2025-11-27 11:00:00,2025,11,27,11,3,-1,CE,10146.2819
2025-11-27 12:00:00,2025,11,27,12,3,-1,CE,10228.788
2025-11-27 13:00:00,2025,11,27,13,3,-1,CE,10230.5995
2025-11-27 14:00:00,2025,11,27,14,3,-1,CE,10246.9728
2025-11-27 15:00:00,2025,11,27,15,3,-1,CE,10204.6575
2025-11-27 16:00:00,2025,11,27,16,3,-1,CE,10209.558
2025-11-27 17:00:00,2025,11,27,17,3,-1,CE,10465.569599999999
2025-11-27 18:00:00,2025,11,27,18,3,-1,CE,10582.623
2025-11-27 19:00:00,2025,11,27,19,3,-1,CE,10388.662
2025-11-27 20:00:00,2025,11,27,20,3,-1,CE,10227.093400000002
2025-11-27 21:00:00,2025,11,27,21,3,-1,CE,10050.511499999999
2025-11-27 22:00:00,2025,11,27,22,3,-1,CE,9778.0484
2025-11-27 23:00:00,2025,11,27,23,3,-1,CE,9386.894900000001
2025-11-28 00:00:00,2025,11,28,0,4,0,CE,9017.674
2025-11-28 01:00:00,2025,11,28,1,4,0,CE,8778.3043
2025-11-28 02:00:00,2025,11,28,2,4,0,CE,8597.8125
2025-11-28 03:00:00,2025,11,28,3,4,0,CE,8504.4574
2025-11-28 04:00:00,2025,11,28,4,4,0,CE,8518.7866
2025-11-28 05:00:00,2025,11,28,5,4,0,CE,8701.4113
2025-11-28 06:00:00,2025,11,28,6,4,0,CE,9167.495299999999
2025-11-28 07:00:00,2025,11,28,7,4,0,CE,9823.7673
2025-11-28 08:00:00,2025,11,28,8,4,0,CE,10104.5361
2025-11-28 09:00:00,2025,11,28,9,4,0,CE,10226.3595
2025-11-28 10:00:00,2025,11,28,10,4,0,CE,10267.382300000001
2025-11-28 11:00:00,2025,11,28,11,4,0,CE,10298.9417
2025-11-28 12:00:00,2025,11,28,12,4,0,CE,10314.0072
2025-11-28 13:00:00,2025,11,28,13,4,0,CE,10273.788199999999
2025-11-28 14:00:00,2025,11,28,14,4,0,CE,10267.1674
2025-11-28 15:00:00,2025,11,28,15,4,0,CE,10260.0658
2025-11-28 16:00:00,2025,11,28,16,4,0,CE,10360.9534
2025-11-28 17:00:00,2025,11,28,17,4,0,CE,10786.514
2025-11-28 18:00:00,2025,11,28,18,4,0,CE,11036.9117
2025-11-28 19:00:00,2025,11,28,19,4,0,CE,10861.136199999999
2025-11-28 20:00:00,2025,11,28,20,4,0,CE,10702.7435
2025-11-28 21:00:00,2025,11,28,21,4,0,CE,10501.6564
2025-11-28 22:00:00,2025,11,28,22,4,0,CE,10215.2688
2025-11-28 23:00:00,2025,11,28,23,4,0,CE,9814.3724
2025-11-19 00:00:00,2025,11,19,0,2,-9,DAY,1774.1380000000001
2025-11-19 01:00:00,2025,11,19,1,2,-9,DAY,1734.038
2025-11-19 02:00:00,2025,11,19,2,2,-9,DAY,1715.538
2025-11-19 03:00:00,2025,11,19,3,2,-9,DAY,1715.6380000000001
2025-11-19 04:00:00,2025,11,19,4,2,-9,DAY,1752.64
2025-11-19 05:00:00,2025,11,19,5,2,-9,DAY,1848.639
2025-11-19 06:00:00,2025,11,19,6,2,-9,DAY,1993.2419999999997
2025-11-19 07:00:00,2025,11,19,7,2,-9,DAY,2106.9722
2025-11-19 08:00:00,2025,11,19,8,2,-9,DAY,2131.9843
2025-11-19 09:00:00,2025,11,19,9,2,-9,DAY,2136.31
2025-11-19 10:00:00,2025,11,19,10,2,-9,DAY,2125.9822
2025-11-19 11:00:00,2025,11,19,11,2,-9,DAY,2100.255
2025-11-19 12:00:00,2025,11,19,12,2,-9,DAY,2078.2874
2025-11-19 13:00:00,2025,11,19,13,2,-9,DAY,2060.7202
2025-11-19 14:00:00,2025,11,19,14,2,-9,DAY,2025.7343
2025-11-19 15:00:00,2025,11,19,15,2,-9,DAY,1987.0475999999999
2025-11-19 16:00:00,2025,11,19,16,2,-9,DAY,2004.8277999999998
2025-11-19 17:00:00,2025,11,19,17,2,-9,DAY,2076.278
2025-11-19 18:00:00,2025,11,19,18,2,-9,DAY,2084.644
2025-11-19 19:00:00,2025,11,19,19,2,-9,DAY,2048.443
2025-11-19 20:00:00,2025,11,19,20,2,-9,DAY,2008.343
2025-11-19 21:00:00,2025,11,19,21,2,-9,DAY,1933.443
2025-11-19 22:00:00,2025,11,19,22,2,-9,DAY,1832.643
2025-11-19 23:00:00,2025,11,19,23,2,-9,DAY,1735.143
2025-11-20 00:00:00,2025,11,20,0,3,-8,DAY,1672.0430000000001
2025-11-20 01:00:00,2025,11,20,1,3,-8,DAY,1632.2440000000001
2025-11-20 02:00:00,2025,11,20,2,3,-8,DAY,1606.942
2025-11-20 03:00:00,2025,11,20,3,3,-8,DAY,1599.243
2025-11-20 04:00:00,2025,11,20,4,3,-8,DAY,1624.2440000000001
2025-11-20 05:00:00,2025,11,20,5,3,-8,DAY,1694.8439999999998
2025-11-20 06:00:00,2025,11,20,6,3,-8,DAY,1807.045
2025-11-20 07:00:00,2025,11,20,7,3,-8,DAY,1896.6587
2025-11-20 08:00:00,2025,11,20,8,3,-8,DAY,1940.6449
2025-11-20 09:00:00,2025,11,20,9,3,-8,DAY,1977.7162
2025-11-20 10:00:00,2025,11,20,10,3,-8,DAY,1995.8165000000001
2025-11-20 11:00:00,2025,11,20,11,3,-8,DAY,1988.6704999999997
2025-11-20 12:00:00,2025,11,20,12,3,-8,DAY,1951.6629
2025-11-20 13:00:00,2025,11,20,13,3,-8,DAY,1900.6384999999998
2025-11-20 14:00:00,2025,11,20,14,3,-8,DAY,1870.2204000000002
2025-11-20 15:00:00,2025,11,20,15,3,-8,DAY,1839.1419
2025-11-20 16:00:00,2025,11,20,16,3,-8,DAY,1840.7594000000001
2025-11-20 17:00:00,2025,11,20,17,3,-8,DAY,1896.9450000000002
2025-11-20 18:00:00,2025,11,20,18,3,-8,DAY,1906.941
2025-11-20 19:00:00,2025,11,20,19,3,-8,DAY,1888.441
2025-11-20 20:00:00,2025,11,20,20,3,-8,DAY,1860.741
2025-11-20 21:00:00,2025,11,20,21,3,-8,DAY,1812.7400000000002
2025-11-20 22:00:00,2025,11,20,22,3,-8,DAY,1748.339
2025-11-20 23:00:00,2025,11,20,23,3,-8,DAY,1682.1380000000001
2025-11-21 00:00:00,2025,11,21,0,4,-7,DAY,1637.6399999999999
2025-11-21 01:00:00,2025,11,21,1,4,-7,DAY,1606.139
2025-11-21 02:00:00,2025,11,21,2,4,-7,DAY,1590.84
2025-11-21 03:00:00,2025,11,21,3,4,-7,DAY,1591.639
2025-11-21 04:00:00,2025,11,21,4,4,-7,DAY,1620.841
2025-11-21 05:00:00,2025,11,21,5,4,-7,DAY,1697.94
2025-11-21 06:00:00,2025,11,21,6,4,-7,DAY,1815.7419999999997
2025-11-21 07:00:00,2025,11,21,7,4,-7,DAY,1908.583
2025-11-21 08:00:00,2025,11,21,8,4,-7,DAY,1952.8474999999999
2025-11-21 09:00:00,2025,11,21,9,4,-7,DAY,1985.8374
2025-11-21 10:00:00,2025,11,21,10,4,-7,DAY,2000.1577000000002
2025-11-21 11:00:00,2025,11,21,11,4,-7,DAY,1979.1420999999998
2025-11-21 12:00:00,2025,11,21,12,4,-7,DAY,1959.8355
2025-11-21 13:00:00,2025,11,21,13,4,-7,DAY,1935.9186000000002
2025-11-21 14:00:00,2025,11,21,14,4,-7,DAY,1906.8686000000002
2025-11-21 15:00:00,2025,11,21,15,4,-7,DAY,1885.5469
2025-11-21 16:00:00,2025,11,21,16,4,-7,DAY,1907.5065
2025-11-21 17:00:00,2025,11,21,17,4,-7,DAY,1976.8503
2025-11-21 18:00:00,2025,11,21,18,4,-7,DAY,1991.8400000000001
2025-11-21 19:00:00,2025,11,21,19,4,-7,DAY,1969.0400000000002
2025-11-21 20:00:00,2025,11,21,20,4,-7,DAY,1940.741
2025-11-21 21:00:00,2025,11,21,21,4,-7,DAY,1894.841
2025-11-21 22:00:00,2025,11,21,22,4,-7,DAY,1823.8380000000002
2025-11-21 23:00:00,2025,11,21,23,4,-7,DAY,1750.039
2025-11-22 00:00:00,2025,11,22,0,5,-6,DAY,1709.536
2025-11-22 01:00:00,2025,11,22,1,5,-6,DAY,1667.536
2025-11-22 02:00:00,2025,11,22,2,5,-6,DAY,1641.736
2025-11-22 03:00:00,2025,11,22,3,5,-6,DAY,1633.136
2025-11-22 04:00:00,2025,11,22,4,5,-6,DAY,1650.336
2025-11-22 05:00:00,2025,11,22,5,5,-6,DAY,1707.136
2025-11-22 06:00:00,2025,11,22,6,5,-6,DAY,1778.738
2025-11-22 07:00:00,2025,11,22,7,5,-6,DAY,1865.0152000000003
2025-11-22 08:00:00,2025,11,22,8,5,-6,DAY,1916.4270000000001
2025-11-22 09:00:00,2025,11,22,9,5,-6,DAY,1944.4551999999999
2025-11-22 10:00:00,2025,11,22,10,5,-6,DAY,1946.9977999999999
2025-11-22 11:00:00,2025,11,22,11,5,-6,DAY,1927.7599999999998
2025-11-22 12:00:00,2025,11,22,12,5,-6,DAY,1889.9797999999998
2025-11-22 13:00:00,2025,11,22,13,5,-6,DAY,1867.0382000000002
2025-11-22 14:00:00,2025,11,22,14,5,-6,DAY,1844.8799999999999
2025-11-22 15:00:00,2025,11,22,15,5,-6,DAY,1836.8902000000003
2025-11-22 16:00:00,2025,11,22,16,5,-6,DAY,1863.989
2025-11-22 17:00:00,2025,11,22,17,5,-6,DAY,1938.738
2025-11-22 18:00:00,2025,11,22,18,5,-6,DAY,1939.538
2025-11-22 19:00:00,2025,11,22,19,5,-6,DAY,1916.536
2025-11-22 20:00:00,2025,11,22,20,5,-6,DAY,1891.1380000000001
2025-11-22 21:00:00,2025,11,22,21,5,-6,DAY,1847.938
2025-11-22 22:00:00,2025,11,22,22,5,-6,DAY,1781.9360000000001
2025-11-22 23:00:00,2025,11,22,23,5,-6,DAY,1717.9360000000001
2025-11-23 00:00:00,2025,11,23,0,6,-5,DAY,1664.3400000000001
2025-11-23 01:00:00,2025,11,23,1,6,-5,DAY,1636.54
2025-11-23 02:00:00,2025,11,23,2,6,-5,DAY,1618.74
2025-11-23 03:00:00,2025,11,23,3,6,-5,DAY,1609.34
2025-11-23 04:00:00,2025,11,23,4,6,-5,DAY,1616.34
2025-11-23 05:00:00,2025,11,23,5,6,-5,DAY,1652.3400000000001
2025-11-23 06:00:00,2025,11,23,6,6,-5,DAY,1701.3400000000001
2025-11-23 07:00:00,2025,11,23,7,6,-5,DAY,1775.6606
2025-11-23 08:00:00,2025,11,23,8,6,-5,DAY,1830.3952000000002
2025-11-23 09:00:00,2025,11,23,9,6,-5,DAY,1856.1696
2025-11-23 10:00:00,2025,11,23,10,6,-5,DAY,1861.8582
2025-11-23 11:00:00,2025,11,23,11,6,-5,DAY,1852.9652
2025-11-23 12:00:00,2025,11,23,12,6,-5,DAY,1835.0222
2025-11-23 13:00:00,2025,11,23,13,6,-5,DAY,1804.8536
2025-11-23 14:00:00,2025,11,23,14,6,-5,DAY,1782.9652
2025-11-23 15:00:00,2025,11,23,15,6,-5,DAY,1779.9602
2025-11-23 16:00:00,2025,11,23,16,6,-5,DAY,1829.7705999999998
2025-11-23 17:00:00,2025,11,23,17,6,-5,DAY,1929.2338
2025-11-23 18:00:00,2025,11,23,18,6,-5,DAY,1964.7419999999997
2025-11-23 19:00:00,2025,11,23,19,6,-5,DAY,1948.944
2025-11-23 20:00:00,2025,11,23,20,6,-5,DAY,1928.5439999999999
2025-11-23 21:00:00,2025,11,23,21,6,-5,DAY,1880.7419999999997
2025-11-23 22:00:00,2025,11,23,22,6,-5,DAY,1825.1419999999998
2025-11-23 23:00:00,2025,11,23,23,6,-5,DAY,1782.1419999999998
2025-11-24 00:00:00,2025,11,24,0,0,-4,DAY,1745.94
2025-11-24 01:00:00,2025,11,24,1,0,-4,DAY,1725.9419999999998
2025-11-24 02:00:00,2025,11,24,2,0,-4,DAY,1719.94
2025-11-24 03:00:00,2025,11,24,3,0,-4,DAY,1726.3400000000001
2025-11-24 04:00:00,2025,11,24,4,0,-4,DAY,1778.7419999999997
2025-11-24 05:00:00,2025,11,24,5,0,-4,DAY,1885.3439999999998
2025-11-24 06:00:00,2025,11,24,6,0,-4,DAY,2042.1439999999998
2025-11-24 07:00:00,2025,11,24,7,0,-4,DAY,2168.0522
2025-11-24 08:00:00,2025,11,24,8,0,-4,DAY,2189.0281999999997
2025-11-24 09:00:00,2025,11,24,9,0,-4,DAY,2187.1205999999997
2025-11-24 10:00:00,2025,11,24,10,0,-4,DAY,2171.0299999999997
2025-11-24 11:00:00,2025,11,24,11,0,-4,DAY,2146.2044
2025-11-24 12:00:00,2025,11,24,12,0,-4,DAY,2125.1344
2025-11-24 13:00:00,2025,11,24,13,0,-4,DAY,2099.328
2025-11-24 14:00:00,2025,11,24,14,0,-4,DAY,2064.0696
2025-11-24 15:00:00,2025,11,24,15,0,-4,DAY,2034.4596000000001
2025-11-24 16:00:00,2025,11,24,16,0,-4,DAY,2061.5706
2025-11-24 17:00:00,2025,11,24,17,0,-4,DAY,2161.542
2025-11-24 18:00:00,2025,11,24,18,0,-4,DAY,2180.542
2025-11-24 19:00:00,2025,11,24,19,0,-4,DAY,2157.142
2025-11-24 20:00:00,2025,11,24,20,0,-4,DAY,2112.144
2025-11-24 21:00:00,2025,11,24,21,0,-4,DAY,2039.5439999999999
2025-11-24 22:00:00,2025,11,24,22,0,-4,DAY,1945.7419999999997
2025-11-24 23:00:00,2025,11,24,23,0,-4,DAY,1866.94
2025-11-25 00:00:00,2025,11,25,0,1,-3,DAY,1807.94
2025-11-25 01:00:00,2025,11,25,1,1,-3,DAY,1776.3400000000001
2025-11-25 02:00:00,2025,11,25,2,1,-3,DAY,1761.5400000000002
2025-11-25 03:00:00,2025,11,25,3,1,-3,DAY,1761.7400000000002
2025-11-25 04:00:00,2025,11,25,4,1,-3,DAY,1806.5400000000002
2025-11-25 05:00:00,2025,11,25,5,1,-3,DAY,1907.944
2025-11-25 06:00:00,2025,11,25,6,1,-3,DAY,2071.344
2025-11-25 07:00:00,2025,11,25,7,1,-3,DAY,2190.2172
2025-11-25 08:00:00,2025,11,25,8,1,-3,DAY,2200.5448
2025-11-25 09:00:00,2025,11,25,9,1,-3,DAY,2195.5595999999996
2025-11-25 10:00:00,2025,11,25,10,1,-3,DAY,2173.864
2025-11-25 11:00:00,2025,11,25,11,1,-3,DAY,2126.9626
2025-11-25 12:00:00,2025,11,25,12,1,-3,DAY,2119.4352
2025-11-25 13:00:00,2025,11,25,13,1,-3,DAY,2070.634
2025-11-25 14:00:00,2025,11,25,14,1,-3,DAY,2060.734
2025-11-25 15:00:00,2025,11,25,15,1,-3,DAY,2006.4894
2025-11-25 16:00:00,2025,11,25,16,1,-3,DAY,2026.256
2025-11-25 17:00:00,2025,11,25,17,1,-3,DAY,2097.384
2025-11-25 18:00:00,2025,11,25,18,1,-3,DAY,2165.7419999999997
2025-11-25 19:00:00,2025,11,25,19,1,-3,DAY,2120.942
2025-11-25 20:00:00,2025,11,25,20,1,-3,DAY,2087.542
2025-11-25 21:00:00,2025,11,25,21,1,-3,DAY,2029.9419999999998
2025-11-25 22:00:00,2025,11,25,22,1,-3,DAY,1943.7400000000002
2025-11-25 23:00:00,2025,11,25,23,1,-3,DAY,1861.7419999999997
2025-11-26 00:00:00,2025,11,26,0,2,-2,DAY,1774.1380000000001
2025-11-26 01:00:00,2025,11,26,1,2,-2,DAY,1734.038
2025-11-26 02:00:00,2025,11,26,2,2,-2,DAY,1715.538
2025-11-26 03:00:00,2025,11,26,3,2,-2,DAY,1715.6380000000001
2025-11-26 04:00:00,2025,11,26,4,2,-2,DAY,1752.64
2025-11-26 05:00:00,2025,11,26,5,2,-2,DAY,1848.639
2025-11-26 06:00:00,2025,11,26,6,2,-2,DAY,1993.2419999999997
2025-11-26 07:00:00,2025,11,26,7,2,-2,DAY,2106.9722
2025-11-26 08:00:00,2025,11,26,8,2,-2,DAY,2131.9843
2025-11-26 09:00:00,2025,11,26,9,2,-2,DAY,2136.31
2025-11-26 10:00:00,2025,11,26,10,2,-2,DAY,2125.9822
2025-11-26 11:00:00,2025,11,26,11,2,-2,DAY,2100.255
2025-11-26 12:00:00,2025,11,26,12,2,-2,DAY,2078.2874
2025-11-26 13:00:00,2025,11,26,13,2,-2,DAY,2060.7202
2025-11-26 14:00:00,2025,11,26,14,2,-2,DAY,2025.7343
2025-11-26 15:00:00,2025,11,26,15,2,-2,DAY,1987.0475999999999
2025-11-26 16:00:00,2025,11,26,16,2,-2,DAY,2004.8277999999998
2025-11-26 17:00:00,2025,11,26,17,2,-2,DAY,2076.278
2025-11-26 18:00:00,2025,11,26,18,2,-2,DAY,2084.644
2025-11-26 19:00:00,2025,11,26,19,2,-2,DAY,2048.443
2025-11-26 20:00:00,2025,11,26,20,2,-2,DAY,2008.343
2025-11-26 21:00:00,2025,11,26,21,2,-2,DAY,1933.443
2025-11-26 22:00:00,2025,11,26,22,2,-2,DAY,1832.643
2025-11-26 23:00:00,2025,11,26,23,2,-2,DAY,1735.143
2025-11-27 00:00:00,2025,11,27,0,3,-1,DAY,1672.0430000000001
2025-11-27 01:00:00,2025,11,27,1,3,-1,DAY,1632.2440000000001
2025-11-27 02:00:00,2025,11,27,2,3,-1,DAY,1606.942
2025-11-27 03:00:00,2025,11,27,3,3,-1,DAY,1599.243
2025-11-27 04:00:00,2025,11,27,4,3,-1,DAY,1624.2440000000001
2025-11-27 05:00:00,2025,11,27,5,3,-1,DAY,1694.8439999999998
2025-11-27 06:00:00,2025,11,27,6,3,-1,DAY,1807.045
2025-11-27 07:00:00,2025,11,27,7,3,-1,DAY,1896.6587
2025-11-27 08:00:00,2025,11,27,8,3,-1,DAY,1940.6449
2025-11-27 09:00:00,2025,11,27,9,3,-1,DAY,1977.7162
2025-11-27 10:00:00,2025,11,27,10,3,-1,DAY,1995.8165000000001
2025-11-27 11:00:00,2025,11,27,11,3,-1,DAY,1988.6704999999997
2025-11-27 12:00:00,2025,11,27,12,3,-1,DAY,1951.6629
2025-11-27 13:00:00,2025,11,27,13,3,-1,DAY,1900.6384999999998
2025-11-27 14:00:00,2025,11,27,14,3,-1,DAY,1870.2204000000002
2025-11-27 15:00:00,2025,11,27,15,3,-1,DAY,1839.1419
2025-11-27 16:00:00,2025,11,27,16,3,-1,DAY,1840.7594000000001
2025-11-27 17:00:00,2025,11,27,17,3,-1,DAY,1896.9450000000002
2025-11-27 18:00:00,2025,11,27,18,3,-1,DAY,1906.941
2025-11-27 19:00:00,2025,11,27,19,3,-1,DAY,1888.441
2025-11-27 20:00:00,2025,11,27,20,3,-1,DAY,1860.741
2025-11-27 21:00:00,2025,11,27,21,3,-1,DAY,1812.7400000000002
2025-11-27 22:00:00,2025,11,27,22,3,-1,DAY,1748.339
2025-11-27 23:00:00,2025,11,27,23,3,-1,DAY,1682.1380000000001
2025-11-28 00:00:00,2025,11,28,0,4,0,DAY,1637.6399999999999
2025-11-28 01:00:00,2025,11,28,1,4,0,DAY,1606.139
2025-11-28 02:00:00,2025,11,28,2,4,0,DAY,1590.84
2025-11-28 03:00:00,2025,11,28,3,4,0,DAY,1591.639
2025-11-28 04:00:00,2025,11,28,4,4,0,DAY,1620.841
2025-11-28 05:00:00,2025,11,28,5,4,0,DAY,1697.94
2025-11-28 06:00:00,2025,11,28,6,4,0,DAY,1815.7419999999997
2025-11-28 07:00:00,2025,11,28,7,4,0,DAY,1908.583
2025-11-28 08:00:00,2025,11,28,8,4,0,DAY,1952.8474999999999
2025-11-28 09:00:00,2025,11,28,9,4,0,DAY,1985.8374
2025-11-28 10:00:00,2025,11,28,10,4,0,DAY,2000.1577000000002
2025-11-28 11:00:00,2025,11,28,11,4,0,DAY,1979.1420999999998
2025-11-28 12:00:00,2025,11,28,12,4,0,DAY,1959.8355
2025-11-28 13:00:00,2025,11,28,13,4,0,DAY,1935.9186000000002
2025-11-28 14:00:00,2025,11,28,14,4,0,DAY,1906.8686000000002
2025-11-28 15:00:00,2025,11,28,15,4,0,DAY,1885.5469
2025-11-28 16:00:00,2025,11,28,16,4,0,DAY,1907.5065
2025-11-28 17:00:00,2025,11,28,17,4,0,DAY,1976.8503
2025-11-28 18:00:00,2025,11,28,18,4,0,DAY,1991.8400000000001
2025-11-28 19:00:00,2025,11,28,19,4,0,DAY,1969.0400000000002
2025-11-28 20:00:00,2025,11,28,20,4,0,DAY,1940.741
2025-11-28 21:00:00,2025,11,28,21,4,0,DAY,1894.841
2025-11-28 22:00:00,2025,11,28,22,4,0,DAY,1823.8380000000002
2025-11-28 23:00:00,2025,11,28,23,4,0,DAY,1750.039
2025-11-19 00:00:00,2025,11,19,0,2,-9,DEOK,2566.6089
2025-11-19 01:00:00,2025,11,19,1,2,-9,DEOK,2510.7852
2025-11-19 02:00:00,2025,11,19,2,2,-9,DEOK,2484.5937999999996
2025-11-19 03:00:00,2025,11,19,3,2,-9,DEOK,2482.056
2025-11-19 04:00:00,2025,11,19,4,2,-9,DEOK,2529.2539
2025-11-19 05:00:00,2025,11,19,5,2,-9,DEOK,2666.8892
2025-11-19 06:00:00,2025,11,19,6,2,-9,DEOK,2868.4602
2025-11-19 07:00:00,2025,11,19,7,2,-9,DEOK,3030.5347
2025-11-19 08:00:00,2025,11,19,8,2,-9,DEOK,3063.8815
2025-11-19 09:00:00,2025,11,19,9,2,-9,DEOK,3060.0596
2025-11-19 10:00:00,2025,11,19,10,2,-9,DEOK,3060.7688
2025-11-19 11:00:00,2025,11,19,11,2,-9,DEOK,3028.4126
2025-11-19 12:00:00,2025,11,19,12,2,-9,DEOK,3005.0717
2025-11-19 13:00:00,2025,11,19,13,2,-9,DEOK,2968.904
2025-11-19 14:00:00,2025,11,19,14,2,-9,DEOK,2925.2325
2025-11-19 15:00:00,2025,11,19,15,2,-9,DEOK,2891.6157
2025-11-19 16:00:00,2025,11,19,16,2,-9,DEOK,2903.2895
2025-11-19 17:00:00,2025,11,19,17,2,-9,DEOK,3017.8895
2025-11-19 18:00:00,2025,11,19,18,2,-9,DEOK,3051.8685
2025-11-19 19:00:00,2025,11,19,19,2,-9,DEOK,3004.3349000000003
2025-11-19 20:00:00,2025,11,19,20,2,-9,DEOK,2952.9358
2025-11-19 21:00:00,2025,11,19,21,2,-9,DEOK,2856.9222999999997
2025-11-19 22:00:00,2025,11,19,22,2,-9,DEOK,2732.0952
2025-11-19 23:00:00,2025,11,19,23,2,-9,DEOK,2599.1949
2025-11-20 00:00:00,2025,11,20,0,3,-8,DEOK,2495.4654
2025-11-20 01:00:00,2025,11,20,1,3,-8,DEOK,2433.6465
2025-11-20 02:00:00,2025,11,20,2,3,-8,DEOK,2394.1194
2025-11-20 03:00:00,2025,11,20,3,3,-8,DEOK,2393.9623
2025-11-20 04:00:00,2025,11,20,4,3,-8,DEOK,2425.8298
2025-11-20 05:00:00,2025,11,20,5,3,-8,DEOK,2519.0135999999998
2025-11-20 06:00:00,2025,11,20,6,3,-8,DEOK,2679.4867
2025-11-20 07:00:00,2025,11,20,7,3,-8,DEOK,2806.1691
2025-11-20 08:00:00,2025,11,20,8,3,-8,DEOK,2865.6536
2025-11-20 09:00:00,2025,11,20,9,3,-8,DEOK,2914.8121
2025-11-20 10:00:00,2025,11,20,10,3,-8,DEOK,2949.5643
2025-11-20 11:00:00,2025,11,20,11,3,-8,DEOK,2948.1225
2025-11-20 12:00:00,2025,11,20,12,3,-8,DEOK,2926.1313999999998
2025-11-20 13:00:00,2025,11,20,13,3,-8,DEOK,2899.0196
2025-11-20 14:00:00,2025,11,20,14,3,-8,DEOK,2830.4964
2025-11-20 15:00:00,2025,11,20,15,3,-8,DEOK,2790.5369
2025-11-20 16:00:00,2025,11,20,16,3,-8,DEOK,2775.6186000000002
2025-11-20 17:00:00,2025,11,20,17,3,-8,DEOK,2850.5275
2025-11-20 18:00:00,2025,11,20,18,3,-8,DEOK,2867.2943999999998
2025-11-20 19:00:00,2025,11,20,19,3,-8,DEOK,2834.6173
2025-11-20 20:00:00,2025,11,20,20,3,-8,DEOK,2801.3725
2025-11-20 21:00:00,2025,11,20,21,3,-8,DEOK,2735.7632000000003
2025-11-20 22:00:00,2025,11,20,22,3,-8,DEOK,2642.0201
2025-11-20 23:00:00,2025,11,20,23,3,-8,DEOK,2538.8271
2025-11-21 00:00:00,2025,11,21,0,4,-7,DEOK,2463.0035
2025-11-21 01:00:00,2025,11,21,1,4,-7,DEOK,2409.4589
2025-11-21 02:00:00,2025,11,21,2,4,-7,DEOK,2382.6145
2025-11-21 03:00:00,2025,11,21,3,4,-7,DEOK,2378.3284
2025-11-21 04:00:00,2025,11,21,4,4,-7,DEOK,2427.2188
2025-11-21 05:00:00,2025,11,21,5,4,-7,DEOK,2537.0508999999997
2025-11-21 06:00:00,2025,11,21,6,4,-7,DEOK,2705.3147
2025-11-21 07:00:00,2025,11,21,7,4,-7,DEOK,2832.3032
2025-11-21 08:00:00,2025,11,21,8,4,-7,DEOK,2877.3835
2025-11-21 09:00:00,2025,11,21,9,4,-7,DEOK,2915.5481
2025-11-21 10:00:00,2025,11,21,10,4,-7,DEOK,2932.0132
2025-11-21 11:00:00,2025,11,21,11,4,-7,DEOK,2913.6229
2025-11-21 12:00:00,2025,11,21,12,4,-7,DEOK,2868.7637
2025-11-21 13:00:00,2025,11,21,13,4,-7,DEOK,2835.2902000000004
2025-11-21 14:00:00,2025,11,21,14,4,-7,DEOK,2797.4437
2025-11-21 15:00:00,2025,11,21,15,4,-7,DEOK,2792.2483
2025-11-21 16:00:00,2025,11,21,16,4,-7,DEOK,2829.7637999999997
2025-11-21 17:00:00,2025,11,21,17,4,-7,DEOK,2957.7505
2025-11-21 18:00:00,2025,11,21,18,4,-7,DEOK,2984.7428
2025-11-21 19:00:00,2025,11,21,19,4,-7,DEOK,2950.4404
2025-11-21 20:00:00,2025,11,21,20,4,-7,DEOK,2912.2659
2025-11-21 21:00:00,2025,11,21,21,4,-7,DEOK,2850.0986000000003
2025-11-21 22:00:00,2025,11,21,22,4,-7,DEOK,2746.7163
2025-11-21 23:00:00,2025,11,21,23,4,-7,DEOK,2653.4044999999996
2025-11-22 00:00:00,2025,11,22,0,5,-6,DEOK,2573.5774
2025-11-22 01:00:00,2025,11,22,1,5,-6,DEOK,2514.1734
2025-11-22 02:00:00,2025,11,22,2,5,-6,DEOK,2476.7658
2025-11-22 03:00:00,2025,11,22,3,5,-6,DEOK,2471.6876
2025-11-22 04:00:00,2025,11,22,4,5,-6,DEOK,2493.3208
2025-11-22 05:00:00,2025,11,22,5,5,-6,DEOK,2565.1778
2025-11-22 06:00:00,2025,11,22,6,5,-6,DEOK,2671.2745999999997
2025-11-22 07:00:00,2025,11,22,7,5,-6,DEOK,2783.3056
2025-11-22 08:00:00,2025,11,22,8,5,-6,DEOK,2857.7536
2025-11-22 09:00:00,2025,11,22,9,5,-6,DEOK,2902.483
2025-11-22 10:00:00,2025,11,22,10,5,-6,DEOK,2906.2186
2025-11-22 11:00:00,2025,11,22,11,5,-6,DEOK,2890.2832
2025-11-22 12:00:00,2025,11,22,12,5,-6,DEOK,2840.6362
2025-11-22 13:00:00,2025,11,22,13,5,-6,DEOK,2782.4834
2025-11-22 14:00:00,2025,11,22,14,5,-6,DEOK,2750.1144
2025-11-22 15:00:00,2025,11,22,15,5,-6,DEOK,2745.3508
2025-11-22 16:00:00,2025,11,22,16,5,-6,DEOK,2796.8578
2025-11-22 17:00:00,2025,11,22,17,5,-6,DEOK,2907.4564
2025-11-22 18:00:00,2025,11,22,18,5,-6,DEOK,2932.3674
2025-11-22 19:00:00,2025,11,22,19,5,-6,DEOK,2901.2562
2025-11-22 20:00:00,2025,11,22,20,5,-6,DEOK,2868.2772
2025-11-22 21:00:00,2025,11,22,21,5,-6,DEOK,2814.9446
2025-11-22 22:00:00,2025,11,22,22,5,-6,DEOK,2727.5316
2025-11-22 23:00:00,2025,11,22,23,5,-6,DEOK,2630.9434
2025-11-23 00:00:00,2025,11,23,0,6,-5,DEOK,2553.0502
2025-11-23 01:00:00,2025,11,23,1,6,-5,DEOK,2501.0371999999998
2025-11-23 02:00:00,2025,11,23,2,6,-5,DEOK,2463.8563999999997
2025-11-23 03:00:00,2025,11,23,3,6,-5,DEOK,2462.5464
2025-11-23 04:00:00,2025,11,23,4,6,-5,DEOK,2471.5452
2025-11-23 05:00:00,2025,11,23,5,6,-5,DEOK,2518.411
2025-11-23 06:00:00,2025,11,23,6,6,-5,DEOK,2596.0412
2025-11-23 07:00:00,2025,11,23,7,6,-5,DEOK,2691.7756
2025-11-23 08:00:00,2025,11,23,8,6,-5,DEOK,2760.6135999999997
2025-11-23 09:00:00,2025,11,23,9,6,-5,DEOK,2790.9454
2025-11-23 10:00:00,2025,11,23,10,6,-5,DEOK,2796.7266
2025-11-23 11:00:00,2025,11,23,11,6,-5,DEOK,2791.9182
2025-11-23 12:00:00,2025,11,23,12,6,-5,DEOK,2770.0510000000004
2025-11-23 13:00:00,2025,11,23,13,6,-5,DEOK,2738.2414
2025-11-23 14:00:00,2025,11,23,14,6,-5,DEOK,2705.6284
2025-11-23 15:00:00,2025,11,23,15,6,-5,DEOK,2702.4308
2025-11-23 16:00:00,2025,11,23,16,6,-5,DEOK,2766.8354
2025-11-23 17:00:00,2025,11,23,17,6,-5,DEOK,2919.3746
2025-11-23 18:00:00,2025,11,23,18,6,-5,DEOK,2978.1322
2025-11-23 19:00:00,2025,11,23,19,6,-5,DEOK,2960.6678
2025-11-23 20:00:00,2025,11,23,20,6,-5,DEOK,2930.8094
2025-11-23 21:00:00,2025,11,23,21,6,-5,DEOK,2852.9498
2025-11-23 22:00:00,2025,11,23,22,6,-5,DEOK,2728.3849999999998
2025-11-23 23:00:00,2025,11,23,23,6,-5,DEOK,2621.3182
2025-11-24 00:00:00,2025,11,24,0,0,-4,DEOK,2533.0166
2025-11-24 01:00:00,2025,11,24,1,0,-4,DEOK,2508.0098
2025-11-24 02:00:00,2025,11,24,2,0,-4,DEOK,2496.318
2025-11-24 03:00:00,2025,11,24,3,0,-4,DEOK,2499.3308
2025-11-24 04:00:00,2025,11,24,4,0,-4,DEOK,2567.5212
2025-11-24 05:00:00,2025,11,24,5,0,-4,DEOK,2724.8838
2025-11-24 06:00:00,2025,11,24,6,0,-4,DEOK,2958.727
2025-11-24 07:00:00,2025,11,24,7,0,-4,DEOK,3111.6994
2025-11-24 08:00:00,2025,11,24,8,0,-4,DEOK,3139.1336
2025-11-24 09:00:00,2025,11,24,9,0,-4,DEOK,3122.509
2025-11-24 10:00:00,2025,11,24,10,0,-4,DEOK,3096.4442
2025-11-24 11:00:00,2025,11,24,11,0,-4,DEOK,3052.8432000000003
2025-11-24 12:00:00,2025,11,24,12,0,-4,DEOK,2999.6737999999996
2025-11-24 13:00:00,2025,11,24,13,0,-4,DEOK,2968.4561999999996
2025-11-24 14:00:00,2025,11,24,14,0,-4,DEOK,2927.5196
2025-11-24 15:00:00,2025,11,24,15,0,-4,DEOK,2902.5412
2025-11-24 16:00:00,2025,11,24,16,0,-4,DEOK,2949.8934
2025-11-24 17:00:00,2025,11,24,17,0,-4,DEOK,3090.5298
2025-11-24 18:00:00,2025,11,24,18,0,-4,DEOK,3153.2655999999997
2025-11-24 19:00:00,2025,11,24,19,0,-4,DEOK,3115.6243999999997
2025-11-24 20:00:00,2025,11,24,20,0,-4,DEOK,3062.5896000000002
2025-11-24 21:00:00,2025,11,24,21,0,-4,DEOK,2964.6338
2025-11-24 22:00:00,2025,11,24,22,0,-4,DEOK,2817.9554
2025-11-24 23:00:00,2025,11,24,23,0,-4,DEOK,2710.7614000000003
2025-11-25 00:00:00,2025,11,25,0,1,-3,DEOK,2627.1458
2025-11-25 01:00:00,2025,11,25,1,1,-3,DEOK,2571.4093999999996
2025-11-25 02:00:00,2025,11,25,2,1,-3,DEOK,2548.2842
2025-11-25 03:00:00,2025,11,25,3,1,-3,DEOK,2562.2290000000003
2025-11-25 04:00:00,2025,11,25,4,1,-3,DEOK,2623.038
2025-11-25 05:00:00,2025,11,25,5,1,-3,DEOK,2778.4456
2025-11-25 06:00:00,2025,11,25,6,1,-3,DEOK,2997.5338
2025-11-25 07:00:00,2025,11,25,7,1,-3,DEOK,3153.3944
2025-11-25 08:00:00,2025,11,25,8,1,-3,DEOK,3160.9944
2025-11-25 09:00:00,2025,11,25,9,1,-3,DEOK,3122.7244
2025-11-25 10:00:00,2025,11,25,10,1,-3,DEOK,3095.5486
2025-11-25 11:00:00,2025,11,25,11,1,-3,DEOK,3054.5872000000004
2025-11-25 12:00:00,2025,11,25,12,1,-3,DEOK,3014.8004
2025-11-25 13:00:00,2025,11,25,13,1,-3,DEOK,2957.603
2025-11-25 14:00:00,2025,11,25,14,1,-3,DEOK,2913.6946
2025-11-25 15:00:00,2025,11,25,15,1,-3,DEOK,2895.2232
2025-11-25 16:00:00,2025,11,25,16,1,-3,DEOK,2907.8136000000004
2025-11-25 17:00:00,2025,11,25,17,1,-3,DEOK,3039.108
2025-11-25 18:00:00,2025,11,25,18,1,-3,DEOK,3104.5612
2025-11-25 19:00:00,2025,11,25,19,1,-3,DEOK,3089.0712
2025-11-25 20:00:00,2025,11,25,20,1,-3,DEOK,3050.9031999999997
2025-11-25 21:00:00,2025,11,25,21,1,-3,DEOK,2969.7114
2025-11-25 22:00:00,2025,11,25,22,1,-3,DEOK,2859.6438000000003
2025-11-25 23:00:00,2025,11,25,23,1,-3,DEOK,2733.6304
2025-11-26 00:00:00,2025,11,26,0,2,-2,DEOK,2566.6089
2025-11-26 01:00:00,2025,11,26,1,2,-2,DEOK,2510.7852
2025-11-26 02:00:00,2025,11,26,2,2,-2,DEOK,2484.5937999999996
2025-11-26 03:00:00,2025,11,26,3,2,-2,DEOK,2482.056
2025-11-26 04:00:00,2025,11,26,4,2,-2,DEOK,2529.2539
2025-11-26 05:00:00,2025,11,26,5,2,-2,DEOK,2666.8892
2025-11-26 06:00:00,2025,11,26,6,2,-2,DEOK,2868.4602
2025-11-26 07:00:00,2025,11,26,7,2,-2,DEOK,3030.5347
2025-11-26 08:00:00,2025,11,26,8,2,-2,DEOK,3063.8815
2025-11-26 09:00:00,2025,11,26,9,2,-2,DEOK,3060.0596
2025-11-26 10:00:00,2025,11,26,10,2,-2,DEOK,3060.7688
2025-11-26 11:00:00,2025,11,26,11,2,-2,DEOK,3028.4126
2025-11-26 12:00:00,2025,11,26,12,2,-2,DEOK,3005.0717
2025-11-26 13:00:00,2025,11,26,13,2,-2,DEOK,2968.904
2025-11-26 14:00:00,2025,11,26,14,2,-2,DEOK,2925.2325
2025-11-26 15:00:00,2025,11,26,15,2,-2,DEOK,2891.6157
2025-11-26 16:00:00,2025,11,26,16,2,-2,DEOK,2903.2895
2025-11-26 17:00:00,2025,11,26,17,2,-2,DEOK,3017.8895
2025-11-26 18:00:00,2025,11,26,18,2,-2,DEOK,3051.8685
2025-11-26 19:00:00,2025,11,26,19,2,-2,DEOK,3004.3349000000003
2025-11-26 20:00:00,2025,11,26,20,2,-2,DEOK,2952.9358
2025-11-26 21:00:00,2025,11,26,21,2,-2,DEOK,2856.9222999999997
2025-11-26 22:00:00,2025,11,26,22,2,-2,DEOK,2732.0952
2025-11-26 23:00:00,2025,11,26,23,2,-2,DEOK,2599.1949
2025-11-27 00:00:00,2025,11,27,0,3,-1,DEOK,2495.4654
2025-11-27 01:00:00,2025,11,27,1,3,-1,DEOK,2433.6465
2025-11-27 02:00:00,2025,11,27,2,3,-1,DEOK,2394.1194
2025-11-27 03:00:00,2025,11,27,3,3,-1,DEOK,2393.9623
2025-11-27 04:00:00,2025,11,27,4,3,-1,DEOK,2425.8298
2025-11-27 05:00:00,2025,11,27,5,3,-1,DEOK,2519.0135999999998
2025-11-27 06:00:00,2025,11,27,6,3,-1,DEOK,2679.4867
2025-11-27 07:00:00,2025,11,27,7,3,-1,DEOK,2806.1691
2025-11-27 08:00:00,2025,11,27,8,3,-1,DEOK,2865.6536
2025-11-27 09:00:00,2025,11,27,9,3,-1,DEOK,2914.8121
2025-11-27 10:00:00,2025,11,27,10,3,-1,DEOK,2949.5643
2025-11-27 11:00:00,2025,11,27,11,3,-1,DEOK,2948.1225
2025-11-27 12:00:00,2025,11,27,12,3,-1,DEOK,2926.1313999999998
2025-11-27 13:00:00,2025,11,27,13,3,-1,DEOK,2899.0196
2025-11-27 14:00:00,2025,11,27,14,3,-1,DEOK,2830.4964
2025-11-27 15:00:00,2025,11,27,15,3,-1,DEOK,2790.5369
2025-11-27 16:00:00,2025,11,27,16,3,-1,DEOK,2775.6186000000002
2025-11-27 17:00:00,2025,11,27,17,3,-1,DEOK,2850.5275
2025-11-27 18:00:00,2025,11,27,18,3,-1,DEOK,2867.2943999999998
2025-11-27 19:00:00,2025,11,27,19,3,-1,DEOK,2834.6173
2025-11-27 20:00:00,2025,11,27,20,3,-1,DEOK,2801.3725
2025-11-27 21:00:00,2025,11,27,21,3,-1,DEOK,2735.7632000000003
2025-11-27 22:00:00,2025,11,27,22,3,-1,DEOK,2642.0201
2025-11-27 23:00:00,2025,11,27,23,3,-1,DEOK,2538.8271
2025-11-28 00:00:00,2025,11,28,0,4,0,DEOK,2463.0035
2025-11-28 01:00:00,2025,11,28,1,4,0,DEOK,2409.4589
2025-11-28 02:00:00,2025,11,28,2,4,0,DEOK,2382.6145
2025-11-28 03:00:00,2025,11,28,3,4,0,DEOK,2378.3284
2025-11-28 04:00:00,2025,11,28,4,4,0,DEOK,2427.2188
2025-11-28 05:00:00,2025,11,28,5,4,0,DEOK,2537.0508999999997
2025-11-28 06:00:00,2025,11,28,6,4,0,DEOK,2705.3147
2025-11-28 07:00:00,2025,11,28,7,4,0,DEOK,2832.3032
2025-11-28 08:00:00,2025,11,28,8,4,0,DEOK,2877.3835
2025-11-28 09:00:00,2025,11,28,9,4,0,DEOK,2915.5481
2025-11-28 10:00:00,2025,11,28,10,4,0,DEOK,2932.0132
2025-11-28 11:00:00,2025,11,28,11,4,0,DEOK,2913.6229
2025-11-28 12:00:00,2025,11,28,12,4,0,DEOK,2868.7637
2025-11-28 13:00:00,2025,11,28,13,4,0,DEOK,2835.2902000000004
2025-11-28 14:00:00,2025,11,28,14,4,0,DEOK,2797.4437
2025-11-28 15:00:00,2025,11,28,15,4,0,DEOK,2792.2483
2025-11-28 16:00:00,2025,11,28,16,4,0,DEOK,2829.7637999999997
2025-11-28 17:00:00,2025,11,28,17,4,0,DEOK,2957.7505
2025-11-28 18:00:00,2025,11,28,18,4,0,DEOK,2984.7428
2025-11-28 19:00:00,2025,11,28,19,4,0,DEOK,2950.4404
2025-11-28 20:00:00,2025,11,28,20,4,0,DEOK,2912.2659
2025-11-28 21:00:00,2025,11,28,21,4,0,DEOK,2850.0986000000003
2025-11-28 22:00:00,2025,11,28,22,4,0,DEOK,2746.7163
2025-11-28 23:00:00,2025,11,28,23,4,0,DEOK,2653.4044999999996
2025-11-19 00:00:00,2025,11,19,0,2,-9,DOM,11773.9364
2025-11-19 01:00:00,2025,11,19,1,2,-9,DOM,11671.702800000001
2025-11-19 02:00:00,2025,11,19,2,2,-9,DOM,11690.8889
2025-11-19 03:00:00,2025,11,19,3,2,-9,DOM,11868.5438
2025-11-19 04:00:00,2025,11,19,4,2,-9,DOM,12285.4361
2025-11-19 05:00:00,2025,11,19,5,2,-9,DOM,13042.1524
2025-11-19 06:00:00,2025,11,19,6,2,-9,DOM,13874.3029
2025-11-19 07:00:00,2025,11,19,7,2,-9,DOM,14176.4932
2025-11-19 08:00:00,2025,11,19,8,2,-9,DOM,13806.526199999998
2025-11-19 09:00:00,2025,11,19,9,2,-9,DOM,13207.1547
2025-11-19 10:00:00,2025,11,19,10,2,-9,DOM,12744.2288
2025-11-19 11:00:00,2025,11,19,11,2,-9,DOM,12434.47
2025-11-19 12:00:00,2025,11,19,12,2,-9,DOM,12213.0944
2025-11-19 13:00:00,2025,11,19,13,2,-9,DOM,12066.8867
2025-11-19 14:00:00,2025,11,19,14,2,-9,DOM,12019.2763
2025-11-19 15:00:00,2025,11,19,15,2,-9,DOM,12264.0693
2025-11-19 16:00:00,2025,11,19,16,2,-9,DOM,12802.7926
2025-11-19 17:00:00,2025,11,19,17,2,-9,DOM,13432.6245
2025-11-19 18:00:00,2025,11,19,18,2,-9,DOM,13445.088899999999
2025-11-19 19:00:00,2025,11,19,19,2,-9,DOM,13312.2556
2025-11-19 20:00:00,2025,11,19,20,2,-9,DOM,13092.527
2025-11-19 21:00:00,2025,11,19,21,2,-9,DOM,12714.4477
2025-11-19 22:00:00,2025,11,19,22,2,-9,DOM,12238.4442
2025-11-19 23:00:00,2025,11,19,23,2,-9,DOM,11814.163
2025-11-20 00:00:00,2025,11,20,0,3,-8,DOM,11529.420300000002
2025-11-20 01:00:00,2025,11,20,1,3,-8,DOM,11397.2508
2025-11-20 02:00:00,2025,11,20,2,3,-8,DOM,11378.499099999999
2025-11-20 03:00:00,2025,11,20,3,3,-8,DOM,11506.2408
2025-11-20 04:00:00,2025,11,20,4,3,-8,DOM,11851.1849
2025-11-20 05:00:00,2025,11,20,5,3,-8,DOM,12487.2709
2025-11-20 06:00:00,2025,11,20,6,3,-8,DOM,13210.6888
2025-11-20 07:00:00,2025,11,20,7,3,-8,DOM,13497.1154
2025-11-20 08:00:00,2025,11,20,8,3,-8,DOM,13206.0473
2025-11-20 09:00:00,2025,11,20,9,3,-8,DOM,12783.4388
2025-11-20 10:00:00,2025,11,20,10,3,-8,DOM,12497.8202
2025-11-20 11:00:00,2025,11,20,11,3,-8,DOM,12300.8133
2025-11-20 12:00:00,2025,11,20,12,3,-8,DOM,12122.6049
2025-11-20 13:00:00,2025,11,20,13,3,-8,DOM,11951.3053
2025-11-20 14:00:00,2025,11,20,14,3,-8,DOM,11848.081
2025-11-20 15:00:00,2025,11,20,15,3,-8,DOM,11983.6931
2025-11-20 16:00:00,2025,11,20,16,3,-8,DOM,12353.8353
2025-11-20 17:00:00,2025,11,20,17,3,-8,DOM,12759.7634
2025-11-20 18:00:00,2025,11,20,18,3,-8,DOM,12721.381
2025-11-20 19:00:00,2025,11,20,19,3,-8,DOM,12631.6992
2025-11-20 20:00:00,2025,11,20,20,3,-8,DOM,12497.7808
2025-11-20 21:00:00,2025,11,20,21,3,-8,DOM,12246.4234
2025-11-20 22:00:00,2025,11,20,22,3,-8,DOM,11882.5988
2025-11-20 23:00:00,2025,11,20,23,3,-8,DOM,11556.8998
2025-11-21 00:00:00,2025,11,21,0,4,-7,DOM,11313.9663
2025-11-21 01:00:00,2025,11,21,1,4,-7,DOM,11235.6357
2025-11-21 02:00:00,2025,11,21,2,4,-7,DOM,11234.7225
2025-11-21 03:00:00,2025,11,21,3,4,-7,DOM,11397.4007
2025-11-21 04:00:00,2025,11,21,4,4,-7,DOM,11784.6872
2025-11-21 05:00:00,2025,11,21,5,4,-7,DOM,12445.4507
2025-11-21 06:00:00,2025,11,21,6,4,-7,DOM,13132.434700000002
2025-11-21 07:00:00,2025,11,21,7,4,-7,DOM,13340.444500000001
2025-11-21 08:00:00,2025,11,21,8,4,-7,DOM,13079.538
2025-11-21 09:00:00,2025,11,21,9,4,-7,DOM,12715.4343
2025-11-21 10:00:00,2025,11,21,10,4,-7,DOM,12426.9334
2025-11-21 11:00:00,2025,11,21,11,4,-7,DOM,12173.6332
2025-11-21 12:00:00,2025,11,21,12,4,-7,DOM,12024.107
2025-11-21 13:00:00,2025,11,21,13,4,-7,DOM,11939.369
2025-11-21 14:00:00,2025,11,21,14,4,-7,DOM,11960.1024
2025-11-21 15:00:00,2025,11,21,15,4,-7,DOM,12241.6401
2025-11-21 16:00:00,2025,11,21,16,4,-7,DOM,12819.5978
2025-11-21 17:00:00,2025,11,21,17,4,-7,DOM,13384.108499999998
2025-11-21 18:00:00,2025,11,21,18,4,-7,DOM,13387.663
2025-11-21 19:00:00,2025,11,21,19,4,-7,DOM,13260.5981
2025-11-21 20:00:00,2025,11,21,20,4,-7,DOM,13082.180100000001
2025-11-21 21:00:00,2025,11,21,21,4,-7,DOM,12804.023
2025-11-21 22:00:00,2025,11,21,22,4,-7,DOM,12445.206699999999
2025-11-21 23:00:00,2025,11,21,23,4,-7,DOM,12098.054800000002
2025-11-22 00:00:00,2025,11,22,0,5,-6,DOM,11725.9214
2025-11-22 01:00:00,2025,11,22,1,5,-6,DOM,11622.184799999999
2025-11-22 02:00:00,2025,11,22,2,5,-6,DOM,11599.422
2025-11-22 03:00:00,2025,11,22,3,5,-6,DOM,11686.382399999999
2025-11-22 04:00:00,2025,11,22,4,5,-6,DOM,11895.1932
2025-11-22 05:00:00,2025,11,22,5,5,-6,DOM,12315.7942
2025-11-22 06:00:00,2025,11,22,6,5,-6,DOM,12784.9294
2025-11-22 07:00:00,2025,11,22,7,5,-6,DOM,13016.6554
2025-11-22 08:00:00,2025,11,22,8,5,-6,DOM,12792.499
2025-11-22 09:00:00,2025,11,22,9,5,-6,DOM,12345.35
2025-11-22 10:00:00,2025,11,22,10,5,-6,DOM,11985.9804
2025-11-22 11:00:00,2025,11,22,11,5,-6,DOM,11740.0388
2025-11-22 12:00:00,2025,11,22,12,5,-6,DOM,11561.128999999999
2025-11-22 13:00:00,2025,11,22,13,5,-6,DOM,11395.019
2025-11-22 14:00:00,2025,11,22,14,5,-6,DOM,11380.3666
2025-11-22 15:00:00,2025,11,22,15,5,-6,DOM,11676.536600000001
2025-11-22 16:00:00,2025,11,22,16,5,-6,DOM,12245.2828
2025-11-22 17:00:00,2025,11,22,17,5,-6,DOM,12802.1772
2025-11-22 18:00:00,2025,11,22,18,5,-6,DOM,12885.7624
2025-11-22 19:00:00,2025,11,22,19,5,-6,DOM,12808.348
2025-11-22 20:00:00,2025,11,22,20,5,-6,DOM,12702.418399999999
2025-11-22 21:00:00,2025,11,22,21,5,-6,DOM,12476.742600000001
2025-11-22 22:00:00,2025,11,22,22,5,-6,DOM,12148.778999999999
2025-11-22 23:00:00,2025,11,22,23,5,-6,DOM,11838.3446
2025-11-23 00:00:00,2025,11,23,0,6,-5,DOM,11586.240399999999
2025-11-23 01:00:00,2025,11,23,1,6,-5,DOM,11431.9154
2025-11-23 02:00:00,2025,11,23,2,6,-5,DOM,11456.9848
2025-11-23 03:00:00,2025,11,23,3,6,-5,DOM,11532.5128
2025-11-23 04:00:00,2025,11,23,4,6,-5,DOM,11734.8076
2025-11-23 05:00:00,2025,11,23,5,6,-5,DOM,12076.348600000001
2025-11-23 06:00:00,2025,11,23,6,6,-5,DOM,12529.4328
2025-11-23 07:00:00,2025,11,23,7,6,-5,DOM,12802.2254
2025-11-23 08:00:00,2025,11,23,8,6,-5,DOM,12686.0536
2025-11-23 09:00:00,2025,11,23,9,6,-5,DOM,12321.606
2025-11-23 10:00:00,2025,11,23,10,6,-5,DOM,11965.809
2025-11-23 11:00:00,2025,11,23,11,6,-5,DOM,11662.5732
2025-11-23 12:00:00,2025,11,23,12,6,-5,DOM,11549.762400000001
2025-11-23 13:00:00,2025,11,23,13,6,-5,DOM,11512.3118
2025-11-23 14:00:00,2025,11,23,14,6,-5,DOM,11596.7158
2025-11-23 15:00:00,2025,11,23,15,6,-5,DOM,11881.1146
2025-11-23 16:00:00,2025,11,23,16,6,-5,DOM,12486.342
2025-11-23 17:00:00,2025,11,23,17,6,-5,DOM,13180.3144
2025-11-23 18:00:00,2025,11,23,18,6,-5,DOM,13296.552
2025-11-23 19:00:00,2025,11,23,19,6,-5,DOM,13228.7704
2025-11-23 20:00:00,2025,11,23,20,6,-5,DOM,13064.8996
2025-11-23 21:00:00,2025,11,23,21,6,-5,DOM,12697.5742
2025-11-23 22:00:00,2025,11,23,22,6,-5,DOM,12263.0114
2025-11-23 23:00:00,2025,11,23,23,6,-5,DOM,11865.191
2025-11-24 00:00:00,2025,11,24,0,0,-4,DOM,11637.4616
2025-11-24 01:00:00,2025,11,24,1,0,-4,DOM,11555.5512
2025-11-24 02:00:00,2025,11,24,2,0,-4,DOM,11624.0144
2025-11-24 03:00:00,2025,11,24,3,0,-4,DOM,11839.403
2025-11-24 04:00:00,2025,11,24,4,0,-4,DOM,12319.040799999999
2025-11-24 05:00:00,2025,11,24,5,0,-4,DOM,13148.711
2025-11-24 06:00:00,2025,11,24,6,0,-4,DOM,14058.569200000002
2025-11-24 07:00:00,2025,11,24,7,0,-4,DOM,14219.235
2025-11-24 08:00:00,2025,11,24,8,0,-4,DOM,13645.454399999999
2025-11-24 09:00:00,2025,11,24,9,0,-4,DOM,13063.2158
2025-11-24 10:00:00,2025,11,24,10,0,-4,DOM,12731.8022
2025-11-24 11:00:00,2025,11,24,11,0,-4,DOM,12465.3112
2025-11-24 12:00:00,2025,11,24,12,0,-4,DOM,12263.905999999999
2025-11-24 13:00:00,2025,11,24,13,0,-4,DOM,12183.0782
2025-11-24 14:00:00,2025,11,24,14,0,-4,DOM,12200.689199999999
2025-11-24 15:00:00,2025,11,24,15,0,-4,DOM,12481.6734
2025-11-24 16:00:00,2025,11,24,16,0,-4,DOM,13096.724
2025-11-24 17:00:00,2025,11,24,17,0,-4,DOM,13787.5704
2025-11-24 18:00:00,2025,11,24,18,0,-4,DOM,13878.7894
2025-11-24 19:00:00,2025,11,24,19,0,-4,DOM,13761.660399999999
2025-11-24 20:00:00,2025,11,24,20,0,-4,DOM,13529.295199999999
2025-11-24 21:00:00,2025,11,24,21,0,-4,DOM,13147.0152
2025-11-24 22:00:00,2025,11,24,22,0,-4,DOM,12623.2586
2025-11-24 23:00:00,2025,11,24,23,0,-4,DOM,12163.876
2025-11-25 00:00:00,2025,11,25,0,1,-3,DOM,11920.711800000001
2025-11-25 01:00:00,2025,11,25,1,1,-3,DOM,11802.4182
2025-11-25 02:00:00,2025,11,25,2,1,-3,DOM,11861.8132
2025-11-25 03:00:00,2025,11,25,3,1,-3,DOM,12044.7494
2025-11-25 04:00:00,2025,11,25,4,1,-3,DOM,12489.2912
2025-11-25 05:00:00,2025,11,25,5,1,-3,DOM,13303.517800000001
2025-11-25 06:00:00,2025,11,25,6,1,-3,DOM,14226.5524
2025-11-25 07:00:00,2025,11,25,7,1,-3,DOM,14627.569599999999
2025-11-25 08:00:00,2025,11,25,8,1,-3,DOM,14232.6404
2025-11-25 09:00:00,2025,11,25,9,1,-3,DOM,13638.246600000002
2025-11-25 10:00:00,2025,11,25,10,1,-3,DOM,13212.3802
2025-11-25 11:00:00,2025,11,25,11,1,-3,DOM,12909.1242
2025-11-25 12:00:00,2025,11,25,12,1,-3,DOM,12685.9476
2025-11-25 13:00:00,2025,11,25,13,1,-3,DOM,12543.283800000001
2025-11-25 14:00:00,2025,11,25,14,1,-3,DOM,12471.9486
2025-11-25 15:00:00,2025,11,25,15,1,-3,DOM,12684.7736
2025-11-25 16:00:00,2025,11,25,16,1,-3,DOM,13243.8698
2025-11-25 17:00:00,2025,11,25,17,1,-3,DOM,13891.332199999999
2025-11-25 18:00:00,2025,11,25,18,1,-3,DOM,13921.36
2025-11-25 19:00:00,2025,11,25,19,1,-3,DOM,13790.070600000001
2025-11-25 20:00:00,2025,11,25,20,1,-3,DOM,13569.272
2025-11-25 21:00:00,2025,11,25,21,1,-3,DOM,13235.7026
2025-11-25 22:00:00,2025,11,25,22,1,-3,DOM,12772.7132
2025-11-25 23:00:00,2025,11,25,23,1,-3,DOM,12340.7412
2025-11-26 00:00:00,2025,11,26,0,2,-2,DOM,11773.9364
2025-11-26 01:00:00,2025,11,26,1,2,-2,DOM,11671.702800000001
2025-11-26 02:00:00,2025,11,26,2,2,-2,DOM,11690.8889
2025-11-26 03:00:00,2025,11,26,3,2,-2,DOM,11868.5438
2025-11-26 04:00:00,2025,11,26,4,2,-2,DOM,12285.4361
2025-11-26 05:00:00,2025,11,26,5,2,-2,DOM,13042.1524
2025-11-26 06:00:00,2025,11,26,6,2,-2,DOM,13874.3029
2025-11-26 07:00:00,2025,11,26,7,2,-2,DOM,14176.4932
2025-11-26 08:00:00,2025,11,26,8,2,-2,DOM,13806.526199999998
2025-11-26 09:00:00,2025,11,26,9,2,-2,DOM,13207.1547
2025-11-26 10:00:00,2025,11,26,10,2,-2,DOM,12744.2288
2025-11-26 11:00:00,2025,11,26,11,2,-2,DOM,12434.47
2025-11-26 12:00:00,2025,11,26,12,2,-2,DOM,12213.0944
2025-11-26 13:00:00,2025,11,26,13,2,-2,DOM,12066.8867
2025-11-26 14:00:00,2025,11,26,14,2,-2,DOM,12019.2763
2025-11-26 15:00:00,2025,11,26,15,2,-2,DOM,12264.0693
2025-11-26 16:00:00,2025,11,26,16,2,-2,DOM,12802.7926
2025-11-26 17:00:00,2025,11,26,17,2,-2,DOM,13432.6245
2025-11-26 18:00:00,2025,11,26,18,2,-2,DOM,13445.088899999999
2025-11-26 19:00:00,2025,11,26,19,2,-2,DOM,13312.2556
2025-11-26 20:00:00,2025,11,26,20,2,-2,DOM,13092.527
2025-11-26 21:00:00,2025,11,26,21,2,-2,DOM,12714.4477
2025-11-26 22:00:00,2025,11,26,22,2,-2,DOM,12238.4442
2025-11-26 23:00:00,2025,11,26,23,2,-2,DOM,11814.163
2025-11-27 00:00:00,2025,11,27,0,3,-1,DOM,11529.420300000002
2025-11-27 01:00:00,2025,11,27,1,3,-1,DOM,11397.2508
2025-11-27 02:00:00,2025,11,27,2,3,-1,DOM,11378.499099999999
2025-11-27 03:00:00,2025,11,27,3,3,-1,DOM,11506.2408
2025-11-27 04:00:00,2025,11,27,4,3,-1,DOM,11851.1849
2025-11-27 05:00:00,2025,11,27,5,3,-1,DOM,12487.2709
2025-11-27 06:00:00,2025,11,27,6,3,-1,DOM,13210.6888
2025-11-27 07:00:00,2025,11,27,7,3,-1,DOM,13497.1154
2025-11-27 08:00:00,2025,11,27,8,3,-1,DOM,13206.0473
2025-11-27 09:00:00,2025,11,27,9,3,-1,DOM,12783.4388
2025-11-27 10:00:00,2025,11,27,10,3,-1,DOM,12497.8202
2025-11-27 11:00:00,2025,11,27,11,3,-1,DOM,12300.8133
2025-11-27 12:00:00,2025,11,27,12,3,-1,DOM,12122.6049
2025-11-27 13:00:00,2025,11,27,13,3,-1,DOM,11951.3053
2025-11-27 14:00:00,2025,11,27,14,3,-1,DOM,11848.081
2025-11-27 15:00:00,2025,11,27,15,3,-1,DOM,11983.6931
2025-11-27 16:00:00,2025,11,27,16,3,-1,DOM,12353.8353
2025-11-27 17:00:00,2025,11,27,17,3,-1,DOM,12759.7634
2025-11-27 18:00:00,2025,11,27,18,3,-1,DOM,12721.381
2025-11-27 19:00:00,2025,11,27,19,3,-1,DOM,12631.6992
2025-11-27 20:00:00,2025,11,27,20,3,-1,DOM,12497.7808
2025-11-27 21:00:00,2025,11,27,21,3,-1,DOM,12246.4234
2025-11-27 22:00:00,2025,11,27,22,3,-1,DOM,11882.5988
2025-11-27 23:00:00,2025,11,27,23,3,-1,DOM,11556.8998
2025-11-28 00:00:00,2025,11,28,0,4,0,DOM,11313.9663
2025-11-28 01:00:00,2025,11,28,1,4,0,DOM,11235.6357
2025-11-28 02:00:00,2025,11,28,2,4,0,DOM,11234.7225
2025-11-28 03:00:00,2025,11,28,3,4,0,DOM,11397.4007
2025-11-28 04:00:00,2025,11,28,4,4,0,DOM,11784.6872
2025-11-28 05:00:00,2025,11,28,5,4,0,DOM,12445.4507
2025-11-28 06:00:00,2025,11,28,6,4,0,DOM,13132.434700000002
2025-11-28 07:00:00,2025,11,28,7,4,0,DOM,13340.444500000001
2025-11-28 08:00:00,2025,11,28,8,4,0,DOM,13079.538
2025-11-28 09:00:00,2025,11,28,9,4,0,DOM,12715.4343
2025-11-28 10:00:00,2025,11,28,10,4,0,DOM,12426.9334
2025-11-28 11:00:00,2025,11,28,11,4,0,DOM,12173.6332
2025-11-28 12:00:00,2025,11,28,12,4,0,DOM,12024.107
2025-11-28 13:00:00,2025,11,28,13,4,0,DOM,11939.369
2025-11-28 14:00:00,2025,11,28,14,4,0,DOM,11960.1024
2025-11-28 15:00:00,2025,11,28,15,4,0,DOM,12241.6401
2025-11-28 16:00:00,2025,11,28,16,4,0,DOM,12819.5978
2025-11-28 17:00:00,2025,11,28,17,4,0,DOM,13384.108499999998
2025-11-28 18:00:00,2025,11,28,18,4,0,DOM,13387.663
2025-11-28 19:00:00,2025,11,28,19,4,0,DOM,13260.5981
2025-11-28 20:00:00,2025,11,28,20,4,0,DOM,13082.180100000001
2025-11-28 21:00:00,2025,11,28,21,4,0,DOM,12804.023
2025-11-28 22:00:00,2025,11,28,22,4,0,DOM,12445.206699999999
2025-11-28 23:00:00,2025,11,28,23,4,0,DOM,12098.054800000002
2025-11-19 00:00:00,2025,11,19,0,2,-9,DPLCO,1824.9128
2025-11-19 01:00:00,2025,11,19,1,2,-9,DPLCO,1793.5515
2025-11-19 02:00:00,2025,11,19,2,2,-9,DPLCO,1786.7220000000002
2025-11-19 03:00:00,2025,11,19,3,2,-9,DPLCO,1804.4365000000003
2025-11-19 04:00:00,2025,11,19,4,2,-9,DPLCO,1864.33
2025-11-19 05:00:00,2025,11,19,5,2,-9,DPLCO,1996.1284
2025-11-19 06:00:00,2025,11,19,6,2,-9,DPLCO,2179.0131
2025-11-19 07:00:00,2025,11,19,7,2,-9,DPLCO,2244.0268
2025-11-19 08:00:00,2025,11,19,8,2,-9,DPLCO,2167.6875
2025-11-19 09:00:00,2025,11,19,9,2,-9,DPLCO,2050.0978999999998
2025-11-19 10:00:00,2025,11,19,10,2,-9,DPLCO,1962.2616999999998
2025-11-19 11:00:00,2025,11,19,11,2,-9,DPLCO,1890.0954000000002
2025-11-19 12:00:00,2025,11,19,12,2,-9,DPLCO,1861.2743999999998
2025-11-19 13:00:00,2025,11,19,13,2,-9,DPLCO,1845.1666
2025-11-19 14:00:00,2025,11,19,14,2,-9,DPLCO,1851.9332
2025-11-19 15:00:00,2025,11,19,15,2,-9,DPLCO,1904.0981
2025-11-19 16:00:00,2025,11,19,16,2,-9,DPLCO,2034.5872
2025-11-19 17:00:00,2025,11,19,17,2,-9,DPLCO,2196.8288000000002
2025-11-19 18:00:00,2025,11,19,18,2,-9,DPLCO,2198.9919
2025-11-19 19:00:00,2025,11,19,19,2,-9,DPLCO,2175.5038
2025-11-19 20:00:00,2025,11,19,20,2,-9,DPLCO,2132.7708
2025-11-19 21:00:00,2025,11,19,21,2,-9,DPLCO,2053.8183
2025-11-19 22:00:00,2025,11,19,22,2,-9,DPLCO,1942.6228999999998
2025-11-19 23:00:00,2025,11,19,23,2,-9,DPLCO,1839.3455999999999
2025-11-20 00:00:00,2025,11,20,0,3,-8,DPLCO,1771.2168000000001
2025-11-20 01:00:00,2025,11,20,1,3,-8,DPLCO,1736.779
2025-11-20 02:00:00,2025,11,20,2,3,-8,DPLCO,1722.2597
2025-11-20 03:00:00,2025,11,20,3,3,-8,DPLCO,1734.2858
2025-11-20 04:00:00,2025,11,20,4,3,-8,DPLCO,1775.1603
2025-11-20 05:00:00,2025,11,20,5,3,-8,DPLCO,1875.5961
2025-11-20 06:00:00,2025,11,20,6,3,-8,DPLCO,2023.1958
2025-11-20 07:00:00,2025,11,20,7,3,-8,DPLCO,2088.0474999999997
2025-11-20 08:00:00,2025,11,20,8,3,-8,DPLCO,2050.7393
2025-11-20 09:00:00,2025,11,20,9,3,-8,DPLCO,1988.9670999999998
2025-11-20 10:00:00,2025,11,20,10,3,-8,DPLCO,1941.8217
2025-11-20 11:00:00,2025,11,20,11,3,-8,DPLCO,1898.4352
2025-11-20 12:00:00,2025,11,20,12,3,-8,DPLCO,1860.5511
2025-11-20 13:00:00,2025,11,20,13,3,-8,DPLCO,1836.5944
2025-11-20 14:00:00,2025,11,20,14,3,-8,DPLCO,1820.9413
2025-11-20 15:00:00,2025,11,20,15,3,-8,DPLCO,1843.7255
2025-11-20 16:00:00,2025,11,20,16,3,-8,DPLCO,1919.0307
2025-11-20 17:00:00,2025,11,20,17,3,-8,DPLCO,2024.2625
2025-11-20 18:00:00,2025,11,20,18,3,-8,DPLCO,2021.9063
2025-11-20 19:00:00,2025,11,20,19,3,-8,DPLCO,2005.7920000000001
2025-11-20 20:00:00,2025,11,20,20,3,-8,DPLCO,1988.381
2025-11-20 21:00:00,2025,11,20,21,3,-8,DPLCO,1931.9387
2025-11-20 22:00:00,2025,11,20,22,3,-8,DPLCO,1845.83
2025-11-20 23:00:00,2025,11,20,23,3,-8,DPLCO,1758.8578000000002
2025-11-21 00:00:00,2025,11,21,0,4,-7,DPLCO,1705.089
2025-11-21 01:00:00,2025,11,21,1,4,-7,DPLCO,1679.6547999999998
2025-11-21 02:00:00,2025,11,21,2,4,-7,DPLCO,1677.25
2025-11-21 03:00:00,2025,11,21,3,4,-7,DPLCO,1697.5646000000002
2025-11-21 04:00:00,2025,11,21,4,4,-7,DPLCO,1752.3265
2025-11-21 05:00:00,2025,11,21,5,4,-7,DPLCO,1861.1499
2025-11-21 06:00:00,2025,11,21,6,4,-7,DPLCO,2020.2255
2025-11-21 07:00:00,2025,11,21,7,4,-7,DPLCO,2073.5018
2025-11-21 08:00:00,2025,11,21,8,4,-7,DPLCO,2020.3908
2025-11-21 09:00:00,2025,11,21,9,4,-7,DPLCO,1962.7292999999997
2025-11-21 10:00:00,2025,11,21,10,4,-7,DPLCO,1910.7979
2025-11-21 11:00:00,2025,11,21,11,4,-7,DPLCO,1862.4458
2025-11-21 12:00:00,2025,11,21,12,4,-7,DPLCO,1834.1349999999998
2025-11-21 13:00:00,2025,11,21,13,4,-7,DPLCO,1840.5721
2025-11-21 14:00:00,2025,11,21,14,4,-7,DPLCO,1860.1752000000001
2025-11-21 15:00:00,2025,11,21,15,4,-7,DPLCO,1920.3971000000001
2025-11-21 16:00:00,2025,11,21,16,4,-7,DPLCO,2047.3727
2025-11-21 17:00:00,2025,11,21,17,4,-7,DPLCO,2191.68
2025-11-21 18:00:00,2025,11,21,18,4,-7,DPLCO,2192.538
2025-11-21 19:00:00,2025,11,21,19,4,-7,DPLCO,2169.2839
2025-11-21 20:00:00,2025,11,21,20,4,-7,DPLCO,2137.175
2025-11-21 21:00:00,2025,11,21,21,4,-7,DPLCO,2080.7110000000002
2025-11-21 22:00:00,2025,11,21,22,4,-7,DPLCO,1987.5987
2025-11-21 23:00:00,2025,11,21,23,4,-7,DPLCO,1900.6455999999998
2025-11-22 00:00:00,2025,11,22,0,5,-6,DPLCO,1784.889
2025-11-22 01:00:00,2025,11,22,1,5,-6,DPLCO,1748.5546000000002
2025-11-22 02:00:00,2025,11,22,2,5,-6,DPLCO,1733.9786
2025-11-22 03:00:00,2025,11,22,3,5,-6,DPLCO,1743.4756000000002
2025-11-22 04:00:00,2025,11,22,4,5,-6,DPLCO,1772.0096
2025-11-22 05:00:00,2025,11,22,5,5,-6,DPLCO,1844.6446
2025-11-22 06:00:00,2025,11,22,6,5,-6,DPLCO,1943.14
2025-11-22 07:00:00,2025,11,22,7,5,-6,DPLCO,2012.5495999999998
2025-11-22 08:00:00,2025,11,22,8,5,-6,DPLCO,1984.413
2025-11-22 09:00:00,2025,11,22,9,5,-6,DPLCO,1912.3277999999998
2025-11-22 10:00:00,2025,11,22,10,5,-6,DPLCO,1838.0837999999999
2025-11-22 11:00:00,2025,11,22,11,5,-6,DPLCO,1760.909
2025-11-22 12:00:00,2025,11,22,12,5,-6,DPLCO,1710.0049999999999
2025-11-22 13:00:00,2025,11,22,13,5,-6,DPLCO,1694.8867999999998
2025-11-22 14:00:00,2025,11,22,14,5,-6,DPLCO,1718.494
2025-11-22 15:00:00,2025,11,22,15,5,-6,DPLCO,1775.1042000000002
2025-11-22 16:00:00,2025,11,22,16,5,-6,DPLCO,1920.9117999999999
2025-11-22 17:00:00,2025,11,22,17,5,-6,DPLCO,2069.9008000000003
2025-11-22 18:00:00,2025,11,22,18,5,-6,DPLCO,2069.7886
2025-11-22 19:00:00,2025,11,22,19,5,-6,DPLCO,2041.7604
2025-11-22 20:00:00,2025,11,22,20,5,-6,DPLCO,2013.8121999999998
2025-11-22 21:00:00,2025,11,22,21,5,-6,DPLCO,1960.3524000000002
2025-11-22 22:00:00,2025,11,22,22,5,-6,DPLCO,1884.312
2025-11-22 23:00:00,2025,11,22,23,5,-6,DPLCO,1807.9628
2025-11-23 00:00:00,2025,11,23,0,6,-5,DPLCO,1754.0576
2025-11-23 01:00:00,2025,11,23,1,6,-5,DPLCO,1722.8418000000001
2025-11-23 02:00:00,2025,11,23,2,6,-5,DPLCO,1711.9486000000002
2025-11-23 03:00:00,2025,11,23,3,6,-5,DPLCO,1719.5122
2025-11-23 04:00:00,2025,11,23,4,6,-5,DPLCO,1750.1028
2025-11-23 05:00:00,2025,11,23,5,6,-5,DPLCO,1806.1437999999998
2025-11-23 06:00:00,2025,11,23,6,6,-5,DPLCO,1896.7743999999998
2025-11-23 07:00:00,2025,11,23,7,6,-5,DPLCO,1965.4582000000003
2025-11-23 08:00:00,2025,11,23,8,6,-5,DPLCO,1968.0834
2025-11-23 09:00:00,2025,11,23,9,6,-5,DPLCO,1909.3866000000003
2025-11-23 10:00:00,2025,11,23,10,6,-5,DPLCO,1843.8110000000001
2025-11-23 11:00:00,2025,11,23,11,6,-5,DPLCO,1795.8491999999999
2025-11-23 12:00:00,2025,11,23,12,6,-5,DPLCO,1765.6632000000002
2025-11-23 13:00:00,2025,11,23,13,6,-5,DPLCO,1751.9986000000001
2025-11-23 14:00:00,2025,11,23,14,6,-5,DPLCO,1767.1444
2025-11-23 15:00:00,2025,11,23,15,6,-5,DPLCO,1829.6388
2025-11-23 16:00:00,2025,11,23,16,6,-5,DPLCO,1979.2426
2025-11-23 17:00:00,2025,11,23,17,6,-5,DPLCO,2140.6518
2025-11-23 18:00:00,2025,11,23,18,6,-5,DPLCO,2145.1744
2025-11-23 19:00:00,2025,11,23,19,6,-5,DPLCO,2121.0644
2025-11-23 20:00:00,2025,11,23,20,6,-5,DPLCO,2070.633
2025-11-23 21:00:00,2025,11,23,21,6,-5,DPLCO,1995.7486000000001
2025-11-23 22:00:00,2025,11,23,22,6,-5,DPLCO,1896.7644
2025-11-23 23:00:00,2025,11,23,23,6,-5,DPLCO,1806.0092
2025-11-24 00:00:00,2025,11,24,0,0,-4,DPLCO,1752.6988000000001
2025-11-24 01:00:00,2025,11,24,1,0,-4,DPLCO,1729.9926
2025-11-24 02:00:00,2025,11,24,2,0,-4,DPLCO,1728.8608
2025-11-24 03:00:00,2025,11,24,3,0,-4,DPLCO,1750.2273999999998
2025-11-24 04:00:00,2025,11,24,4,0,-4,DPLCO,1814.5430000000001
2025-11-24 05:00:00,2025,11,24,5,0,-4,DPLCO,1961.5666
2025-11-24 06:00:00,2025,11,24,6,0,-4,DPLCO,2165.8124
2025-11-24 07:00:00,2025,11,24,7,0,-4,DPLCO,2241.3182
2025-11-24 08:00:00,2025,11,24,8,0,-4,DPLCO,2151.2328
2025-11-24 09:00:00,2025,11,24,9,0,-4,DPLCO,2040.4162000000001
2025-11-24 10:00:00,2025,11,24,10,0,-4,DPLCO,1956.6263999999999
2025-11-24 11:00:00,2025,11,24,11,0,-4,DPLCO,1895.7698
2025-11-24 12:00:00,2025,11,24,12,0,-4,DPLCO,1861.4948
2025-11-24 13:00:00,2025,11,24,13,0,-4,DPLCO,1855.8516
2025-11-24 14:00:00,2025,11,24,14,0,-4,DPLCO,1869.4705999999999
2025-11-24 15:00:00,2025,11,24,15,0,-4,DPLCO,1933.0510000000002
2025-11-24 16:00:00,2025,11,24,16,0,-4,DPLCO,2086.8774000000003
2025-11-24 17:00:00,2025,11,24,17,0,-4,DPLCO,2278.0688
2025-11-24 18:00:00,2025,11,24,18,0,-4,DPLCO,2295.8383999999996
2025-11-24 19:00:00,2025,11,24,19,0,-4,DPLCO,2273.4442
2025-11-24 20:00:00,2025,11,24,20,0,-4,DPLCO,2225.1094000000003
2025-11-24 21:00:00,2025,11,24,21,0,-4,DPLCO,2137.3626
2025-11-24 22:00:00,2025,11,24,22,0,-4,DPLCO,2019.42
2025-11-24 23:00:00,2025,11,24,23,0,-4,DPLCO,1915.866
2025-11-25 00:00:00,2025,11,25,0,1,-3,DPLCO,1852.2008
2025-11-25 01:00:00,2025,11,25,1,1,-3,DPLCO,1826.1648
2025-11-25 02:00:00,2025,11,25,2,1,-3,DPLCO,1825.0506
2025-11-25 03:00:00,2025,11,25,3,1,-3,DPLCO,1844.2578
2025-11-25 04:00:00,2025,11,25,4,1,-3,DPLCO,1905.8203999999998
2025-11-25 05:00:00,2025,11,25,5,1,-3,DPLCO,2041.4298
2025-11-25 06:00:00,2025,11,25,6,1,-3,DPLCO,2236.7898
2025-11-25 07:00:00,2025,11,25,7,1,-3,DPLCO,2303.5514
2025-11-25 08:00:00,2025,11,25,8,1,-3,DPLCO,2223.2994
2025-11-25 09:00:00,2025,11,25,9,1,-3,DPLCO,2114.1441999999997
2025-11-25 10:00:00,2025,11,25,10,1,-3,DPLCO,2028.4434
2025-11-25 11:00:00,2025,11,25,11,1,-3,DPLCO,1964.9838
2025-11-25 12:00:00,2025,11,25,12,1,-3,DPLCO,1924.2856
2025-11-25 13:00:00,2025,11,25,13,1,-3,DPLCO,1901.5720000000001
2025-11-25 14:00:00,2025,11,25,14,1,-3,DPLCO,1912.9058
2025-11-25 15:00:00,2025,11,25,15,1,-3,DPLCO,1972.6853999999998
2025-11-25 16:00:00,2025,11,25,16,1,-3,DPLCO,2104.5968000000003
2025-11-25 17:00:00,2025,11,25,17,1,-3,DPLCO,2260.2292
2025-11-25 18:00:00,2025,11,25,18,1,-3,DPLCO,2276.9970000000003
2025-11-25 19:00:00,2025,11,25,19,1,-3,DPLCO,2264.3442
2025-11-25 20:00:00,2025,11,25,20,1,-3,DPLCO,2216.5056
2025-11-25 21:00:00,2025,11,25,21,1,-3,DPLCO,2138.5738
2025-11-25 22:00:00,2025,11,25,22,1,-3,DPLCO,2035.7510000000002
2025-11-25 23:00:00,2025,11,25,23,1,-3,DPLCO,1940.6434000000002
2025-11-26 00:00:00,2025,11,26,0,2,-2,DPLCO,1824.9128
2025-11-26 01:00:00,2025,11,26,1,2,-2,DPLCO,1793.5515
2025-11-26 02:00:00,2025,11,26,2,2,-2,DPLCO,1786.7220000000002
2025-11-26 03:00:00,2025,11,26,3,2,-2,DPLCO,1804.4365000000003
2025-11-26 04:00:00,2025,11,26,4,2,-2,DPLCO,1864.33
2025-11-26 05:00:00,2025,11,26,5,2,-2,DPLCO,1996.1284
2025-11-26 06:00:00,2025,11,26,6,2,-2,DPLCO,2179.0131
2025-11-26 07:00:00,2025,11,26,7,2,-2,DPLCO,2244.0268
2025-11-26 08:00:00,2025,11,26,8,2,-2,DPLCO,2167.6875
2025-11-26 09:00:00,2025,11,26,9,2,-2,DPLCO,2050.0978999999998
2025-11-26 10:00:00,2025,11,26,10,2,-2,DPLCO,1962.2616999999998
2025-11-26 11:00:00,2025,11,26,11,2,-2,DPLCO,1890.0954000000002
2025-11-26 12:00:00,2025,11,26,12,2,-2,DPLCO,1861.2743999999998
2025-11-26 13:00:00,2025,11,26,13,2,-2,DPLCO,1845.1666
2025-11-26 14:00:00,2025,11,26,14,2,-2,DPLCO,1851.9332
2025-11-26 15:00:00,2025,11,26,15,2,-2,DPLCO,1904.0981
2025-11-26 16:00:00,2025,11,26,16,2,-2,DPLCO,2034.5872
2025-11-26 17:00:00,2025,11,26,17,2,-2,DPLCO,2196.8288000000002
2025-11-26 18:00:00,2025,11,26,18,2,-2,DPLCO,2198.9919
2025-11-26 19:00:00,2025,11,26,19,2,-2,DPLCO,2175.5038
2025-11-26 20:00:00,2025,11,26,20,2,-2,DPLCO,2132.7708
2025-11-26 21:00:00,2025,11,26,21,2,-2,DPLCO,2053.8183
2025-11-26 22:00:00,2025,11,26,22,2,-2,DPLCO,1942.6228999999998
2025-11-26 23:00:00,2025,11,26,23,2,-2,DPLCO,1839.3455999999999
2025-11-27 00:00:00,2025,11,27,0,3,-1,DPLCO,1771.2168000000001
2025-11-27 01:00:00,2025,11,27,1,3,-1,DPLCO,1736.779
2025-11-27 02:00:00,2025,11,27,2,3,-1,DPLCO,1722.2597
2025-11-27 03:00:00,2025,11,27,3,3,-1,DPLCO,1734.2858
2025-11-27 04:00:00,2025,11,27,4,3,-1,DPLCO,1775.1603
2025-11-27 05:00:00,2025,11,27,5,3,-1,DPLCO,1875.5961
2025-11-27 06:00:00,2025,11,27,6,3,-1,DPLCO,2023.1958
2025-11-27 07:00:00,2025,11,27,7,3,-1,DPLCO,2088.0474999999997
2025-11-27 08:00:00,2025,11,27,8,3,-1,DPLCO,2050.7393
2025-11-27 09:00:00,2025,11,27,9,3,-1,DPLCO,1988.9670999999998
2025-11-27 10:00:00,2025,11,27,10,3,-1,DPLCO,1941.8217
2025-11-27 11:00:00,2025,11,27,11,3,-1,DPLCO,1898.4352
2025-11-27 12:00:00,2025,11,27,12,3,-1,DPLCO,1860.5511
2025-11-27 13:00:00,2025,11,27,13,3,-1,DPLCO,1836.5944
2025-11-27 14:00:00,2025,11,27,14,3,-1,DPLCO,1820.9413
2025-11-27 15:00:00,2025,11,27,15,3,-1,DPLCO,1843.7255
2025-11-27 16:00:00,2025,11,27,16,3,-1,DPLCO,1919.0307
2025-11-27 17:00:00,2025,11,27,17,3,-1,DPLCO,2024.2625
2025-11-27 18:00:00,2025,11,27,18,3,-1,DPLCO,2021.9063
2025-11-27 19:00:00,2025,11,27,19,3,-1,DPLCO,2005.7920000000001
2025-11-27 20:00:00,2025,11,27,20,3,-1,DPLCO,1988.381
2025-11-27 21:00:00,2025,11,27,21,3,-1,DPLCO,1931.9387
2025-11-27 22:00:00,2025,11,27,22,3,-1,DPLCO,1845.83
2025-11-27 23:00:00,2025,11,27,23,3,-1,DPLCO,1758.8578000000002
2025-11-28 00:00:00,2025,11,28,0,4,0,DPLCO,1705.089
2025-11-28 01:00:00,2025,11,28,1,4,0,DPLCO,1679.6547999999998
2025-11-28 02:00:00,2025,11,28,2,4,0,DPLCO,1677.25
2025-11-28 03:00:00,2025,11,28,3,4,0,DPLCO,1697.5646000000002
2025-11-28 04:00:00,2025,11,28,4,4,0,DPLCO,1752.3265
2025-11-28 05:00:00,2025,11,28,5,4,0,DPLCO,1861.1499
2025-11-28 06:00:00,2025,11,28,6,4,0,DPLCO,2020.2255
2025-11-28 07:00:00,2025,11,28,7,4,0,DPLCO,2073.5018
2025-11-28 08:00:00,2025,11,28,8,4,0,DPLCO,2020.3908
2025-11-28 09:00:00,2025,11,28,9,4,0,DPLCO,1962.7292999999997
2025-11-28 10:00:00,2025,11,28,10,4,0,DPLCO,1910.7979
2025-11-28 11:00:00,2025,11,28,11,4,0,DPLCO,1862.4458
2025-11-28 12:00:00,2025,11,28,12,4,0,DPLCO,1834.1349999999998
2025-11-28 13:00:00,2025,11,28,13,4,0,DPLCO,1840.5721
2025-11-28 14:00:00,2025,11,28,14,4,0,DPLCO,1860.1752000000001
2025-11-28 15:00:00,2025,11,28,15,4,0,DPLCO,1920.3971000000001
2025-11-28 16:00:00,2025,11,28,16,4,0,DPLCO,2047.3727
2025-11-28 17:00:00,2025,11,28,17,4,0,DPLCO,2191.68
2025-11-28 18:00:00,2025,11,28,18,4,0,DPLCO,2192.538
2025-11-28 19:00:00,2025,11,28,19,4,0,DPLCO,2169.2839
2025-11-28 20:00:00,2025,11,28,20,4,0,DPLCO,2137.175
2025-11-28 21:00:00,2025,11,28,21,4,0,DPLCO,2080.7110000000002
2025-11-28 22:00:00,2025,11,28,22,4,0,DPLCO,1987.5987
2025-11-28 23:00:00,2025,11,28,23,4,0,DPLCO,1900.6455999999998
2025-11-19 00:00:00,2025,11,19,0,2,-9,DUQ,1312.3821
2025-11-19 01:00:00,2025,11,19,1,2,-9,DUQ,1290.7715
2025-11-19 02:00:00,2025,11,19,2,2,-9,DUQ,1278.4796000000001
2025-11-19 03:00:00,2025,11,19,3,2,-9,DUQ,1276.4162000000001
2025-11-19 04:00:00,2025,11,19,4,2,-9,DUQ,1293.107
2025-11-19 05:00:00,2025,11,19,5,2,-9,DUQ,1355.6354999999999
2025-11-19 06:00:00,2025,11,19,6,2,-9,DUQ,1442.2794
2025-11-19 07:00:00,2025,11,19,7,2,-9,DUQ,1506.2884
2025-11-19 08:00:00,2025,11,19,8,2,-9,DUQ,1533.0665000000001
2025-11-19 09:00:00,2025,11,19,9,2,-9,DUQ,1545.6082000000001
2025-11-19 10:00:00,2025,11,19,10,2,-9,DUQ,1547.1347
2025-11-19 11:00:00,2025,11,19,11,2,-9,DUQ,1533.4647
2025-11-19 12:00:00,2025,11,19,12,2,-9,DUQ,1526.6019000000001
2025-11-19 13:00:00,2025,11,19,13,2,-9,DUQ,1517.3668
2025-11-19 14:00:00,2025,11,19,14,2,-9,DUQ,1500.6374
2025-11-19 15:00:00,2025,11,19,15,2,-9,DUQ,1494.7944
2025-11-19 16:00:00,2025,11,19,16,2,-9,DUQ,1503.2019
2025-11-19 17:00:00,2025,11,19,17,2,-9,DUQ,1545.0999
2025-11-19 18:00:00,2025,11,19,18,2,-9,DUQ,1537.6893
2025-11-19 19:00:00,2025,11,19,19,2,-9,DUQ,1512.5436
2025-11-19 20:00:00,2025,11,19,20,2,-9,DUQ,1482.9689999999998
2025-11-19 21:00:00,2025,11,19,21,2,-9,DUQ,1434.0924
2025-11-19 22:00:00,2025,11,19,22,2,-9,DUQ,1371.6913
2025-11-19 23:00:00,2025,11,19,23,2,-9,DUQ,1313.9143
2025-11-20 00:00:00,2025,11,20,0,3,-8,DUQ,1272.2904
2025-11-20 01:00:00,2025,11,20,1,3,-8,DUQ,1247.1864
2025-11-20 02:00:00,2025,11,20,2,3,-8,DUQ,1228.4651
2025-11-20 03:00:00,2025,11,20,3,3,-8,DUQ,1226.9893
2025-11-20 04:00:00,2025,11,20,4,3,-8,DUQ,1238.0140999999999
2025-11-20 05:00:00,2025,11,20,5,3,-8,DUQ,1276.7042
2025-11-20 06:00:00,2025,11,20,6,3,-8,DUQ,1343.0047
2025-11-20 07:00:00,2025,11,20,7,3,-8,DUQ,1388.719
2025-11-20 08:00:00,2025,11,20,8,3,-8,DUQ,1416.4587
2025-11-20 09:00:00,2025,11,20,9,3,-8,DUQ,1439.2582
2025-11-20 10:00:00,2025,11,20,10,3,-8,DUQ,1454.0916
2025-11-20 11:00:00,2025,11,20,11,3,-8,DUQ,1462.6196
2025-11-20 12:00:00,2025,11,20,12,3,-8,DUQ,1463.4618
2025-11-20 13:00:00,2025,11,20,13,3,-8,DUQ,1453.0452
2025-11-20 14:00:00,2025,11,20,14,3,-8,DUQ,1435.7633
2025-11-20 15:00:00,2025,11,20,15,3,-8,DUQ,1424.681
2025-11-20 16:00:00,2025,11,20,16,3,-8,DUQ,1428.1095
2025-11-20 17:00:00,2025,11,20,17,3,-8,DUQ,1463.4836
2025-11-20 18:00:00,2025,11,20,18,3,-8,DUQ,1454.6787
2025-11-20 19:00:00,2025,11,20,19,3,-8,DUQ,1442.6451
2025-11-20 20:00:00,2025,11,20,20,3,-8,DUQ,1428.0512
2025-11-20 21:00:00,2025,11,20,21,3,-8,DUQ,1393.2245
2025-11-20 22:00:00,2025,11,20,22,3,-8,DUQ,1339.3186
2025-11-20 23:00:00,2025,11,20,23,3,-8,DUQ,1292.2075
2025-11-21 00:00:00,2025,11,21,0,4,-7,DUQ,1245.9026
2025-11-21 01:00:00,2025,11,21,1,4,-7,DUQ,1220.2708
2025-11-21 02:00:00,2025,11,21,2,4,-7,DUQ,1214.041
2025-11-21 03:00:00,2025,11,21,3,4,-7,DUQ,1209.8335
2025-11-21 04:00:00,2025,11,21,4,4,-7,DUQ,1230.1748
2025-11-21 05:00:00,2025,11,21,5,4,-7,DUQ,1286.4937
2025-11-21 06:00:00,2025,11,21,6,4,-7,DUQ,1360.0737
2025-11-21 07:00:00,2025,11,21,7,4,-7,DUQ,1414.0286
2025-11-21 08:00:00,2025,11,21,8,4,-7,DUQ,1452.0125
2025-11-21 09:00:00,2025,11,21,9,4,-7,DUQ,1478.355
2025-11-21 10:00:00,2025,11,21,10,4,-7,DUQ,1501.2127
2025-11-21 11:00:00,2025,11,21,11,4,-7,DUQ,1502.009
2025-11-21 12:00:00,2025,11,21,12,4,-7,DUQ,1500.9294
2025-11-21 13:00:00,2025,11,21,13,4,-7,DUQ,1502.5727
2025-11-21 14:00:00,2025,11,21,14,4,-7,DUQ,1489.7932
2025-11-21 15:00:00,2025,11,21,15,4,-7,DUQ,1485.1281000000001
2025-11-21 16:00:00,2025,11,21,16,4,-7,DUQ,1507.5203999999999
2025-11-21 17:00:00,2025,11,21,17,4,-7,DUQ,1548.2122
2025-11-21 18:00:00,2025,11,21,18,4,-7,DUQ,1538.4334000000001
2025-11-21 19:00:00,2025,11,21,19,4,-7,DUQ,1511.8677
2025-11-21 20:00:00,2025,11,21,20,4,-7,DUQ,1491.6698000000001
2025-11-21 21:00:00,2025,11,21,21,4,-7,DUQ,1450.1216
2025-11-21 22:00:00,2025,11,21,22,4,-7,DUQ,1398.4331
2025-11-21 23:00:00,2025,11,21,23,4,-7,DUQ,1344.0537
2025-11-22 00:00:00,2025,11,22,0,5,-6,DUQ,1289.8696
2025-11-22 01:00:00,2025,11,22,1,5,-6,DUQ,1264.8773999999999
2025-11-22 02:00:00,2025,11,22,2,5,-6,DUQ,1257.5144
2025-11-22 03:00:00,2025,11,22,3,5,-6,DUQ,1243.0031999999999
2025-11-22 04:00:00,2025,11,22,4,5,-6,DUQ,1260.2628
2025-11-22 05:00:00,2025,11,22,5,5,-6,DUQ,1285.0855999999999
2025-11-22 06:00:00,2025,11,22,6,5,-6,DUQ,1332.2832
2025-11-22 07:00:00,2025,11,22,7,5,-6,DUQ,1362.0885999999998
2025-11-22 08:00:00,2025,11,22,8,5,-6,DUQ,1395.7656000000002
2025-11-22 09:00:00,2025,11,22,9,5,-6,DUQ,1413.3894
2025-11-22 10:00:00,2025,11,22,10,5,-6,DUQ,1422.9722
2025-11-22 11:00:00,2025,11,22,11,5,-6,DUQ,1442.4894
2025-11-22 12:00:00,2025,11,22,12,5,-6,DUQ,1444.3186
2025-11-22 13:00:00,2025,11,22,13,5,-6,DUQ,1426.7028
2025-11-22 14:00:00,2025,11,22,14,5,-6,DUQ,1418.4468000000002
2025-11-22 15:00:00,2025,11,22,15,5,-6,DUQ,1409.206
2025-11-22 16:00:00,2025,11,22,16,5,-6,DUQ,1429.9046
2025-11-22 17:00:00,2025,11,22,17,5,-6,DUQ,1495.0675999999999
2025-11-22 18:00:00,2025,11,22,18,5,-6,DUQ,1496.274
2025-11-22 19:00:00,2025,11,22,19,5,-6,DUQ,1477.8682000000001
2025-11-22 20:00:00,2025,11,22,20,5,-6,DUQ,1457.6897999999999
2025-11-22 21:00:00,2025,11,22,21,5,-6,DUQ,1421.6038
2025-11-22 22:00:00,2025,11,22,22,5,-6,DUQ,1383.5203999999999
2025-11-22 23:00:00,2025,11,22,23,5,-6,DUQ,1334.3878
2025-11-23 00:00:00,2025,11,23,0,6,-5,DUQ,1298.8986
2025-11-23 01:00:00,2025,11,23,1,6,-5,DUQ,1273.9356
2025-11-23 02:00:00,2025,11,23,2,6,-5,DUQ,1257.1119999999999
2025-11-23 03:00:00,2025,11,23,3,6,-5,DUQ,1259.2112
2025-11-23 04:00:00,2025,11,23,4,6,-5,DUQ,1261.5258
2025-11-23 05:00:00,2025,11,23,5,6,-5,DUQ,1280.32
2025-11-23 06:00:00,2025,11,23,6,6,-5,DUQ,1308.223
2025-11-23 07:00:00,2025,11,23,7,6,-5,DUQ,1332.8922
2025-11-23 08:00:00,2025,11,23,8,6,-5,DUQ,1362.944
2025-11-23 09:00:00,2025,11,23,9,6,-5,DUQ,1386.6936
2025-11-23 10:00:00,2025,11,23,10,6,-5,DUQ,1402.1724
2025-11-23 11:00:00,2025,11,23,11,6,-5,DUQ,1417.4634
2025-11-23 12:00:00,2025,11,23,12,6,-5,DUQ,1422.1334000000002
2025-11-23 13:00:00,2025,11,23,13,6,-5,DUQ,1419.1234
2025-11-23 14:00:00,2025,11,23,14,6,-5,DUQ,1410.9006
2025-11-23 15:00:00,2025,11,23,15,6,-5,DUQ,1416.9322
2025-11-23 16:00:00,2025,11,23,16,6,-5,DUQ,1452.7208
2025-11-23 17:00:00,2025,11,23,17,6,-5,DUQ,1519.2172
2025-11-23 18:00:00,2025,11,23,18,6,-5,DUQ,1520.1996
2025-11-23 19:00:00,2025,11,23,19,6,-5,DUQ,1500.5744
2025-11-23 20:00:00,2025,11,23,20,6,-5,DUQ,1476.8763999999999
2025-11-23 21:00:00,2025,11,23,21,6,-5,DUQ,1445.8856
2025-11-23 22:00:00,2025,11,23,22,6,-5,DUQ,1388.087
2025-11-23 23:00:00,2025,11,23,23,6,-5,DUQ,1333.0342
2025-11-24 00:00:00,2025,11,24,0,0,-4,DUQ,1293.0498
2025-11-24 01:00:00,2025,11,24,1,0,-4,DUQ,1271.9533999999999
2025-11-24 02:00:00,2025,11,24,2,0,-4,DUQ,1265.6922
2025-11-24 03:00:00,2025,11,24,3,0,-4,DUQ,1271.3862000000001
2025-11-24 04:00:00,2025,11,24,4,0,-4,DUQ,1302.0322
2025-11-24 05:00:00,2025,11,24,5,0,-4,DUQ,1370.1616
2025-11-24 06:00:00,2025,11,24,6,0,-4,DUQ,1453.0282
2025-11-24 07:00:00,2025,11,24,7,0,-4,DUQ,1524.5782
2025-11-24 08:00:00,2025,11,24,8,0,-4,DUQ,1568.094
2025-11-24 09:00:00,2025,11,24,9,0,-4,DUQ,1575.816
2025-11-24 10:00:00,2025,11,24,10,0,-4,DUQ,1580.4236
2025-11-24 11:00:00,2025,11,24,11,0,-4,DUQ,1576.2634
2025-11-24 12:00:00,2025,11,24,12,0,-4,DUQ,1574.3174
2025-11-24 13:00:00,2025,11,24,13,0,-4,DUQ,1568.6902
2025-11-24 14:00:00,2025,11,24,14,0,-4,DUQ,1552.6200000000001
2025-11-24 15:00:00,2025,11,24,15,0,-4,DUQ,1533.6390000000001
2025-11-24 16:00:00,2025,11,24,16,0,-4,DUQ,1551.0621999999998
2025-11-24 17:00:00,2025,11,24,17,0,-4,DUQ,1607.6155999999999
2025-11-24 18:00:00,2025,11,24,18,0,-4,DUQ,1594.09
2025-11-24 19:00:00,2025,11,24,19,0,-4,DUQ,1568.9172
2025-11-24 20:00:00,2025,11,24,20,0,-4,DUQ,1538.258
2025-11-24 21:00:00,2025,11,24,21,0,-4,DUQ,1492.8046
2025-11-24 22:00:00,2025,11,24,22,0,-4,DUQ,1420.6352
2025-11-24 23:00:00,2025,11,24,23,0,-4,DUQ,1349.5768
2025-11-25 00:00:00,2025,11,25,0,1,-3,DUQ,1295.2792
2025-11-25 01:00:00,2025,11,25,1,1,-3,DUQ,1270.9584
2025-11-25 02:00:00,2025,11,25,2,1,-3,DUQ,1262.4326
2025-11-25 03:00:00,2025,11,25,3,1,-3,DUQ,1261.8322
2025-11-25 04:00:00,2025,11,25,4,1,-3,DUQ,1289.5639999999999
2025-11-25 05:00:00,2025,11,25,5,1,-3,DUQ,1347.6864
2025-11-25 06:00:00,2025,11,25,6,1,-3,DUQ,1449.0306
2025-11-25 07:00:00,2025,11,25,7,1,-3,DUQ,1509.7204
2025-11-25 08:00:00,2025,11,25,8,1,-3,DUQ,1545.5701999999999
2025-11-25 09:00:00,2025,11,25,9,1,-3,DUQ,1556.6796
2025-11-25 10:00:00,2025,11,25,10,1,-3,DUQ,1544.7368000000001
2025-11-25 11:00:00,2025,11,25,11,1,-3,DUQ,1550.612
2025-11-25 12:00:00,2025,11,25,12,1,-3,DUQ,1545.9168000000002
2025-11-25 13:00:00,2025,11,25,13,1,-3,DUQ,1535.1362000000001
2025-11-25 14:00:00,2025,11,25,14,1,-3,DUQ,1518.4812
2025-11-25 15:00:00,2025,11,25,15,1,-3,DUQ,1512.1292
2025-11-25 16:00:00,2025,11,25,16,1,-3,DUQ,1528.8878
2025-11-25 17:00:00,2025,11,25,17,1,-3,DUQ,1590.3106
2025-11-25 18:00:00,2025,11,25,18,1,-3,DUQ,1579.2848
2025-11-25 19:00:00,2025,11,25,19,1,-3,DUQ,1568.267
2025-11-25 20:00:00,2025,11,25,20,1,-3,DUQ,1548.6216
2025-11-25 21:00:00,2025,11,25,21,1,-3,DUQ,1503.4736
2025-11-25 22:00:00,2025,11,25,22,1,-3,DUQ,1437.4191999999998
2025-11-25 23:00:00,2025,11,25,23,1,-3,DUQ,1376.4224
2025-11-26 00:00:00,2025,11,26,0,2,-2,DUQ,1312.3821
2025-11-26 01:00:00,2025,11,26,1,2,-2,DUQ,1290.7715
2025-11-26 02:00:00,2025,11,26,2,2,-2,DUQ,1278.4796000000001
2025-11-26 03:00:00,2025,11,26,3,2,-2,DUQ,1276.4162000000001
2025-11-26 04:00:00,2025,11,26,4,2,-2,DUQ,1293.107
2025-11-26 05:00:00,2025,11,26,5,2,-2,DUQ,1355.6354999999999
2025-11-26 06:00:00,2025,11,26,6,2,-2,DUQ,1442.2794
2025-11-26 07:00:00,2025,11,26,7,2,-2,DUQ,1506.2884
2025-11-26 08:00:00,2025,11,26,8,2,-2,DUQ,1533.0665000000001
2025-11-26 09:00:00,2025,11,26,9,2,-2,DUQ,1545.6082000000001
2025-11-26 10:00:00,2025,11,26,10,2,-2,DUQ,1547.1347
2025-11-26 11:00:00,2025,11,26,11,2,-2,DUQ,1533.4647
2025-11-26 12:00:00,2025,11,26,12,2,-2,DUQ,1526.6019000000001
2025-11-26 13:00:00,2025,11,26,13,2,-2,DUQ,1517.3668
2025-11-26 14:00:00,2025,11,26,14,2,-2,DUQ,1500.6374
2025-11-26 15:00:00,2025,11,26,15,2,-2,DUQ,1494.7944
2025-11-26 16:00:00,2025,11,26,16,2,-2,DUQ,1503.2019
2025-11-26 17:00:00,2025,11,26,17,2,-2,DUQ,1545.0999
2025-11-26 18:00:00,2025,11,26,18,2,-2,DUQ,1537.6893
2025-11-26 19:00:00,2025,11,26,19,2,-2,DUQ,1512.5436
2025-11-26 20:00:00,2025,11,26,20,2,-2,DUQ,1482.9689999999998
2025-11-26 21:00:00,2025,11,26,21,2,-2,DUQ,1434.0924
2025-11-26 22:00:00,2025,11,26,22,2,-2,DUQ,1371.6913
2025-11-26 23:00:00,2025,11,26,23,2,-2,DUQ,1313.9143
2025-11-27 00:00:00,2025,11,27,0,3,-1,DUQ,1272.2904
2025-11-27 01:00:00,2025,11,27,1,3,-1,DUQ,1247.1864
2025-11-27 02:00:00,2025,11,27,2,3,-1,DUQ,1228.4651
2025-11-27 03:00:00,2025,11,27,3,3,-1,DUQ,1226.9893
2025-11-27 04:00:00,2025,11,27,4,3,-1,DUQ,1238.0140999999999
2025-11-27 05:00:00,2025,11,27,5,3,-1,DUQ,1276.7042
2025-11-27 06:00:00,2025,11,27,6,3,-1,DUQ,1343.0047
2025-11-27 07:00:00,2025,11,27,7,3,-1,DUQ,1388.719
2025-11-27 08:00:00,2025,11,27,8,3,-1,DUQ,1416.4587
2025-11-27 09:00:00,2025,11,27,9,3,-1,DUQ,1439.2582
2025-11-27 10:00:00,2025,11,27,10,3,-1,DUQ,1454.0916
2025-11-27 11:00:00,2025,11,27,11,3,-1,DUQ,1462.6196
2025-11-27 12:00:00,2025,11,27,12,3,-1,DUQ,1463.4618
2025-11-27 13:00:00,2025,11,27,13,3,-1,DUQ,1453.0452
2025-11-27 14:00:00,2025,11,27,14,3,-1,DUQ,1435.7633
2025-11-27 15:00:00,2025,11,27,15,3,-1,DUQ,1424.681
2025-11-27 16:00:00,2025,11,27,16,3,-1,DUQ,1428.1095
2025-11-27 17:00:00,2025,11,27,17,3,-1,DUQ,1463.4836
2025-11-27 18:00:00,2025,11,27,18,3,-1,DUQ,1454.6787
2025-11-27 19:00:00,2025,11,27,19,3,-1,DUQ,1442.6451
2025-11-27 20:00:00,2025,11,27,20,3,-1,DUQ,1428.0512
2025-11-27 21:00:00,2025,11,27,21,3,-1,DUQ,1393.2245
2025-11-27 22:00:00,2025,11,27,22,3,-1,DUQ,1339.3186
2025-11-27 23:00:00,2025,11,27,23,3,-1,DUQ,1292.2075
2025-11-28 00:00:00,2025,11,28,0,4,0,DUQ,1245.9026
2025-11-28 01:00:00,2025,11,28,1,4,0,DUQ,1220.2708
2025-11-28 02:00:00,2025,11,28,2,4,0,DUQ,1214.041
2025-11-28 03:00:00,2025,11,28,3,4,0,DUQ,1209.8335
2025-11-28 04:00:00,2025,11,28,4,4,0,DUQ,1230.1748
2025-11-28 05:00:00,2025,11,28,5,4,0,DUQ,1286.4937
2025-11-28 06:00:00,2025,11,28,6,4,0,DUQ,1360.0737
2025-11-28 07:00:00,2025,11,28,7,4,0,DUQ,1414.0286
2025-11-28 08:00:00,2025,11,28,8,4,0,DUQ,1452.0125
2025-11-28 09:00:00,2025,11,28,9,4,0,DUQ,1478.355
2025-11-28 10:00:00,2025,11,28,10,4,0,DUQ,1501.2127
2025-11-28 11:00:00,2025,11,28,11,4,0,DUQ,1502.009
2025-11-28 12:00:00,2025,11,28,12,4,0,DUQ,1500.9294
2025-11-28 13:00:00,2025,11,28,13,4,0,DUQ,1502.5727
2025-11-28 14:00:00,2025,11,28,14,4,0,DUQ,1489.7932
2025-11-28 15:00:00,2025,11,28,15,4,0,DUQ,1485.1281000000001
2025-11-28 16:00:00,2025,11,28,16,4,0,DUQ,1507.5203999999999
2025-11-28 17:00:00,2025,11,28,17,4,0,DUQ,1548.2122
2025-11-28 18:00:00,2025,11,28,18,4,0,DUQ,1538.4334000000001
2025-11-28 19:00:00,2025,11,28,19,4,0,DUQ,1511.8677
2025-11-28 20:00:00,2025,11,28,20,4,0,DUQ,1491.6698000000001
2025-11-28 21:00:00,2025,11,28,21,4,0,DUQ,1450.1216
2025-11-28 22:00:00,2025,11,28,22,4,0,DUQ,1398.4331
2025-11-28 23:00:00,2025,11,28,23,4,0,DUQ,1344.0537
2025-11-19 00:00:00,2025,11,19,0,2,-9,EASTON,24.6321
2025-11-19 01:00:00,2025,11,19,1,2,-9,EASTON,24.5287
2025-11-19 02:00:00,2025,11,19,2,2,-9,EASTON,24.6478
2025-11-19 03:00:00,2025,11,19,3,2,-9,EASTON,25.069
2025-11-19 04:00:00,2025,11,19,4,2,-9,EASTON,26.1729
2025-11-19 05:00:00,2025,11,19,5,2,-9,EASTON,28.240500000000004
2025-11-19 06:00:00,2025,11,19,6,2,-9,EASTON,31.5383
2025-11-19 07:00:00,2025,11,19,7,2,-9,EASTON,33.5961
2025-11-19 08:00:00,2025,11,19,8,2,-9,EASTON,33.1528
2025-11-19 09:00:00,2025,11,19,9,2,-9,EASTON,31.2622
2025-11-19 10:00:00,2025,11,19,10,2,-9,EASTON,29.593799999999998
2025-11-19 11:00:00,2025,11,19,11,2,-9,EASTON,28.8296
2025-11-19 12:00:00,2025,11,19,12,2,-9,EASTON,28.0697
2025-11-19 13:00:00,2025,11,19,13,2,-9,EASTON,27.543
2025-11-19 14:00:00,2025,11,19,14,2,-9,EASTON,27.391199999999998
2025-11-19 15:00:00,2025,11,19,15,2,-9,EASTON,27.7108
2025-11-19 16:00:00,2025,11,19,16,2,-9,EASTON,29.050900000000002
2025-11-19 17:00:00,2025,11,19,17,2,-9,EASTON,30.810700000000004
2025-11-19 18:00:00,2025,11,19,18,2,-9,EASTON,30.9489
2025-11-19 19:00:00,2025,11,19,19,2,-9,EASTON,30.3337
2025-11-19 20:00:00,2025,11,19,20,2,-9,EASTON,29.2189
2025-11-19 21:00:00,2025,11,19,21,2,-9,EASTON,27.9668
2025-11-19 22:00:00,2025,11,19,22,2,-9,EASTON,26.214
2025-11-19 23:00:00,2025,11,19,23,2,-9,EASTON,24.7532
2025-11-20 00:00:00,2025,11,20,0,3,-8,EASTON,23.8846
2025-11-20 01:00:00,2025,11,20,1,3,-8,EASTON,23.6998
2025-11-20 02:00:00,2025,11,20,2,3,-8,EASTON,23.6955
2025-11-20 03:00:00,2025,11,20,3,3,-8,EASTON,24.2338
2025-11-20 04:00:00,2025,11,20,4,3,-8,EASTON,24.9755
2025-11-20 05:00:00,2025,11,20,5,3,-8,EASTON,26.587799999999998
2025-11-20 06:00:00,2025,11,20,6,3,-8,EASTON,29.0568
2025-11-20 07:00:00,2025,11,20,7,3,-8,EASTON,30.7399
2025-11-20 08:00:00,2025,11,20,8,3,-8,EASTON,30.0781
2025-11-20 09:00:00,2025,11,20,9,3,-8,EASTON,29.2375
2025-11-20 10:00:00,2025,11,20,10,3,-8,EASTON,28.2185
2025-11-20 11:00:00,2025,11,20,11,3,-8,EASTON,27.201100000000004
2025-11-20 12:00:00,2025,11,20,12,3,-8,EASTON,26.265499999999996
2025-11-20 13:00:00,2025,11,20,13,3,-8,EASTON,25.968799999999998
2025-11-20 14:00:00,2025,11,20,14,3,-8,EASTON,25.4998
2025-11-20 15:00:00,2025,11,20,15,3,-8,EASTON,25.777300000000004
2025-11-20 16:00:00,2025,11,20,16,3,-8,EASTON,26.8265
2025-11-20 17:00:00,2025,11,20,17,3,-8,EASTON,28.1851
2025-11-20 18:00:00,2025,11,20,18,3,-8,EASTON,28.2908
2025-11-20 19:00:00,2025,11,20,19,3,-8,EASTON,27.9303
2025-11-20 20:00:00,2025,11,20,20,3,-8,EASTON,27.3005
2025-11-20 21:00:00,2025,11,20,21,3,-8,EASTON,26.3153
2025-11-20 22:00:00,2025,11,20,22,3,-8,EASTON,24.7942
2025-11-20 23:00:00,2025,11,20,23,3,-8,EASTON,23.538
2025-11-21 00:00:00,2025,11,21,0,4,-7,EASTON,23.0931
2025-11-21 01:00:00,2025,11,21,1,4,-7,EASTON,22.741300000000003
2025-11-21 02:00:00,2025,11,21,2,4,-7,EASTON,22.7302
2025-11-21 03:00:00,2025,11,21,3,4,-7,EASTON,23.2149
2025-11-21 04:00:00,2025,11,21,4,4,-7,EASTON,24.1178
2025-11-21 05:00:00,2025,11,21,5,4,-7,EASTON,25.747000000000003
2025-11-21 06:00:00,2025,11,21,6,4,-7,EASTON,28.3975
2025-11-21 07:00:00,2025,11,21,7,4,-7,EASTON,30.235599999999998
2025-11-21 08:00:00,2025,11,21,8,4,-7,EASTON,30.3664
2025-11-21 09:00:00,2025,11,21,9,4,-7,EASTON,29.2674
2025-11-21 10:00:00,2025,11,21,10,4,-7,EASTON,28.2743
2025-11-21 11:00:00,2025,11,21,11,4,-7,EASTON,27.3976
2025-11-21 12:00:00,2025,11,21,12,4,-7,EASTON,26.957299999999996
2025-11-21 13:00:00,2025,11,21,13,4,-7,EASTON,26.6104
2025-11-21 14:00:00,2025,11,21,14,4,-7,EASTON,27.003899999999998
2025-11-21 15:00:00,2025,11,21,15,4,-7,EASTON,27.5541
2025-11-21 16:00:00,2025,11,21,16,4,-7,EASTON,28.947300000000002
2025-11-21 17:00:00,2025,11,21,17,4,-7,EASTON,30.7171
2025-11-21 18:00:00,2025,11,21,18,4,-7,EASTON,30.7437
2025-11-21 19:00:00,2025,11,21,19,4,-7,EASTON,30.208
2025-11-21 20:00:00,2025,11,21,20,4,-7,EASTON,29.4077
2025-11-21 21:00:00,2025,11,21,21,4,-7,EASTON,28.368599999999997
2025-11-21 22:00:00,2025,11,21,22,4,-7,EASTON,26.904899999999998
2025-11-21 23:00:00,2025,11,21,23,4,-7,EASTON,25.6646
2025-11-22 00:00:00,2025,11,22,0,5,-6,EASTON,23.896800000000002
2025-11-22 01:00:00,2025,11,22,1,5,-6,EASTON,23.4814
2025-11-22 02:00:00,2025,11,22,2,5,-6,EASTON,23.7482
2025-11-22 03:00:00,2025,11,22,3,5,-6,EASTON,24.1522
2025-11-22 04:00:00,2025,11,22,4,5,-6,EASTON,24.8274
2025-11-22 05:00:00,2025,11,22,5,5,-6,EASTON,26.2594
2025-11-22 06:00:00,2025,11,22,6,5,-6,EASTON,28.037599999999998
2025-11-22 07:00:00,2025,11,22,7,5,-6,EASTON,29.5248
2025-11-22 08:00:00,2025,11,22,8,5,-6,EASTON,29.7158
2025-11-22 09:00:00,2025,11,22,9,5,-6,EASTON,28.0416
2025-11-22 10:00:00,2025,11,22,10,5,-6,EASTON,26.746199999999998
2025-11-22 11:00:00,2025,11,22,11,5,-6,EASTON,25.342599999999997
2025-11-22 12:00:00,2025,11,22,12,5,-6,EASTON,24.7136
2025-11-22 13:00:00,2025,11,22,13,5,-6,EASTON,24.4236
2025-11-22 14:00:00,2025,11,22,14,5,-6,EASTON,24.586000000000002
2025-11-22 15:00:00,2025,11,22,15,5,-6,EASTON,25.19
2025-11-22 16:00:00,2025,11,22,16,5,-6,EASTON,27.1064
2025-11-22 17:00:00,2025,11,22,17,5,-6,EASTON,28.8872
2025-11-22 18:00:00,2025,11,22,18,5,-6,EASTON,28.8462
2025-11-22 19:00:00,2025,11,22,19,5,-6,EASTON,28.4718
2025-11-22 20:00:00,2025,11,22,20,5,-6,EASTON,27.8348
2025-11-22 21:00:00,2025,11,22,21,5,-6,EASTON,27.166199999999996
2025-11-22 22:00:00,2025,11,22,22,5,-6,EASTON,26.223599999999998
2025-11-22 23:00:00,2025,11,22,23,5,-6,EASTON,25.215600000000002
2025-11-23 00:00:00,2025,11,23,0,6,-5,EASTON,24.4832
2025-11-23 01:00:00,2025,11,23,1,6,-5,EASTON,24.5464
2025-11-23 02:00:00,2025,11,23,2,6,-5,EASTON,24.165399999999998
2025-11-23 03:00:00,2025,11,23,3,6,-5,EASTON,24.5896
2025-11-23 04:00:00,2025,11,23,4,6,-5,EASTON,25.0032
2025-11-23 05:00:00,2025,11,23,5,6,-5,EASTON,26.1034
2025-11-23 06:00:00,2025,11,23,6,6,-5,EASTON,27.657
2025-11-23 07:00:00,2025,11,23,7,6,-5,EASTON,29.057
2025-11-23 08:00:00,2025,11,23,8,6,-5,EASTON,29.1832
2025-11-23 09:00:00,2025,11,23,9,6,-5,EASTON,28.375
2025-11-23 10:00:00,2025,11,23,10,6,-5,EASTON,26.7814
2025-11-23 11:00:00,2025,11,23,11,6,-5,EASTON,26.172199999999997
2025-11-23 12:00:00,2025,11,23,12,6,-5,EASTON,25.435200000000002
2025-11-23 13:00:00,2025,11,23,13,6,-5,EASTON,25.0184
2025-11-23 14:00:00,2025,11,23,14,6,-5,EASTON,25.121199999999998
2025-11-23 15:00:00,2025,11,23,15,6,-5,EASTON,25.42
2025-11-23 16:00:00,2025,11,23,16,6,-5,EASTON,27.4832
2025-11-23 17:00:00,2025,11,23,17,6,-5,EASTON,29.8222
2025-11-23 18:00:00,2025,11,23,18,6,-5,EASTON,29.9814
2025-11-23 19:00:00,2025,11,23,19,6,-5,EASTON,29.5876
2025-11-23 20:00:00,2025,11,23,20,6,-5,EASTON,28.644
2025-11-23 21:00:00,2025,11,23,21,6,-5,EASTON,27.3362
2025-11-23 22:00:00,2025,11,23,22,6,-5,EASTON,25.755399999999998
2025-11-23 23:00:00,2025,11,23,23,6,-5,EASTON,24.4698
2025-11-24 00:00:00,2025,11,24,0,0,-4,EASTON,24.1598
2025-11-24 01:00:00,2025,11,24,1,0,-4,EASTON,23.9604
2025-11-24 02:00:00,2025,11,24,2,0,-4,EASTON,24.0346
2025-11-24 03:00:00,2025,11,24,3,0,-4,EASTON,24.6892
2025-11-24 04:00:00,2025,11,24,4,0,-4,EASTON,25.509800000000002
2025-11-24 05:00:00,2025,11,24,5,0,-4,EASTON,27.7964
2025-11-24 06:00:00,2025,11,24,6,0,-4,EASTON,31.6776
2025-11-24 07:00:00,2025,11,24,7,0,-4,EASTON,34.1164
2025-11-24 08:00:00,2025,11,24,8,0,-4,EASTON,33.592200000000005
2025-11-24 09:00:00,2025,11,24,9,0,-4,EASTON,31.6632
2025-11-24 10:00:00,2025,11,24,10,0,-4,EASTON,30.3988
2025-11-24 11:00:00,2025,11,24,11,0,-4,EASTON,29.4724
2025-11-24 12:00:00,2025,11,24,12,0,-4,EASTON,28.4786
2025-11-24 13:00:00,2025,11,24,13,0,-4,EASTON,28.138600000000004
2025-11-24 14:00:00,2025,11,24,14,0,-4,EASTON,28.2104
2025-11-24 15:00:00,2025,11,24,15,0,-4,EASTON,28.4438
2025-11-24 16:00:00,2025,11,24,16,0,-4,EASTON,30.4552
2025-11-24 17:00:00,2025,11,24,17,0,-4,EASTON,32.537400000000005
2025-11-24 18:00:00,2025,11,24,18,0,-4,EASTON,32.7804
2025-11-24 19:00:00,2025,11,24,19,0,-4,EASTON,32.1792
2025-11-24 20:00:00,2025,11,24,20,0,-4,EASTON,30.9878
2025-11-24 21:00:00,2025,11,24,21,0,-4,EASTON,29.832600000000003
2025-11-24 22:00:00,2025,11,24,22,0,-4,EASTON,28.016
2025-11-24 23:00:00,2025,11,24,23,0,-4,EASTON,26.609199999999998
2025-11-25 00:00:00,2025,11,25,0,1,-3,EASTON,25.733600000000003
2025-11-25 01:00:00,2025,11,25,1,1,-3,EASTON,25.586000000000002
2025-11-25 02:00:00,2025,11,25,2,1,-3,EASTON,25.9914
2025-11-25 03:00:00,2025,11,25,3,1,-3,EASTON,26.436
2025-11-25 04:00:00,2025,11,25,4,1,-3,EASTON,27.238599999999998
2025-11-25 05:00:00,2025,11,25,5,1,-3,EASTON,29.276999999999997
2025-11-25 06:00:00,2025,11,25,6,1,-3,EASTON,32.78
2025-11-25 07:00:00,2025,11,25,7,1,-3,EASTON,34.96
2025-11-25 08:00:00,2025,11,25,8,1,-3,EASTON,34.125600000000006
2025-11-25 09:00:00,2025,11,25,9,1,-3,EASTON,32.2708
2025-11-25 10:00:00,2025,11,25,10,1,-3,EASTON,30.882600000000004
2025-11-25 11:00:00,2025,11,25,11,1,-3,EASTON,29.746199999999998
2025-11-25 12:00:00,2025,11,25,12,1,-3,EASTON,29.064999999999998
2025-11-25 13:00:00,2025,11,25,13,1,-3,EASTON,28.7286
2025-11-25 14:00:00,2025,11,25,14,1,-3,EASTON,28.5576
2025-11-25 15:00:00,2025,11,25,15,1,-3,EASTON,28.9572
2025-11-25 16:00:00,2025,11,25,16,1,-3,EASTON,30.293799999999997
2025-11-25 17:00:00,2025,11,25,17,1,-3,EASTON,32.1582
2025-11-25 18:00:00,2025,11,25,18,1,-3,EASTON,32.1614
2025-11-25 19:00:00,2025,11,25,19,1,-3,EASTON,31.621
2025-11-25 20:00:00,2025,11,25,20,1,-3,EASTON,30.607
2025-11-25 21:00:00,2025,11,25,21,1,-3,EASTON,29.041199999999996
2025-11-25 22:00:00,2025,11,25,22,1,-3,EASTON,27.564
2025-11-25 23:00:00,2025,11,25,23,1,-3,EASTON,26.2382
2025-11-26 00:00:00,2025,11,26,0,2,-2,EASTON,24.6321
2025-11-26 01:00:00,2025,11,26,1,2,-2,EASTON,24.5287
2025-11-26 02:00:00,2025,11,26,2,2,-2,EASTON,24.6478
2025-11-26 03:00:00,2025,11,26,3,2,-2,EASTON,25.069
2025-11-26 04:00:00,2025,11,26,4,2,-2,EASTON,26.1729
2025-11-26 05:00:00,2025,11,26,5,2,-2,EASTON,28.240500000000004
2025-11-26 06:00:00,2025,11,26,6,2,-2,EASTON,31.5383
2025-11-26 07:00:00,2025,11,26,7,2,-2,EASTON,33.5961
2025-11-26 08:00:00,2025,11,26,8,2,-2,EASTON,33.1528
2025-11-26 09:00:00,2025,11,26,9,2,-2,EASTON,31.2622
2025-11-26 10:00:00,2025,11,26,10,2,-2,EASTON,29.593799999999998
2025-11-26 11:00:00,2025,11,26,11,2,-2,EASTON,28.8296
2025-11-26 12:00:00,2025,11,26,12,2,-2,EASTON,28.0697
2025-11-26 13:00:00,2025,11,26,13,2,-2,EASTON,27.543
2025-11-26 14:00:00,2025,11,26,14,2,-2,EASTON,27.391199999999998
2025-11-26 15:00:00,2025,11,26,15,2,-2,EASTON,27.7108
2025-11-26 16:00:00,2025,11,26,16,2,-2,EASTON,29.050900000000002
2025-11-26 17:00:00,2025,11,26,17,2,-2,EASTON,30.810700000000004
2025-11-26 18:00:00,2025,11,26,18,2,-2,EASTON,30.9489
2025-11-26 19:00:00,2025,11,26,19,2,-2,EASTON,30.3337
2025-11-26 20:00:00,2025,11,26,20,2,-2,EASTON,29.2189
2025-11-26 21:00:00,2025,11,26,21,2,-2,EASTON,27.9668
2025-11-26 22:00:00,2025,11,26,22,2,-2,EASTON,26.214
2025-11-26 23:00:00,2025,11,26,23,2,-2,EASTON,24.7532
2025-11-27 00:00:00,2025,11,27,0,3,-1,EASTON,23.8846
2025-11-27 01:00:00,2025,11,27,1,3,-1,EASTON,23.6998
2025-11-27 02:00:00,2025,11,27,2,3,-1,EASTON,23.6955
2025-11-27 03:00:00,2025,11,27,3,3,-1,EASTON,24.2338
2025-11-27 04:00:00,2025,11,27,4,3,-1,EASTON,24.9755
2025-11-27 05:00:00,2025,11,27,5,3,-1,EASTON,26.587799999999998
2025-11-27 06:00:00,2025,11,27,6,3,-1,EASTON,29.0568
2025-11-27 07:00:00,2025,11,27,7,3,-1,EASTON,30.7399
2025-11-27 08:00:00,2025,11,27,8,3,-1,EASTON,30.0781
2025-11-27 09:00:00,2025,11,27,9,3,-1,EASTON,29.2375
2025-11-27 10:00:00,2025,11,27,10,3,-1,EASTON,28.2185
2025-11-27 11:00:00,2025,11,27,11,3,-1,EASTON,27.201100000000004
2025-11-27 12:00:00,2025,11,27,12,3,-1,EASTON,26.265499999999996
2025-11-27 13:00:00,2025,11,27,13,3,-1,EASTON,25.968799999999998
2025-11-27 14:00:00,2025,11,27,14,3,-1,EASTON,25.4998
2025-11-27 15:00:00,2025,11,27,15,3,-1,EASTON,25.777300000000004
2025-11-27 16:00:00,2025,11,27,16,3,-1,EASTON,26.8265
2025-11-27 17:00:00,2025,11,27,17,3,-1,EASTON,28.1851
2025-11-27 18:00:00,2025,11,27,18,3,-1,EASTON,28.2908
2025-11-27 19:00:00,2025,11,27,19,3,-1,EASTON,27.9303
2025-11-27 20:00:00,2025,11,27,20,3,-1,EASTON,27.3005
2025-11-27 21:00:00,2025,11,27,21,3,-1,EASTON,26.3153
2025-11-27 22:00:00,2025,11,27,22,3,-1,EASTON,24.7942
2025-11-27 23:00:00,2025,11,27,23,3,-1,EASTON,23.538
2025-11-28 00:00:00,2025,11,28,0,4,0,EASTON,23.0931
2025-11-28 01:00:00,2025,11,28,1,4,0,EASTON,22.741300000000003
2025-11-28 02:00:00,2025,11,28,2,4,0,EASTON,22.7302
2025-11-28 03:00:00,2025,11,28,3,4,0,EASTON,23.2149
2025-11-28 04:00:00,2025,11,28,4,4,0,EASTON,24.1178
2025-11-28 05:00:00,2025,11,28,5,4,0,EASTON,25.747000000000003
2025-11-28 06:00:00,2025,11,28,6,4,0,EASTON,28.3975
2025-11-28 07:00:00,2025,11,28,7,4,0,EASTON,30.235599999999998
2025-11-28 08:00:00,2025,11,28,8,4,0,EASTON,30.3664
2025-11-28 09:00:00,2025,11,28,9,4,0,EASTON,29.2674
2025-11-28 10:00:00,2025,11,28,10,4,0,EASTON,28.2743
2025-11-28 11:00:00,2025,11,28,11,4,0,EASTON,27.3976
2025-11-28 12:00:00,2025,11,28,12,4,0,EASTON,26.957299999999996
2025-11-28 13:00:00,2025,11,28,13,4,0,EASTON,26.6104
2025-11-28 14:00:00,2025,11,28,14,4,0,EASTON,27.003899999999998
2025-11-28 15:00:00,2025,11,28,15,4,0,EASTON,27.5541
2025-11-28 16:00:00,2025,11,28,16,4,0,EASTON,28.947300000000002
2025-11-28 17:00:00,2025,11,28,17,4,0,EASTON,30.7171
2025-11-28 18:00:00,2025,11,28,18,4,0,EASTON,30.7437
2025-11-28 19:00:00,2025,11,28,19,4,0,EASTON,30.208
2025-11-28 20:00:00,2025,11,28,20,4,0,EASTON,29.4077
2025-11-28 21:00:00,2025,11,28,21,4,0,EASTON,28.368599999999997
2025-11-28 22:00:00,2025,11,28,22,4,0,EASTON,26.904899999999998
2025-11-28 23:00:00,2025,11,28,23,4,0,EASTON,25.6646
2025-11-19 00:00:00,2025,11,19,0,2,-9,EKPC,1504.8506
2025-11-19 01:00:00,2025,11,19,1,2,-9,EKPC,1488.2155
2025-11-19 02:00:00,2025,11,19,2,2,-9,EKPC,1482.3984
2025-11-19 03:00:00,2025,11,19,3,2,-9,EKPC,1490.0561
2025-11-19 04:00:00,2025,11,19,4,2,-9,EKPC,1516.5399
2025-11-19 05:00:00,2025,11,19,5,2,-9,EKPC,1571.7681
2025-11-19 06:00:00,2025,11,19,6,2,-9,EKPC,1701.1164
2025-11-19 07:00:00,2025,11,19,7,2,-9,EKPC,1750.1032
2025-11-19 08:00:00,2025,11,19,8,2,-9,EKPC,1726.3274000000001
2025-11-19 09:00:00,2025,11,19,9,2,-9,EKPC,1662.1221
2025-11-19 10:00:00,2025,11,19,10,2,-9,EKPC,1596.6195
2025-11-19 11:00:00,2025,11,19,11,2,-9,EKPC,1538.3384
2025-11-19 12:00:00,2025,11,19,12,2,-9,EKPC,1503.9544
2025-11-19 13:00:00,2025,11,19,13,2,-9,EKPC,1470.0138000000002
2025-11-19 14:00:00,2025,11,19,14,2,-9,EKPC,1423.8688
2025-11-19 15:00:00,2025,11,19,15,2,-9,EKPC,1411.1621
2025-11-19 16:00:00,2025,11,19,16,2,-9,EKPC,1454.1354
2025-11-19 17:00:00,2025,11,19,17,2,-9,EKPC,1545.7458
2025-11-19 18:00:00,2025,11,19,18,2,-9,EKPC,1615.3759
2025-11-19 19:00:00,2025,11,19,19,2,-9,EKPC,1628.47
2025-11-19 20:00:00,2025,11,19,20,2,-9,EKPC,1626.4772
2025-11-19 21:00:00,2025,11,19,21,2,-9,EKPC,1590.3307
2025-11-19 22:00:00,2025,11,19,22,2,-9,EKPC,1511.951
2025-11-19 23:00:00,2025,11,19,23,2,-9,EKPC,1459.9826
2025-11-20 00:00:00,2025,11,20,0,3,-8,EKPC,1456.8397
2025-11-20 01:00:00,2025,11,20,1,3,-8,EKPC,1440.4551999999999
2025-11-20 02:00:00,2025,11,20,2,3,-8,EKPC,1472.0868
2025-11-20 03:00:00,2025,11,20,3,3,-8,EKPC,1476.0192
2025-11-20 04:00:00,2025,11,20,4,3,-8,EKPC,1506.1296
2025-11-20 05:00:00,2025,11,20,5,3,-8,EKPC,1570.1786
2025-11-20 06:00:00,2025,11,20,6,3,-8,EKPC,1685.1528999999998
2025-11-20 07:00:00,2025,11,20,7,3,-8,EKPC,1732.0624
2025-11-20 08:00:00,2025,11,20,8,3,-8,EKPC,1753.5139
2025-11-20 09:00:00,2025,11,20,9,3,-8,EKPC,1736.2573
2025-11-20 10:00:00,2025,11,20,10,3,-8,EKPC,1712.3431
2025-11-20 11:00:00,2025,11,20,11,3,-8,EKPC,1699.8928
2025-11-20 12:00:00,2025,11,20,12,3,-8,EKPC,1643.8344000000002
2025-11-20 13:00:00,2025,11,20,13,3,-8,EKPC,1559.6011
2025-11-20 14:00:00,2025,11,20,14,3,-8,EKPC,1537.9299999999998
2025-11-20 15:00:00,2025,11,20,15,3,-8,EKPC,1509.2702
2025-11-20 16:00:00,2025,11,20,16,3,-8,EKPC,1534.0185999999999
2025-11-20 17:00:00,2025,11,20,17,3,-8,EKPC,1570.8130999999998
2025-11-20 18:00:00,2025,11,20,18,3,-8,EKPC,1612.1164999999999
2025-11-20 19:00:00,2025,11,20,19,3,-8,EKPC,1632.6076
2025-11-20 20:00:00,2025,11,20,20,3,-8,EKPC,1640.2508999999998
2025-11-20 21:00:00,2025,11,20,21,3,-8,EKPC,1632.3797
2025-11-20 22:00:00,2025,11,20,22,3,-8,EKPC,1595.8836999999999
2025-11-20 23:00:00,2025,11,20,23,3,-8,EKPC,1551.9433999999999
2025-11-21 00:00:00,2025,11,21,0,4,-7,EKPC,1519.7667999999999
2025-11-21 01:00:00,2025,11,21,1,4,-7,EKPC,1495.1446
2025-11-21 02:00:00,2025,11,21,2,4,-7,EKPC,1479.9087
2025-11-21 03:00:00,2025,11,21,3,4,-7,EKPC,1511.2175
2025-11-21 04:00:00,2025,11,21,4,4,-7,EKPC,1553.7987
2025-11-21 05:00:00,2025,11,21,5,4,-7,EKPC,1643.5755000000001
2025-11-21 06:00:00,2025,11,21,6,4,-7,EKPC,1733.9769000000001
2025-11-21 07:00:00,2025,11,21,7,4,-7,EKPC,1750.1019000000001
2025-11-21 08:00:00,2025,11,21,8,4,-7,EKPC,1761.0128
2025-11-21 09:00:00,2025,11,21,9,4,-7,EKPC,1743.078
2025-11-21 10:00:00,2025,11,21,10,4,-7,EKPC,1700.764
2025-11-21 11:00:00,2025,11,21,11,4,-7,EKPC,1631.2142
2025-11-21 12:00:00,2025,11,21,12,4,-7,EKPC,1574.5516
2025-11-21 13:00:00,2025,11,21,13,4,-7,EKPC,1540.2342
2025-11-21 14:00:00,2025,11,21,14,4,-7,EKPC,1501.9133
2025-11-21 15:00:00,2025,11,21,15,4,-7,EKPC,1484.798
2025-11-21 16:00:00,2025,11,21,16,4,-7,EKPC,1516.8826999999999
2025-11-21 17:00:00,2025,11,21,17,4,-7,EKPC,1598.2037
2025-11-21 18:00:00,2025,11,21,18,4,-7,EKPC,1673.5274000000002
2025-11-21 19:00:00,2025,11,21,19,4,-7,EKPC,1688.9958
2025-11-21 20:00:00,2025,11,21,20,4,-7,EKPC,1686.5453000000002
2025-11-21 21:00:00,2025,11,21,21,4,-7,EKPC,1673.7656
2025-11-21 22:00:00,2025,11,21,22,4,-7,EKPC,1640.0692999999999
2025-11-21 23:00:00,2025,11,21,23,4,-7,EKPC,1623.214
2025-11-22 00:00:00,2025,11,22,0,5,-6,EKPC,1560.7189999999998
2025-11-22 01:00:00,2025,11,22,1,5,-6,EKPC,1556.1478
2025-11-22 02:00:00,2025,11,22,2,5,-6,EKPC,1572.047
2025-11-22 03:00:00,2025,11,22,3,5,-6,EKPC,1579.9522
2025-11-22 04:00:00,2025,11,22,4,5,-6,EKPC,1594.0688
2025-11-22 05:00:00,2025,11,22,5,5,-6,EKPC,1651.6336
2025-11-22 06:00:00,2025,11,22,6,5,-6,EKPC,1734.2248
2025-11-22 07:00:00,2025,11,22,7,5,-6,EKPC,1769.8424
2025-11-22 08:00:00,2025,11,22,8,5,-6,EKPC,1796.0754000000002
2025-11-22 09:00:00,2025,11,22,9,5,-6,EKPC,1736.4586
2025-11-22 10:00:00,2025,11,22,10,5,-6,EKPC,1667.6252
2025-11-22 11:00:00,2025,11,22,11,5,-6,EKPC,1610.3738
2025-11-22 12:00:00,2025,11,22,12,5,-6,EKPC,1549.0976
2025-11-22 13:00:00,2025,11,22,13,5,-6,EKPC,1507.6334
2025-11-22 14:00:00,2025,11,22,14,5,-6,EKPC,1481.4294
2025-11-22 15:00:00,2025,11,22,15,5,-6,EKPC,1449.8322
2025-11-22 16:00:00,2025,11,22,16,5,-6,EKPC,1476.7994
2025-11-22 17:00:00,2025,11,22,17,5,-6,EKPC,1582.0095999999999
2025-11-22 18:00:00,2025,11,22,18,5,-6,EKPC,1628.0894
2025-11-22 19:00:00,2025,11,22,19,5,-6,EKPC,1629.288
2025-11-22 20:00:00,2025,11,22,20,5,-6,EKPC,1622.348
2025-11-22 21:00:00,2025,11,22,21,5,-6,EKPC,1605.5998
2025-11-22 22:00:00,2025,11,22,22,5,-6,EKPC,1566.2948000000001
2025-11-22 23:00:00,2025,11,22,23,5,-6,EKPC,1532.9451999999999
2025-11-23 00:00:00,2025,11,23,0,6,-5,EKPC,1540.1124
2025-11-23 01:00:00,2025,11,23,1,6,-5,EKPC,1523.8354
2025-11-23 02:00:00,2025,11,23,2,6,-5,EKPC,1552.654
2025-11-23 03:00:00,2025,11,23,3,6,-5,EKPC,1578.974
2025-11-23 04:00:00,2025,11,23,4,6,-5,EKPC,1597.9312
2025-11-23 05:00:00,2025,11,23,5,6,-5,EKPC,1656.5777999999998
2025-11-23 06:00:00,2025,11,23,6,6,-5,EKPC,1710.6178
2025-11-23 07:00:00,2025,11,23,7,6,-5,EKPC,1774.0692
2025-11-23 08:00:00,2025,11,23,8,6,-5,EKPC,1800.4952
2025-11-23 09:00:00,2025,11,23,9,6,-5,EKPC,1747.7284
2025-11-23 10:00:00,2025,11,23,10,6,-5,EKPC,1657.534
2025-11-23 11:00:00,2025,11,23,11,6,-5,EKPC,1564.9788
2025-11-23 12:00:00,2025,11,23,12,6,-5,EKPC,1539.3016
2025-11-23 13:00:00,2025,11,23,13,6,-5,EKPC,1509.9238
2025-11-23 14:00:00,2025,11,23,14,6,-5,EKPC,1469.1902
2025-11-23 15:00:00,2025,11,23,15,6,-5,EKPC,1450.0474
2025-11-23 16:00:00,2025,11,23,16,6,-5,EKPC,1474.4242
2025-11-23 17:00:00,2025,11,23,17,6,-5,EKPC,1601.0192000000002
2025-11-23 18:00:00,2025,11,23,18,6,-5,EKPC,1665.7058000000002
2025-11-23 19:00:00,2025,11,23,19,6,-5,EKPC,1701.333
2025-11-23 20:00:00,2025,11,23,20,6,-5,EKPC,1691.8457999999998
2025-11-23 21:00:00,2025,11,23,21,6,-5,EKPC,1655.6542000000002
2025-11-23 22:00:00,2025,11,23,22,6,-5,EKPC,1610.2132
2025-11-23 23:00:00,2025,11,23,23,6,-5,EKPC,1540.7782000000002
2025-11-24 00:00:00,2025,11,24,0,0,-4,EKPC,1518.9933999999998
2025-11-24 01:00:00,2025,11,24,1,0,-4,EKPC,1554.8283999999999
2025-11-24 02:00:00,2025,11,24,2,0,-4,EKPC,1586.8665999999998
2025-11-24 03:00:00,2025,11,24,3,0,-4,EKPC,1603.2762
2025-11-24 04:00:00,2025,11,24,4,0,-4,EKPC,1656.4794000000002
2025-11-24 05:00:00,2025,11,24,5,0,-4,EKPC,1757.5067999999999
2025-11-24 06:00:00,2025,11,24,6,0,-4,EKPC,1892.8362000000002
2025-11-24 07:00:00,2025,11,24,7,0,-4,EKPC,1932.4644
2025-11-24 08:00:00,2025,11,24,8,0,-4,EKPC,1868.2507999999998
2025-11-24 09:00:00,2025,11,24,9,0,-4,EKPC,1785.2914
2025-11-24 10:00:00,2025,11,24,10,0,-4,EKPC,1722.3552
2025-11-24 11:00:00,2025,11,24,11,0,-4,EKPC,1663.6332000000002
2025-11-24 12:00:00,2025,11,24,12,0,-4,EKPC,1577.1518
2025-11-24 13:00:00,2025,11,24,13,0,-4,EKPC,1555.9726
2025-11-24 14:00:00,2025,11,24,14,0,-4,EKPC,1535.9348
2025-11-24 15:00:00,2025,11,24,15,0,-4,EKPC,1497.8011999999999
2025-11-24 16:00:00,2025,11,24,16,0,-4,EKPC,1541.0806
2025-11-24 17:00:00,2025,11,24,17,0,-4,EKPC,1664.3759999999997
2025-11-24 18:00:00,2025,11,24,18,0,-4,EKPC,1754.9836
2025-11-24 19:00:00,2025,11,24,19,0,-4,EKPC,1779.6912
2025-11-24 20:00:00,2025,11,24,20,0,-4,EKPC,1773.337
2025-11-24 21:00:00,2025,11,24,21,0,-4,EKPC,1736.4828000000002
2025-11-24 22:00:00,2025,11,24,22,0,-4,EKPC,1680.5916000000002
2025-11-24 23:00:00,2025,11,24,23,0,-4,EKPC,1624.6508
2025-11-25 00:00:00,2025,11,25,0,1,-3,EKPC,1589.9596
2025-11-25 01:00:00,2025,11,25,1,1,-3,EKPC,1605.6384
2025-11-25 02:00:00,2025,11,25,2,1,-3,EKPC,1612.2423999999999
2025-11-25 03:00:00,2025,11,25,3,1,-3,EKPC,1613.3121999999998
2025-11-25 04:00:00,2025,11,25,4,1,-3,EKPC,1626.8346
2025-11-25 05:00:00,2025,11,25,5,1,-3,EKPC,1730.386
2025-11-25 06:00:00,2025,11,25,6,1,-3,EKPC,1879.4098000000001
2025-11-25 07:00:00,2025,11,25,7,1,-3,EKPC,1928.3064
2025-11-25 08:00:00,2025,11,25,8,1,-3,EKPC,1868.6032
2025-11-25 09:00:00,2025,11,25,9,1,-3,EKPC,1771.2347999999997
2025-11-25 10:00:00,2025,11,25,10,1,-3,EKPC,1669.9973999999997
2025-11-25 11:00:00,2025,11,25,11,1,-3,EKPC,1571.6394
2025-11-25 12:00:00,2025,11,25,12,1,-3,EKPC,1494.7279999999998
2025-11-25 13:00:00,2025,11,25,13,1,-3,EKPC,1486.0926
2025-11-25 14:00:00,2025,11,25,14,1,-3,EKPC,1421.0652
2025-11-25 15:00:00,2025,11,25,15,1,-3,EKPC,1419.658
2025-11-25 16:00:00,2025,11,25,16,1,-3,EKPC,1481.651
2025-11-25 17:00:00,2025,11,25,17,1,-3,EKPC,1612.1255999999998
2025-11-25 18:00:00,2025,11,25,18,1,-3,EKPC,1681.4574
2025-11-25 19:00:00,2025,11,25,19,1,-3,EKPC,1728.0542
2025-11-25 20:00:00,2025,11,25,20,1,-3,EKPC,1740.4658
2025-11-25 21:00:00,2025,11,25,21,1,-3,EKPC,1709.5225999999998
2025-11-25 22:00:00,2025,11,25,22,1,-3,EKPC,1679.9941999999999
2025-11-25 23:00:00,2025,11,25,23,1,-3,EKPC,1637.0312
2025-11-26 00:00:00,2025,11,26,0,2,-2,EKPC,1504.8506
2025-11-26 01:00:00,2025,11,26,1,2,-2,EKPC,1488.2155
2025-11-26 02:00:00,2025,11,26,2,2,-2,EKPC,1482.3984
2025-11-26 03:00:00,2025,11,26,3,2,-2,EKPC,1490.0561
2025-11-26 04:00:00,2025,11,26,4,2,-2,EKPC,1516.5399
2025-11-26 05:00:00,2025,11,26,5,2,-2,EKPC,1571.7681
2025-11-26 06:00:00,2025,11,26,6,2,-2,EKPC,1701.1164
2025-11-26 07:00:00,2025,11,26,7,2,-2,EKPC,1750.1032
2025-11-26 08:00:00,2025,11,26,8,2,-2,EKPC,1726.3274000000001
2025-11-26 09:00:00,2025,11,26,9,2,-2,EKPC,1662.1221
2025-11-26 10:00:00,2025,11,26,10,2,-2,EKPC,1596.6195
2025-11-26 11:00:00,2025,11,26,11,2,-2,EKPC,1538.3384
2025-11-26 12:00:00,2025,11,26,12,2,-2,EKPC,1503.9544
2025-11-26 13:00:00,2025,11,26,13,2,-2,EKPC,1470.0138000000002
2025-11-26 14:00:00,2025,11,26,14,2,-2,EKPC,1423.8688
2025-11-26 15:00:00,2025,11,26,15,2,-2,EKPC,1411.1621
2025-11-26 16:00:00,2025,11,26,16,2,-2,EKPC,1454.1354
2025-11-26 17:00:00,2025,11,26,17,2,-2,EKPC,1545.7458
2025-11-26 18:00:00,2025,11,26,18,2,-2,EKPC,1615.3759
2025-11-26 19:00:00,2025,11,26,19,2,-2,EKPC,1628.47
2025-11-26 20:00:00,2025,11,26,20,2,-2,EKPC,1626.4772
2025-11-26 21:00:00,2025,11,26,21,2,-2,EKPC,1590.3307
2025-11-26 22:00:00,2025,11,26,22,2,-2,EKPC,1511.951
2025-11-26 23:00:00,2025,11,26,23,2,-2,EKPC,1459.9826
2025-11-27 00:00:00,2025,11,27,0,3,-1,EKPC,1456.8397
2025-11-27 01:00:00,2025,11,27,1,3,-1,EKPC,1440.4551999999999
2025-11-27 02:00:00,2025,11,27,2,3,-1,EKPC,1472.0868
2025-11-27 03:00:00,2025,11,27,3,3,-1,EKPC,1476.0192
2025-11-27 04:00:00,2025,11,27,4,3,-1,EKPC,1506.1296
2025-11-27 05:00:00,2025,11,27,5,3,-1,EKPC,1570.1786
2025-11-27 06:00:00,2025,11,27,6,3,-1,EKPC,1685.1528999999998
2025-11-27 07:00:00,2025,11,27,7,3,-1,EKPC,1732.0624
2025-11-27 08:00:00,2025,11,27,8,3,-1,EKPC,1753.5139
2025-11-27 09:00:00,2025,11,27,9,3,-1,EKPC,1736.2573
2025-11-27 10:00:00,2025,11,27,10,3,-1,EKPC,1712.3431
2025-11-27 11:00:00,2025,11,27,11,3,-1,EKPC,1699.8928
2025-11-27 12:00:00,2025,11,27,12,3,-1,EKPC,1643.8344000000002
2025-11-27 13:00:00,2025,11,27,13,3,-1,EKPC,1559.6011
2025-11-27 14:00:00,2025,11,27,14,3,-1,EKPC,1537.9299999999998
2025-11-27 15:00:00,2025,11,27,15,3,-1,EKPC,1509.2702
2025-11-27 16:00:00,2025,11,27,16,3,-1,EKPC,1534.0185999999999
2025-11-27 17:00:00,2025,11,27,17,3,-1,EKPC,1570.8130999999998
2025-11-27 18:00:00,2025,11,27,18,3,-1,EKPC,1612.1164999999999
2025-11-27 19:00:00,2025,11,27,19,3,-1,EKPC,1632.6076
2025-11-27 20:00:00,2025,11,27,20,3,-1,EKPC,1640.2508999999998
2025-11-27 21:00:00,2025,11,27,21,3,-1,EKPC,1632.3797
2025-11-27 22:00:00,2025,11,27,22,3,-1,EKPC,1595.8836999999999
2025-11-27 23:00:00,2025,11,27,23,3,-1,EKPC,1551.9433999999999
2025-11-28 00:00:00,2025,11,28,0,4,0,EKPC,1519.7667999999999
2025-11-28 01:00:00,2025,11,28,1,4,0,EKPC,1495.1446
2025-11-28 02:00:00,2025,11,28,2,4,0,EKPC,1479.9087
2025-11-28 03:00:00,2025,11,28,3,4,0,EKPC,1511.2175
2025-11-28 04:00:00,2025,11,28,4,4,0,EKPC,1553.7987
2025-11-28 05:00:00,2025,11,28,5,4,0,EKPC,1643.5755000000001
2025-11-28 06:00:00,2025,11,28,6,4,0,EKPC,1733.9769000000001
2025-11-28 07:00:00,2025,11,28,7,4,0,EKPC,1750.1019000000001
2025-11-28 08:00:00,2025,11,28,8,4,0,EKPC,1761.0128
2025-11-28 09:00:00,2025,11,28,9,4,0,EKPC,1743.078
2025-11-28 10:00:00,2025,11,28,10,4,0,EKPC,1700.764
2025-11-28 11:00:00,2025,11,28,11,4,0,EKPC,1631.2142
2025-11-28 12:00:00,2025,11,28,12,4,0,EKPC,1574.5516
2025-11-28 13:00:00,2025,11,28,13,4,0,EKPC,1540.2342
2025-11-28 14:00:00,2025,11,28,14,4,0,EKPC,1501.9133
2025-11-28 15:00:00,2025,11,28,15,4,0,EKPC,1484.798
2025-11-28 16:00:00,2025,11,28,16,4,0,EKPC,1516.8826999999999
2025-11-28 17:00:00,2025,11,28,17,4,0,EKPC,1598.2037
2025-11-28 18:00:00,2025,11,28,18,4,0,EKPC,1673.5274000000002
2025-11-28 19:00:00,2025,11,28,19,4,0,EKPC,1688.9958
2025-11-28 20:00:00,2025,11,28,20,4,0,EKPC,1686.5453000000002
2025-11-28 21:00:00,2025,11,28,21,4,0,EKPC,1673.7656
2025-11-28 22:00:00,2025,11,28,22,4,0,EKPC,1640.0692999999999
2025-11-28 23:00:00,2025,11,28,23,4,0,EKPC,1623.214
2025-11-19 00:00:00,2025,11,19,0,2,-9,JC,2068.4083
2025-11-19 01:00:00,2025,11,19,1,2,-9,JC,2003.7597
2025-11-19 02:00:00,2025,11,19,2,2,-9,JC,1972.4207000000001
2025-11-19 03:00:00,2025,11,19,3,2,-9,JC,1969.2853
2025-11-19 04:00:00,2025,11,19,4,2,-9,JC,2014.5184000000002
2025-11-19 05:00:00,2025,11,19,5,2,-9,JC,2144.6379
2025-11-19 06:00:00,2025,11,19,6,2,-9,JC,2376.6953999999996
2025-11-19 07:00:00,2025,11,19,7,2,-9,JC,2483.2507
2025-11-19 08:00:00,2025,11,19,8,2,-9,JC,2432.0544999999997
2025-11-19 09:00:00,2025,11,19,9,2,-9,JC,2316.5963
2025-11-19 10:00:00,2025,11,19,10,2,-9,JC,2233.8622
2025-11-19 11:00:00,2025,11,19,11,2,-9,JC,2183.666
2025-11-19 12:00:00,2025,11,19,12,2,-9,JC,2160.0099
2025-11-19 13:00:00,2025,11,19,13,2,-9,JC,2216.6688999999997
2025-11-19 14:00:00,2025,11,19,14,2,-9,JC,2294.6561
2025-11-19 15:00:00,2025,11,19,15,2,-9,JC,2404.3687
2025-11-19 16:00:00,2025,11,19,16,2,-9,JC,2598.4274
2025-11-19 17:00:00,2025,11,19,17,2,-9,JC,2769.1794
2025-11-19 18:00:00,2025,11,19,18,2,-9,JC,2753.814
2025-11-19 19:00:00,2025,11,19,19,2,-9,JC,2685.4294999999997
2025-11-19 20:00:00,2025,11,19,20,2,-9,JC,2602.5099
2025-11-19 21:00:00,2025,11,19,21,2,-9,JC,2477.9697
2025-11-19 22:00:00,2025,11,19,22,2,-9,JC,2299.1292999999996
2025-11-19 23:00:00,2025,11,19,23,2,-9,JC,2136.8604
2025-11-20 00:00:00,2025,11,20,0,3,-8,JC,2005.9562
2025-11-20 01:00:00,2025,11,20,1,3,-8,JC,1938.0968
2025-11-20 02:00:00,2025,11,20,2,3,-8,JC,1899.7781
2025-11-20 03:00:00,2025,11,20,3,3,-8,JC,1891.2098
2025-11-20 04:00:00,2025,11,20,4,3,-8,JC,1922.9832999999999
2025-11-20 05:00:00,2025,11,20,5,3,-8,JC,2021.9203000000002
2025-11-20 06:00:00,2025,11,20,6,3,-8,JC,2179.7272000000003
2025-11-20 07:00:00,2025,11,20,7,3,-8,JC,2274.7843000000003
2025-11-20 08:00:00,2025,11,20,8,3,-8,JC,2269.1009999999997
2025-11-20 09:00:00,2025,11,20,9,3,-8,JC,2215.2580000000003
2025-11-20 10:00:00,2025,11,20,10,3,-8,JC,2180.9254
2025-11-20 11:00:00,2025,11,20,11,3,-8,JC,2152.6395
2025-11-20 12:00:00,2025,11,20,12,3,-8,JC,2122.5834
2025-11-20 13:00:00,2025,11,20,13,3,-8,JC,2139.9883
2025-11-20 14:00:00,2025,11,20,14,3,-8,JC,2203.0762999999997
2025-11-20 15:00:00,2025,11,20,15,3,-8,JC,2295.802
2025-11-20 16:00:00,2025,11,20,16,3,-8,JC,2430.5795
2025-11-20 17:00:00,2025,11,20,17,3,-8,JC,2543.1986
2025-11-20 18:00:00,2025,11,20,18,3,-8,JC,2533.7613
2025-11-20 19:00:00,2025,11,20,19,3,-8,JC,2485.7496
2025-11-20 20:00:00,2025,11,20,20,3,-8,JC,2439.2071
2025-11-20 21:00:00,2025,11,20,21,3,-8,JC,2347.9350999999997
2025-11-20 22:00:00,2025,11,20,22,3,-8,JC,2210.8534
2025-11-20 23:00:00,2025,11,20,23,3,-8,JC,2071.9587
2025-11-21 00:00:00,2025,11,21,0,4,-7,JC,1966.3485
2025-11-21 01:00:00,2025,11,21,1,4,-7,JC,1900.1986000000002
2025-11-21 02:00:00,2025,11,21,2,4,-7,JC,1868.3936999999999
2025-11-21 03:00:00,2025,11,21,3,4,-7,JC,1871.9161
2025-11-21 04:00:00,2025,11,21,4,4,-7,JC,1910.0247
2025-11-21 05:00:00,2025,11,21,5,4,-7,JC,2018.369
2025-11-21 06:00:00,2025,11,21,6,4,-7,JC,2189.6292000000003
2025-11-21 07:00:00,2025,11,21,7,4,-7,JC,2273.1119
2025-11-21 08:00:00,2025,11,21,8,4,-7,JC,2253.8711
2025-11-21 09:00:00,2025,11,21,9,4,-7,JC,2202.6673
2025-11-21 10:00:00,2025,11,21,10,4,-7,JC,2141.7405
2025-11-21 11:00:00,2025,11,21,11,4,-7,JC,2142.3343
2025-11-21 12:00:00,2025,11,21,12,4,-7,JC,2152.7439999999997
2025-11-21 13:00:00,2025,11,21,13,4,-7,JC,2200.4434
2025-11-21 14:00:00,2025,11,21,14,4,-7,JC,2267.811
2025-11-21 15:00:00,2025,11,21,15,4,-7,JC,2381.3254
2025-11-21 16:00:00,2025,11,21,16,4,-7,JC,2546.5821
2025-11-21 17:00:00,2025,11,21,17,4,-7,JC,2694.2282999999998
2025-11-21 18:00:00,2025,11,21,18,4,-7,JC,2676.732
2025-11-21 19:00:00,2025,11,21,19,4,-7,JC,2621.736
2025-11-21 20:00:00,2025,11,21,20,4,-7,JC,2554.582
2025-11-21 21:00:00,2025,11,21,21,4,-7,JC,2452.5645
2025-11-21 22:00:00,2025,11,21,22,4,-7,JC,2318.0762999999997
2025-11-21 23:00:00,2025,11,21,23,4,-7,JC,2171.6849
2025-11-22 00:00:00,2025,11,22,0,5,-6,JC,2034.8388
2025-11-22 01:00:00,2025,11,22,1,5,-6,JC,1976.2902000000001
2025-11-22 02:00:00,2025,11,22,2,5,-6,JC,1938.4081999999999
2025-11-22 03:00:00,2025,11,22,3,5,-6,JC,1925.3998
2025-11-22 04:00:00,2025,11,22,4,5,-6,JC,1937.5898000000002
2025-11-22 05:00:00,2025,11,22,5,5,-6,JC,2001.7322
2025-11-22 06:00:00,2025,11,22,6,5,-6,JC,2106.4919999999997
2025-11-22 07:00:00,2025,11,22,7,5,-6,JC,2156.7562000000003
2025-11-22 08:00:00,2025,11,22,8,5,-6,JC,2141.6876
2025-11-22 09:00:00,2025,11,22,9,5,-6,JC,2059.0418
2025-11-22 10:00:00,2025,11,22,10,5,-6,JC,1972.1688
2025-11-22 11:00:00,2025,11,22,11,5,-6,JC,1923.479
2025-11-22 12:00:00,2025,11,22,12,5,-6,JC,1906.9788
2025-11-22 13:00:00,2025,11,22,13,5,-6,JC,1946.58
2025-11-22 14:00:00,2025,11,22,14,5,-6,JC,2037.0228000000002
2025-11-22 15:00:00,2025,11,22,15,5,-6,JC,2181.2294
2025-11-22 16:00:00,2025,11,22,16,5,-6,JC,2390.5542
2025-11-22 17:00:00,2025,11,22,17,5,-6,JC,2561.3014
2025-11-22 18:00:00,2025,11,22,18,5,-6,JC,2558.3278
2025-11-22 19:00:00,2025,11,22,19,5,-6,JC,2514.3635999999997
2025-11-22 20:00:00,2025,11,22,20,5,-6,JC,2455.4232
2025-11-22 21:00:00,2025,11,22,21,5,-6,JC,2367.4526
2025-11-22 22:00:00,2025,11,22,22,5,-6,JC,2243.6522
2025-11-22 23:00:00,2025,11,22,23,5,-6,JC,2112.3402
2025-11-23 00:00:00,2025,11,23,0,6,-5,JC,2002.3264
2025-11-23 01:00:00,2025,11,23,1,6,-5,JC,1929.7010000000002
2025-11-23 02:00:00,2025,11,23,2,6,-5,JC,1892.0493999999999
2025-11-23 03:00:00,2025,11,23,3,6,-5,JC,1876.6632000000002
2025-11-23 04:00:00,2025,11,23,4,6,-5,JC,1889.4191999999998
2025-11-23 05:00:00,2025,11,23,5,6,-5,JC,1936.2097999999999
2025-11-23 06:00:00,2025,11,23,6,6,-5,JC,2018.4471999999998
2025-11-23 07:00:00,2025,11,23,7,6,-5,JC,2064.188
2025-11-23 08:00:00,2025,11,23,8,6,-5,JC,2073.0316
2025-11-23 09:00:00,2025,11,23,9,6,-5,JC,2014.6871999999998
2025-11-23 10:00:00,2025,11,23,10,6,-5,JC,1959.4293999999998
2025-11-23 11:00:00,2025,11,23,11,6,-5,JC,1939.1924
2025-11-23 12:00:00,2025,11,23,12,6,-5,JC,1942.9074
2025-11-23 13:00:00,2025,11,23,13,6,-5,JC,1996.3008000000002
2025-11-23 14:00:00,2025,11,23,14,6,-5,JC,2112.0378
2025-11-23 15:00:00,2025,11,23,15,6,-5,JC,2251.3416
2025-11-23 16:00:00,2025,11,23,16,6,-5,JC,2453.9482
2025-11-23 17:00:00,2025,11,23,17,6,-5,JC,2629.3664
2025-11-23 18:00:00,2025,11,23,18,6,-5,JC,2624.1766
2025-11-23 19:00:00,2025,11,23,19,6,-5,JC,2571.0804
2025-11-23 20:00:00,2025,11,23,20,6,-5,JC,2492.4296
2025-11-23 21:00:00,2025,11,23,21,6,-5,JC,2379.0764
2025-11-23 22:00:00,2025,11,23,22,6,-5,JC,2218.4484
2025-11-23 23:00:00,2025,11,23,23,6,-5,JC,2066.417
2025-11-24 00:00:00,2025,11,24,0,0,-4,JC,1962.2032
2025-11-24 01:00:00,2025,11,24,1,0,-4,JC,1905.5531999999998
2025-11-24 02:00:00,2025,11,24,2,0,-4,JC,1884.5806
2025-11-24 03:00:00,2025,11,24,3,0,-4,JC,1887.4818
2025-11-24 04:00:00,2025,11,24,4,0,-4,JC,1947.0736000000002
2025-11-24 05:00:00,2025,11,24,5,0,-4,JC,2093.1396
2025-11-24 06:00:00,2025,11,24,6,0,-4,JC,2315.1146
2025-11-24 07:00:00,2025,11,24,7,0,-4,JC,2439.1852
2025-11-24 08:00:00,2025,11,24,8,0,-4,JC,2408.8514
2025-11-24 09:00:00,2025,11,24,9,0,-4,JC,2300.8830000000003
2025-11-24 10:00:00,2025,11,24,10,0,-4,JC,2212.2586
2025-11-24 11:00:00,2025,11,24,11,0,-4,JC,2151.3264
2025-11-24 12:00:00,2025,11,24,12,0,-4,JC,2107.7864
2025-11-24 13:00:00,2025,11,24,13,0,-4,JC,2141.7838
2025-11-24 14:00:00,2025,11,24,14,0,-4,JC,2249.4436
2025-11-24 15:00:00,2025,11,24,15,0,-4,JC,2404.436
2025-11-24 16:00:00,2025,11,24,16,0,-4,JC,2618.1192
2025-11-24 17:00:00,2025,11,24,17,0,-4,JC,2834.9284
2025-11-24 18:00:00,2025,11,24,18,0,-4,JC,2850.9701999999997
2025-11-24 19:00:00,2025,11,24,19,0,-4,JC,2796.7898
2025-11-24 20:00:00,2025,11,24,20,0,-4,JC,2707.6552
2025-11-24 21:00:00,2025,11,24,21,0,-4,JC,2562.7452000000003
2025-11-24 22:00:00,2025,11,24,22,0,-4,JC,2371.5926
2025-11-24 23:00:00,2025,11,24,23,0,-4,JC,2202.2894
2025-11-25 00:00:00,2025,11,25,0,1,-3,JC,2072.2266
2025-11-25 01:00:00,2025,11,25,1,1,-3,JC,2009.4106
2025-11-25 02:00:00,2025,11,25,2,1,-3,JC,1982.2112000000002
2025-11-25 03:00:00,2025,11,25,3,1,-3,JC,1983.8867999999998
2025-11-25 04:00:00,2025,11,25,4,1,-3,JC,2047.5366000000001
2025-11-25 05:00:00,2025,11,25,5,1,-3,JC,2178.6076000000003
2025-11-25 06:00:00,2025,11,25,6,1,-3,JC,2411.185
2025-11-25 07:00:00,2025,11,25,7,1,-3,JC,2517.6444
2025-11-25 08:00:00,2025,11,25,8,1,-3,JC,2481.242
2025-11-25 09:00:00,2025,11,25,9,1,-3,JC,2392.321
2025-11-25 10:00:00,2025,11,25,10,1,-3,JC,2313.5262000000002
2025-11-25 11:00:00,2025,11,25,11,1,-3,JC,2275.3486
2025-11-25 12:00:00,2025,11,25,12,1,-3,JC,2234.337
2025-11-25 13:00:00,2025,11,25,13,1,-3,JC,2259.7228
2025-11-25 14:00:00,2025,11,25,14,1,-3,JC,2340.3616
2025-11-25 15:00:00,2025,11,25,15,1,-3,JC,2470.6668
2025-11-25 16:00:00,2025,11,25,16,1,-3,JC,2671.4124
2025-11-25 17:00:00,2025,11,25,17,1,-3,JC,2854.9809999999998
2025-11-25 18:00:00,2025,11,25,18,1,-3,JC,2858.6146
2025-11-25 19:00:00,2025,11,25,19,1,-3,JC,2810.8648000000003
2025-11-25 20:00:00,2025,11,25,20,1,-3,JC,2726.8936000000003
2025-11-25 21:00:00,2025,11,25,21,1,-3,JC,2584.9822
2025-11-25 22:00:00,2025,11,25,22,1,-3,JC,2398.4504
2025-11-25 23:00:00,2025,11,25,23,1,-3,JC,2221.2894
2025-11-26 00:00:00,2025,11,26,0,2,-2,JC,2068.4083
2025-11-26 01:00:00,2025,11,26,1,2,-2,JC,2003.7597
2025-11-26 02:00:00,2025,11,26,2,2,-2,JC,1972.4207000000001
2025-11-26 03:00:00,2025,11,26,3,2,-2,JC,1969.2853
2025-11-26 04:00:00,2025,11,26,4,2,-2,JC,2014.5184000000002
2025-11-26 05:00:00,2025,11,26,5,2,-2,JC,2144.6379
2025-11-26 06:00:00,2025,11,26,6,2,-2,JC,2376.6953999999996
2025-11-26 07:00:00,2025,11,26,7,2,-2,JC,2483.2507
2025-11-26 08:00:00,2025,11,26,8,2,-2,JC,2432.0544999999997
2025-11-26 09:00:00,2025,11,26,9,2,-2,JC,2316.5963
2025-11-26 10:00:00,2025,11,26,10,2,-2,JC,2233.8622
2025-11-26 11:00:00,2025,11,26,11,2,-2,JC,2183.666
2025-11-26 12:00:00,2025,11,26,12,2,-2,JC,2160.0099
2025-11-26 13:00:00,2025,11,26,13,2,-2,JC,2216.6688999999997
2025-11-26 14:00:00,2025,11,26,14,2,-2,JC,2294.6561
2025-11-26 15:00:00,2025,11,26,15,2,-2,JC,2404.3687
2025-11-26 16:00:00,2025,11,26,16,2,-2,JC,2598.4274
2025-11-26 17:00:00,2025,11,26,17,2,-2,JC,2769.1794
2025-11-26 18:00:00,2025,11,26,18,2,-2,JC,2753.814
2025-11-26 19:00:00,2025,11,26,19,2,-2,JC,2685.4294999999997
2025-11-26 20:00:00,2025,11,26,20,2,-2,JC,2602.5099
2025-11-26 21:00:00,2025,11,26,21,2,-2,JC,2477.9697
2025-11-26 22:00:00,2025,11,26,22,2,-2,JC,2299.1292999999996
2025-11-26 23:00:00,2025,11,26,23,2,-2,JC,2136.8604
2025-11-27 00:00:00,2025,11,27,0,3,-1,JC,2005.9562
2025-11-27 01:00:00,2025,11,27,1,3,-1,JC,1938.0968
2025-11-27 02:00:00,2025,11,27,2,3,-1,JC,1899.7781
2025-11-27 03:00:00,2025,11,27,3,3,-1,JC,1891.2098
2025-11-27 04:00:00,2025,11,27,4,3,-1,JC,1922.9832999999999
2025-11-27 05:00:00,2025,11,27,5,3,-1,JC,2021.9203000000002
2025-11-27 06:00:00,2025,11,27,6,3,-1,JC,2179.7272000000003
2025-11-27 07:00:00,2025,11,27,7,3,-1,JC,2274.7843000000003
2025-11-27 08:00:00,2025,11,27,8,3,-1,JC,2269.1009999999997
2025-11-27 09:00:00,2025,11,27,9,3,-1,JC,2215.2580000000003
2025-11-27 10:00:00,2025,11,27,10,3,-1,JC,2180.9254
2025-11-27 11:00:00,2025,11,27,11,3,-1,JC,2152.6395
2025-11-27 12:00:00,2025,11,27,12,3,-1,JC,2122.5834
2025-11-27 13:00:00,2025,11,27,13,3,-1,JC,2139.9883
2025-11-27 14:00:00,2025,11,27,14,3,-1,JC,2203.0762999999997
2025-11-27 15:00:00,2025,11,27,15,3,-1,JC,2295.802
2025-11-27 16:00:00,2025,11,27,16,3,-1,JC,2430.5795
2025-11-27 17:00:00,2025,11,27,17,3,-1,JC,2543.1986
2025-11-27 18:00:00,2025,11,27,18,3,-1,JC,2533.7613
2025-11-27 19:00:00,2025,11,27,19,3,-1,JC,2485.7496
2025-11-27 20:00:00,2025,11,27,20,3,-1,JC,2439.2071
2025-11-27 21:00:00,2025,11,27,21,3,-1,JC,2347.9350999999997
2025-11-27 22:00:00,2025,11,27,22,3,-1,JC,2210.8534
2025-11-27 23:00:00,2025,11,27,23,3,-1,JC,2071.9587
2025-11-28 00:00:00,2025,11,28,0,4,0,JC,1966.3485
2025-11-28 01:00:00,2025,11,28,1,4,0,JC,1900.1986000000002
2025-11-28 02:00:00,2025,11,28,2,4,0,JC,1868.3936999999999
2025-11-28 03:00:00,2025,11,28,3,4,0,JC,1871.9161
2025-11-28 04:00:00,2025,11,28,4,4,0,JC,1910.0247
2025-11-28 05:00:00,2025,11,28,5,4,0,JC,2018.369
2025-11-28 06:00:00,2025,11,28,6,4,0,JC,2189.6292000000003
2025-11-28 07:00:00,2025,11,28,7,4,0,JC,2273.1119
2025-11-28 08:00:00,2025,11,28,8,4,0,JC,2253.8711
2025-11-28 09:00:00,2025,11,28,9,4,0,JC,2202.6673
2025-11-28 10:00:00,2025,11,28,10,4,0,JC,2141.7405
2025-11-28 11:00:00,2025,11,28,11,4,0,JC,2142.3343
2025-11-28 12:00:00,2025,11,28,12,4,0,JC,2152.7439999999997
2025-11-28 13:00:00,2025,11,28,13,4,0,JC,2200.4434
2025-11-28 14:00:00,2025,11,28,14,4,0,JC,2267.811
2025-11-28 15:00:00,2025,11,28,15,4,0,JC,2381.3254
2025-11-28 16:00:00,2025,11,28,16,4,0,JC,2546.5821
2025-11-28 17:00:00,2025,11,28,17,4,0,JC,2694.2282999999998
2025-11-28 18:00:00,2025,11,28,18,4,0,JC,2676.732
2025-11-28 19:00:00,2025,11,28,19,4,0,JC,2621.736
2025-11-28 20:00:00,2025,11,28,20,4,0,JC,2554.582
2025-11-28 21:00:00,2025,11,28,21,4,0,JC,2452.5645
2025-11-28 22:00:00,2025,11,28,22,4,0,JC,2318.0762999999997
2025-11-28 23:00:00,2025,11,28,23,4,0,JC,2171.6849
2025-11-19 00:00:00,2025,11,19,0,2,-9,ME,1615.6315
2025-11-19 01:00:00,2025,11,19,1,2,-9,ME,1577.9574
2025-11-19 02:00:00,2025,11,19,2,2,-9,ME,1564.0256
2025-11-19 03:00:00,2025,11,19,3,2,-9,ME,1567.3604
2025-11-19 04:00:00,2025,11,19,4,2,-9,ME,1612.4957
2025-11-19 05:00:00,2025,11,19,5,2,-9,ME,1725.1725
2025-11-19 06:00:00,2025,11,19,6,2,-9,ME,1876.3437
2025-11-19 07:00:00,2025,11,19,7,2,-9,ME,1955.3722000000002
2025-11-19 08:00:00,2025,11,19,8,2,-9,ME,1949.6664
2025-11-19 09:00:00,2025,11,19,9,2,-9,ME,1908.1966
2025-11-19 10:00:00,2025,11,19,10,2,-9,ME,1885.7069
2025-11-19 11:00:00,2025,11,19,11,2,-9,ME,1860.7177
2025-11-19 12:00:00,2025,11,19,12,2,-9,ME,1832.3854999999999
2025-11-19 13:00:00,2025,11,19,13,2,-9,ME,1807.7863000000002
2025-11-19 14:00:00,2025,11,19,14,2,-9,ME,1778.5342
2025-11-19 15:00:00,2025,11,19,15,2,-9,ME,1774.1518
2025-11-19 16:00:00,2025,11,19,16,2,-9,ME,1840.1181000000001
2025-11-19 17:00:00,2025,11,19,17,2,-9,ME,1927.6132000000002
2025-11-19 18:00:00,2025,11,19,18,2,-9,ME,1912.8229
2025-11-19 19:00:00,2025,11,19,19,2,-9,ME,1884.4573
2025-11-19 20:00:00,2025,11,19,20,2,-9,ME,1844.3115000000003
2025-11-19 21:00:00,2025,11,19,21,2,-9,ME,1764.1932000000002
2025-11-19 22:00:00,2025,11,19,22,2,-9,ME,1660.9422
2025-11-19 23:00:00,2025,11,19,23,2,-9,ME,1562.8324
2025-11-20 00:00:00,2025,11,20,0,3,-8,ME,1505.0343
2025-11-20 01:00:00,2025,11,20,1,3,-8,ME,1472.6214
2025-11-20 02:00:00,2025,11,20,2,3,-8,ME,1453.7062
2025-11-20 03:00:00,2025,11,20,3,3,-8,ME,1455.1441
2025-11-20 04:00:00,2025,11,20,4,3,-8,ME,1486.7696
2025-11-20 05:00:00,2025,11,20,5,3,-8,ME,1561.2005
2025-11-20 06:00:00,2025,11,20,6,3,-8,ME,1674.5794999999998
2025-11-20 07:00:00,2025,11,20,7,3,-8,ME,1748.1878000000002
2025-11-20 08:00:00,2025,11,20,8,3,-8,ME,1776.0237000000002
2025-11-20 09:00:00,2025,11,20,9,3,-8,ME,1782.6508999999999
2025-11-20 10:00:00,2025,11,20,10,3,-8,ME,1781.0765
2025-11-20 11:00:00,2025,11,20,11,3,-8,ME,1755.8887
2025-11-20 12:00:00,2025,11,20,12,3,-8,ME,1719.8310000000001
2025-11-20 13:00:00,2025,11,20,13,3,-8,ME,1682.9245999999998
2025-11-20 14:00:00,2025,11,20,14,3,-8,ME,1647.5853
2025-11-20 15:00:00,2025,11,20,15,3,-8,ME,1628.7547
2025-11-20 16:00:00,2025,11,20,16,3,-8,ME,1663.7527999999998
2025-11-20 17:00:00,2025,11,20,17,3,-8,ME,1725.4929
2025-11-20 18:00:00,2025,11,20,18,3,-8,ME,1716.6162
2025-11-20 19:00:00,2025,11,20,19,3,-8,ME,1697.8411
2025-11-20 20:00:00,2025,11,20,20,3,-8,ME,1670.7444
2025-11-20 21:00:00,2025,11,20,21,3,-8,ME,1619.5067
2025-11-20 22:00:00,2025,11,20,22,3,-8,ME,1540.3297
2025-11-20 23:00:00,2025,11,20,23,3,-8,ME,1469.9349
2025-11-21 00:00:00,2025,11,21,0,4,-7,ME,1426.882
2025-11-21 01:00:00,2025,11,21,1,4,-7,ME,1395.9857
2025-11-21 02:00:00,2025,11,21,2,4,-7,ME,1384.0212999999999
2025-11-21 03:00:00,2025,11,21,3,4,-7,ME,1387.9511
2025-11-21 04:00:00,2025,11,21,4,4,-7,ME,1428.2047
2025-11-21 05:00:00,2025,11,21,5,4,-7,ME,1508.7845
2025-11-21 06:00:00,2025,11,21,6,4,-7,ME,1628.1851
2025-11-21 07:00:00,2025,11,21,7,4,-7,ME,1704.8017
2025-11-21 08:00:00,2025,11,21,8,4,-7,ME,1726.7006000000001
2025-11-21 09:00:00,2025,11,21,9,4,-7,ME,1722.7332000000001
2025-11-21 10:00:00,2025,11,21,10,4,-7,ME,1717.5554
2025-11-21 11:00:00,2025,11,21,11,4,-7,ME,1701.8028
2025-11-21 12:00:00,2025,11,21,12,4,-7,ME,1690.173
2025-11-21 13:00:00,2025,11,21,13,4,-7,ME,1679.6176
2025-11-21 14:00:00,2025,11,21,14,4,-7,ME,1665.7772
2025-11-21 15:00:00,2025,11,21,15,4,-7,ME,1673.5476999999998
2025-11-21 16:00:00,2025,11,21,16,4,-7,ME,1739.7856
2025-11-21 17:00:00,2025,11,21,17,4,-7,ME,1814.0080999999998
2025-11-21 18:00:00,2025,11,21,18,4,-7,ME,1793.6216
2025-11-21 19:00:00,2025,11,21,19,4,-7,ME,1771.2355
2025-11-21 20:00:00,2025,11,21,20,4,-7,ME,1736.7351999999998
2025-11-21 21:00:00,2025,11,21,21,4,-7,ME,1678.6631000000002
2025-11-21 22:00:00,2025,11,21,22,4,-7,ME,1600.809
2025-11-21 23:00:00,2025,11,21,23,4,-7,ME,1526.0917
2025-11-22 00:00:00,2025,11,22,0,5,-6,ME,1519.5458
2025-11-22 01:00:00,2025,11,22,1,5,-6,ME,1477.308
2025-11-22 02:00:00,2025,11,22,2,5,-6,ME,1463.3326000000002
2025-11-22 03:00:00,2025,11,22,3,5,-6,ME,1466.0272
2025-11-22 04:00:00,2025,11,22,4,5,-6,ME,1486.0502000000001
2025-11-22 05:00:00,2025,11,22,5,5,-6,ME,1536.7562
2025-11-22 06:00:00,2025,11,22,6,5,-6,ME,1612.4288000000001
2025-11-22 07:00:00,2025,11,22,7,5,-6,ME,1689.3718000000001
2025-11-22 08:00:00,2025,11,22,8,5,-6,ME,1720.5504
2025-11-22 09:00:00,2025,11,22,9,5,-6,ME,1707.8694
2025-11-22 10:00:00,2025,11,22,10,5,-6,ME,1681.6817999999998
2025-11-22 11:00:00,2025,11,22,11,5,-6,ME,1652.2567999999999
2025-11-22 12:00:00,2025,11,22,12,5,-6,ME,1622.9508
2025-11-22 13:00:00,2025,11,22,13,5,-6,ME,1603.7502
2025-11-22 14:00:00,2025,11,22,14,5,-6,ME,1589.3814
2025-11-22 15:00:00,2025,11,22,15,5,-6,ME,1602.5226
2025-11-22 16:00:00,2025,11,22,16,5,-6,ME,1685.0224000000003
2025-11-22 17:00:00,2025,11,22,17,5,-6,ME,1762.7482
2025-11-22 18:00:00,2025,11,22,18,5,-6,ME,1746.1898
2025-11-22 19:00:00,2025,11,22,19,5,-6,ME,1717.0243999999998
2025-11-22 20:00:00,2025,11,22,20,5,-6,ME,1687.6392
2025-11-22 21:00:00,2025,11,22,21,5,-6,ME,1641.0058000000001
2025-11-22 22:00:00,2025,11,22,22,5,-6,ME,1574.6758
2025-11-22 23:00:00,2025,11,22,23,5,-6,ME,1505.8376
2025-11-23 00:00:00,2025,11,23,0,6,-5,ME,1453.9842
2025-11-23 01:00:00,2025,11,23,1,6,-5,ME,1421.7032
2025-11-23 02:00:00,2025,11,23,2,6,-5,ME,1401.7422000000001
2025-11-23 03:00:00,2025,11,23,3,6,-5,ME,1396.3252
2025-11-23 04:00:00,2025,11,23,4,6,-5,ME,1410.1932000000002
2025-11-23 05:00:00,2025,11,23,5,6,-5,ME,1455.1918
2025-11-23 06:00:00,2025,11,23,6,6,-5,ME,1523.8964
2025-11-23 07:00:00,2025,11,23,7,6,-5,ME,1594.0513999999998
2025-11-23 08:00:00,2025,11,23,8,6,-5,ME,1637.684
2025-11-23 09:00:00,2025,11,23,9,6,-5,ME,1641.5948
2025-11-23 10:00:00,2025,11,23,10,6,-5,ME,1638.7164
2025-11-23 11:00:00,2025,11,23,11,6,-5,ME,1627.0998
2025-11-23 12:00:00,2025,11,23,12,6,-5,ME,1621.3398000000002
2025-11-23 13:00:00,2025,11,23,13,6,-5,ME,1614.723
2025-11-23 14:00:00,2025,11,23,14,6,-5,ME,1618.4078000000002
2025-11-23 15:00:00,2025,11,23,15,6,-5,ME,1648.9648000000002
2025-11-23 16:00:00,2025,11,23,16,6,-5,ME,1742.525
2025-11-23 17:00:00,2025,11,23,17,6,-5,ME,1836.449
2025-11-23 18:00:00,2025,11,23,18,6,-5,ME,1825.6203999999998
2025-11-23 19:00:00,2025,11,23,19,6,-5,ME,1796.884
2025-11-23 20:00:00,2025,11,23,20,6,-5,ME,1760.202
2025-11-23 21:00:00,2025,11,23,21,6,-5,ME,1692.3578000000002
2025-11-23 22:00:00,2025,11,23,22,6,-5,ME,1620.8928
2025-11-23 23:00:00,2025,11,23,23,6,-5,ME,1551.7346
2025-11-24 00:00:00,2025,11,24,0,0,-4,ME,1510.386
2025-11-24 01:00:00,2025,11,24,1,0,-4,ME,1485.5992
2025-11-24 02:00:00,2025,11,24,2,0,-4,ME,1485.7734
2025-11-24 03:00:00,2025,11,24,3,0,-4,ME,1499.4047999999998
2025-11-24 04:00:00,2025,11,24,4,0,-4,ME,1554.7846
2025-11-24 05:00:00,2025,11,24,5,0,-4,ME,1675.7538
2025-11-24 06:00:00,2025,11,24,6,0,-4,ME,1845.8798
2025-11-24 07:00:00,2025,11,24,7,0,-4,ME,1934.3376
2025-11-24 08:00:00,2025,11,24,8,0,-4,ME,1930.0846000000001
2025-11-24 09:00:00,2025,11,24,9,0,-4,ME,1901.2908
2025-11-24 10:00:00,2025,11,24,10,0,-4,ME,1891.6948
2025-11-24 11:00:00,2025,11,24,11,0,-4,ME,1863.5026000000003
2025-11-24 12:00:00,2025,11,24,12,0,-4,ME,1830.062
2025-11-24 13:00:00,2025,11,24,13,0,-4,ME,1812.6808
2025-11-24 14:00:00,2025,11,24,14,0,-4,ME,1804.2144
2025-11-24 15:00:00,2025,11,24,15,0,-4,ME,1822.295
2025-11-24 16:00:00,2025,11,24,16,0,-4,ME,1908.7138
2025-11-24 17:00:00,2025,11,24,17,0,-4,ME,2013.0914
2025-11-24 18:00:00,2025,11,24,18,0,-4,ME,2010.2258000000002
2025-11-24 19:00:00,2025,11,24,19,0,-4,ME,1981.5758
2025-11-24 20:00:00,2025,11,24,20,0,-4,ME,1937.9275999999998
2025-11-24 21:00:00,2025,11,24,21,0,-4,ME,1863.8784
2025-11-24 22:00:00,2025,11,24,22,0,-4,ME,1765.3664
2025-11-24 23:00:00,2025,11,24,23,0,-4,ME,1680.3524000000002
2025-11-25 00:00:00,2025,11,25,0,1,-3,ME,1629.0154
2025-11-25 01:00:00,2025,11,25,1,1,-3,ME,1600.2516
2025-11-25 02:00:00,2025,11,25,2,1,-3,ME,1591.3092000000001
2025-11-25 03:00:00,2025,11,25,3,1,-3,ME,1599.5758
2025-11-25 04:00:00,2025,11,25,4,1,-3,ME,1645.4716
2025-11-25 05:00:00,2025,11,25,5,1,-3,ME,1758.3126
2025-11-25 06:00:00,2025,11,25,6,1,-3,ME,1911.0912
2025-11-25 07:00:00,2025,11,25,7,1,-3,ME,1994.7878
2025-11-25 08:00:00,2025,11,25,8,1,-3,ME,1988.236
2025-11-25 09:00:00,2025,11,25,9,1,-3,ME,1951.6581999999999
2025-11-25 10:00:00,2025,11,25,10,1,-3,ME,1927.9599999999998
2025-11-25 11:00:00,2025,11,25,11,1,-3,ME,1905.0108
2025-11-25 12:00:00,2025,11,25,12,1,-3,ME,1880.1498
2025-11-25 13:00:00,2025,11,25,13,1,-3,ME,1866.8316
2025-11-25 14:00:00,2025,11,25,14,1,-3,ME,1848.8042
2025-11-25 15:00:00,2025,11,25,15,1,-3,ME,1845.7056
2025-11-25 16:00:00,2025,11,25,16,1,-3,ME,1913.628
2025-11-25 17:00:00,2025,11,25,17,1,-3,ME,2011.3536
2025-11-25 18:00:00,2025,11,25,18,1,-3,ME,2007.4887999999999
2025-11-25 19:00:00,2025,11,25,19,1,-3,ME,1988.623
2025-11-25 20:00:00,2025,11,25,20,1,-3,ME,1935.3076
2025-11-25 21:00:00,2025,11,25,21,1,-3,ME,1862.6277999999998
2025-11-25 22:00:00,2025,11,25,22,1,-3,ME,1768.4916
2025-11-25 23:00:00,2025,11,25,23,1,-3,ME,1680.6296000000002
2025-11-26 00:00:00,2025,11,26,0,2,-2,ME,1615.6315
2025-11-26 01:00:00,2025,11,26,1,2,-2,ME,1577.9574
2025-11-26 02:00:00,2025,11,26,2,2,-2,ME,1564.0256
2025-11-26 03:00:00,2025,11,26,3,2,-2,ME,1567.3604
2025-11-26 04:00:00,2025,11,26,4,2,-2,ME,1612.4957
2025-11-26 05:00:00,2025,11,26,5,2,-2,ME,1725.1725
2025-11-26 06:00:00,2025,11,26,6,2,-2,ME,1876.3437
2025-11-26 07:00:00,2025,11,26,7,2,-2,ME,1955.3722000000002
2025-11-26 08:00:00,2025,11,26,8,2,-2,ME,1949.6664
2025-11-26 09:00:00,2025,11,26,9,2,-2,ME,1908.1966
2025-11-26 10:00:00,2025,11,26,10,2,-2,ME,1885.7069
2025-11-26 11:00:00,2025,11,26,11,2,-2,ME,1860.7177
2025-11-26 12:00:00,2025,11,26,12,2,-2,ME,1832.3854999999999
2025-11-26 13:00:00,2025,11,26,13,2,-2,ME,1807.7863000000002
2025-11-26 14:00:00,2025,11,26,14,2,-2,ME,1778.5342
2025-11-26 15:00:00,2025,11,26,15,2,-2,ME,1774.1518
2025-11-26 16:00:00,2025,11,26,16,2,-2,ME,1840.1181000000001
2025-11-26 17:00:00,2025,11,26,17,2,-2,ME,1927.6132000000002
2025-11-26 18:00:00,2025,11,26,18,2,-2,ME,1912.8229
2025-11-26 19:00:00,2025,11,26,19,2,-2,ME,1884.4573
2025-11-26 20:00:00,2025,11,26,20,2,-2,ME,1844.3115000000003
2025-11-26 21:00:00,2025,11,26,21,2,-2,ME,1764.1932000000002
2025-11-26 22:00:00,2025,11,26,22,2,-2,ME,1660.9422
2025-11-26 23:00:00,2025,11,26,23,2,-2,ME,1562.8324
2025-11-27 00:00:00,2025,11,27,0,3,-1,ME,1505.0343
2025-11-27 01:00:00,2025,11,27,1,3,-1,ME,1472.6214
2025-11-27 02:00:00,2025,11,27,2,3,-1,ME,1453.7062
2025-11-27 03:00:00,2025,11,27,3,3,-1,ME,1455.1441
2025-11-27 04:00:00,2025,11,27,4,3,-1,ME,1486.7696
2025-11-27 05:00:00,2025,11,27,5,3,-1,ME,1561.2005
2025-11-27 06:00:00,2025,11,27,6,3,-1,ME,1674.5794999999998
2025-11-27 07:00:00,2025,11,27,7,3,-1,ME,1748.1878000000002
2025-11-27 08:00:00,2025,11,27,8,3,-1,ME,1776.0237000000002
2025-11-27 09:00:00,2025,11,27,9,3,-1,ME,1782.6508999999999
2025-11-27 10:00:00,2025,11,27,10,3,-1,ME,1781.0765
2025-11-27 11:00:00,2025,11,27,11,3,-1,ME,1755.8887
2025-11-27 12:00:00,2025,11,27,12,3,-1,ME,1719.8310000000001
2025-11-27 13:00:00,2025,11,27,13,3,-1,ME,1682.9245999999998
2025-11-27 14:00:00,2025,11,27,14,3,-1,ME,1647.5853
2025-11-27 15:00:00,2025,11,27,15,3,-1,ME,1628.7547
2025-11-27 16:00:00,2025,11,27,16,3,-1,ME,1663.7527999999998
2025-11-27 17:00:00,2025,11,27,17,3,-1,ME,1725.4929
2025-11-27 18:00:00,2025,11,27,18,3,-1,ME,1716.6162
2025-11-27 19:00:00,2025,11,27,19,3,-1,ME,1697.8411
2025-11-27 20:00:00,2025,11,27,20,3,-1,ME,1670.7444
2025-11-27 21:00:00,2025,11,27,21,3,-1,ME,1619.5067
2025-11-27 22:00:00,2025,11,27,22,3,-1,ME,1540.3297
2025-11-27 23:00:00,2025,11,27,23,3,-1,ME,1469.9349
2025-11-28 00:00:00,2025,11,28,0,4,0,ME,1426.882
2025-11-28 01:00:00,2025,11,28,1,4,0,ME,1395.9857
2025-11-28 02:00:00,2025,11,28,2,4,0,ME,1384.0212999999999
2025-11-28 03:00:00,2025,11,28,3,4,0,ME,1387.9511
2025-11-28 04:00:00,2025,11,28,4,4,0,ME,1428.2047
2025-11-28 05:00:00,2025,11,28,5,4,0,ME,1508.7845
2025-11-28 06:00:00,2025,11,28,6,4,0,ME,1628.1851
2025-11-28 07:00:00,2025,11,28,7,4,0,ME,1704.8017
2025-11-28 08:00:00,2025,11,28,8,4,0,ME,1726.7006000000001
2025-11-28 09:00:00,2025,11,28,9,4,0,ME,1722.7332000000001
2025-11-28 10:00:00,2025,11,28,10,4,0,ME,1717.5554
2025-11-28 11:00:00,2025,11,28,11,4,0,ME,1701.8028
2025-11-28 12:00:00,2025,11,28,12,4,0,ME,1690.173
2025-11-28 13:00:00,2025,11,28,13,4,0,ME,1679.6176
2025-11-28 14:00:00,2025,11,28,14,4,0,ME,1665.7772
2025-11-28 15:00:00,2025,11,28,15,4,0,ME,1673.5476999999998
2025-11-28 16:00:00,2025,11,28,16,4,0,ME,1739.7856
2025-11-28 17:00:00,2025,11,28,17,4,0,ME,1814.0080999999998
2025-11-28 18:00:00,2025,11,28,18,4,0,ME,1793.6216
2025-11-28 19:00:00,2025,11,28,19,4,0,ME,1771.2355
2025-11-28 20:00:00,2025,11,28,20,4,0,ME,1736.7351999999998
2025-11-28 21:00:00,2025,11,28,21,4,0,ME,1678.6631000000002
2025-11-28 22:00:00,2025,11,28,22,4,0,ME,1600.809
2025-11-28 23:00:00,2025,11,28,23,4,0,ME,1526.0917
2025-11-19 00:00:00,2025,11,19,0,2,-9,OE,6235.2384
2025-11-19 01:00:00,2025,11,19,1,2,-9,OE,6116.708100000001
2025-11-19 02:00:00,2025,11,19,2,2,-9,OE,6049.5792
2025-11-19 03:00:00,2025,11,19,3,2,-9,OE,6031.2302
2025-11-19 04:00:00,2025,11,19,4,2,-9,OE,6152.272
2025-11-19 05:00:00,2025,11,19,5,2,-9,OE,6420.545700000001
2025-11-19 06:00:00,2025,11,19,6,2,-9,OE,6876.227400000001
2025-11-19 07:00:00,2025,11,19,7,2,-9,OE,7208.0087
2025-11-19 08:00:00,2025,11,19,8,2,-9,OE,7339.8462
2025-11-19 09:00:00,2025,11,19,9,2,-9,OE,7366.594
2025-11-19 10:00:00,2025,11,19,10,2,-9,OE,7373.8366
2025-11-19 11:00:00,2025,11,19,11,2,-9,OE,7318.8609
2025-11-19 12:00:00,2025,11,19,12,2,-9,OE,7265.2014
2025-11-19 13:00:00,2025,11,19,13,2,-9,OE,7232.0649
2025-11-19 14:00:00,2025,11,19,14,2,-9,OE,7137.361900000001
2025-11-19 15:00:00,2025,11,19,15,2,-9,OE,7047.0814
2025-11-19 16:00:00,2025,11,19,16,2,-9,OE,7102.5076
2025-11-19 17:00:00,2025,11,19,17,2,-9,OE,7284.626200000001
2025-11-19 18:00:00,2025,11,19,18,2,-9,OE,7291.7088
2025-11-19 19:00:00,2025,11,19,19,2,-9,OE,7185.3469
2025-11-19 20:00:00,2025,11,19,20,2,-9,OE,7041.4321
2025-11-19 21:00:00,2025,11,19,21,2,-9,OE,6816.0239
2025-11-19 22:00:00,2025,11,19,22,2,-9,OE,6467.719800000001
2025-11-19 23:00:00,2025,11,19,23,2,-9,OE,6163.2373
2025-11-20 00:00:00,2025,11,20,0,3,-8,OE,5927.6822
2025-11-20 01:00:00,2025,11,20,1,3,-8,OE,5805.0851999999995
2025-11-20 02:00:00,2025,11,20,2,3,-8,OE,5710.6116
2025-11-20 03:00:00,2025,11,20,3,3,-8,OE,5701.7719
2025-11-20 04:00:00,2025,11,20,4,3,-8,OE,5763.794599999999
2025-11-20 05:00:00,2025,11,20,5,3,-8,OE,5949.9037
2025-11-20 06:00:00,2025,11,20,6,3,-8,OE,6278.6656
2025-11-20 07:00:00,2025,11,20,7,3,-8,OE,6547.9295
2025-11-20 08:00:00,2025,11,20,8,3,-8,OE,6705.8937000000005
2025-11-20 09:00:00,2025,11,20,9,3,-8,OE,6845.074799999999
2025-11-20 10:00:00,2025,11,20,10,3,-8,OE,6923.868799999999
2025-11-20 11:00:00,2025,11,20,11,3,-8,OE,6903.640799999999
2025-11-20 12:00:00,2025,11,20,12,3,-8,OE,6867.0265
2025-11-20 13:00:00,2025,11,20,13,3,-8,OE,6774.9662
2025-11-20 14:00:00,2025,11,20,14,3,-8,OE,6636.121300000001
2025-11-20 15:00:00,2025,11,20,15,3,-8,OE,6525.0908
2025-11-20 16:00:00,2025,11,20,16,3,-8,OE,6555.6804
2025-11-20 17:00:00,2025,11,20,17,3,-8,OE,6726.323699999999
2025-11-20 18:00:00,2025,11,20,18,3,-8,OE,6732.9355
2025-11-20 19:00:00,2025,11,20,19,3,-8,OE,6671.9962
2025-11-20 20:00:00,2025,11,20,20,3,-8,OE,6612.149899999999
2025-11-20 21:00:00,2025,11,20,21,3,-8,OE,6430.8119
2025-11-20 22:00:00,2025,11,20,22,3,-8,OE,6200.2037
2025-11-20 23:00:00,2025,11,20,23,3,-8,OE,5960.9755000000005
2025-11-21 00:00:00,2025,11,21,0,4,-7,OE,5790.942
2025-11-21 01:00:00,2025,11,21,1,4,-7,OE,5698.8961
2025-11-21 02:00:00,2025,11,21,2,4,-7,OE,5629.4711
2025-11-21 03:00:00,2025,11,21,3,4,-7,OE,5645.245199999999
2025-11-21 04:00:00,2025,11,21,4,4,-7,OE,5704.4042
2025-11-21 05:00:00,2025,11,21,5,4,-7,OE,5933.909900000001
2025-11-21 06:00:00,2025,11,21,6,4,-7,OE,6310.234399999999
2025-11-21 07:00:00,2025,11,21,7,4,-7,OE,6586.3963
2025-11-21 08:00:00,2025,11,21,8,4,-7,OE,6727.3006
2025-11-21 09:00:00,2025,11,21,9,4,-7,OE,6886.2947
2025-11-21 10:00:00,2025,11,21,10,4,-7,OE,6986.782800000001
2025-11-21 11:00:00,2025,11,21,11,4,-7,OE,6980.902899999999
2025-11-21 12:00:00,2025,11,21,12,4,-7,OE,6980.6996
2025-11-21 13:00:00,2025,11,21,13,4,-7,OE,6947.478999999999
2025-11-21 14:00:00,2025,11,21,14,4,-7,OE,6860.147199999999
2025-11-21 15:00:00,2025,11,21,15,4,-7,OE,6836.3118
2025-11-21 16:00:00,2025,11,21,16,4,-7,OE,6913.4535000000005
2025-11-21 17:00:00,2025,11,21,17,4,-7,OE,7135.555899999999
2025-11-21 18:00:00,2025,11,21,18,4,-7,OE,7128.8928
2025-11-21 19:00:00,2025,11,21,19,4,-7,OE,7024.3743
2025-11-21 20:00:00,2025,11,21,20,4,-7,OE,6899.2552
2025-11-21 21:00:00,2025,11,21,21,4,-7,OE,6705.608899999999
2025-11-21 22:00:00,2025,11,21,22,4,-7,OE,6460.1723
2025-11-21 23:00:00,2025,11,21,23,4,-7,OE,6205.602
2025-11-22 00:00:00,2025,11,22,0,5,-6,OE,6129.75
2025-11-22 01:00:00,2025,11,22,1,5,-6,OE,6010.3682
2025-11-22 02:00:00,2025,11,22,2,5,-6,OE,5924.0556
2025-11-22 03:00:00,2025,11,22,3,5,-6,OE,5880.7292
2025-11-22 04:00:00,2025,11,22,4,5,-6,OE,5921.548400000001
2025-11-22 05:00:00,2025,11,22,5,5,-6,OE,6059.457
2025-11-22 06:00:00,2025,11,22,6,5,-6,OE,6310.808599999999
2025-11-22 07:00:00,2025,11,22,7,5,-6,OE,6509.0508
2025-11-22 08:00:00,2025,11,22,8,5,-6,OE,6699.293
2025-11-22 09:00:00,2025,11,22,9,5,-6,OE,6797.9848
2025-11-22 10:00:00,2025,11,22,10,5,-6,OE,6840.792600000001
2025-11-22 11:00:00,2025,11,22,11,5,-6,OE,6799.8322
2025-11-22 12:00:00,2025,11,22,12,5,-6,OE,6729.8602
2025-11-22 13:00:00,2025,11,22,13,5,-6,OE,6656.755999999999
2025-11-22 14:00:00,2025,11,22,14,5,-6,OE,6626.2698
2025-11-22 15:00:00,2025,11,22,15,5,-6,OE,6620.2106
2025-11-22 16:00:00,2025,11,22,16,5,-6,OE,6742.7624
2025-11-22 17:00:00,2025,11,22,17,5,-6,OE,7018.2662
2025-11-22 18:00:00,2025,11,22,18,5,-6,OE,6989.4758
2025-11-22 19:00:00,2025,11,22,19,5,-6,OE,6906.9492
2025-11-22 20:00:00,2025,11,22,20,5,-6,OE,6801.9418000000005
2025-11-22 21:00:00,2025,11,22,21,5,-6,OE,6616.294200000001
2025-11-22 22:00:00,2025,11,22,22,5,-6,OE,6386.798199999999
2025-11-22 23:00:00,2025,11,22,23,5,-6,OE,6130.3248
2025-11-23 00:00:00,2025,11,23,0,6,-5,OE,5946.3552
2025-11-23 01:00:00,2025,11,23,1,6,-5,OE,5851.8688
2025-11-23 02:00:00,2025,11,23,2,6,-5,OE,5800.6014
2025-11-23 03:00:00,2025,11,23,3,6,-5,OE,5784.041
2025-11-23 04:00:00,2025,11,23,4,6,-5,OE,5801.3074
2025-11-23 05:00:00,2025,11,23,5,6,-5,OE,5906.337799999999
2025-11-23 06:00:00,2025,11,23,6,6,-5,OE,6078.615
2025-11-23 07:00:00,2025,11,23,7,6,-5,OE,6225.6872
2025-11-23 08:00:00,2025,11,23,8,6,-5,OE,6371.611800000001
2025-11-23 09:00:00,2025,11,23,9,6,-5,OE,6549.1904
2025-11-23 10:00:00,2025,11,23,10,6,-5,OE,6656.392
2025-11-23 11:00:00,2025,11,23,11,6,-5,OE,6667.337600000001
2025-11-23 12:00:00,2025,11,23,12,6,-5,OE,6681.937
2025-11-23 13:00:00,2025,11,23,13,6,-5,OE,6652.585800000001
2025-11-23 14:00:00,2025,11,23,14,6,-5,OE,6591.118799999999
2025-11-23 15:00:00,2025,11,23,15,6,-5,OE,6637.9636
2025-11-23 16:00:00,2025,11,23,16,6,-5,OE,6780.857000000001
2025-11-23 17:00:00,2025,11,23,17,6,-5,OE,7088.1638
2025-11-23 18:00:00,2025,11,23,18,6,-5,OE,7123.068799999999
2025-11-23 19:00:00,2025,11,23,19,6,-5,OE,7049.6322
2025-11-23 20:00:00,2025,11,23,20,6,-5,OE,6918.2868
2025-11-23 21:00:00,2025,11,23,21,6,-5,OE,6781.7092
2025-11-23 22:00:00,2025,11,23,22,6,-5,OE,6504.0548
2025-11-23 23:00:00,2025,11,23,23,6,-5,OE,6332.3154
2025-11-24 00:00:00,2025,11,24,0,0,-4,OE,6210.281199999999
2025-11-24 01:00:00,2025,11,24,1,0,-4,OE,6100.8135999999995
2025-11-24 02:00:00,2025,11,24,2,0,-4,OE,6066.8910000000005
2025-11-24 03:00:00,2025,11,24,3,0,-4,OE,6088.2806
2025-11-24 04:00:00,2025,11,24,4,0,-4,OE,6269.5252
2025-11-24 05:00:00,2025,11,24,5,0,-4,OE,6588.9144
2025-11-24 06:00:00,2025,11,24,6,0,-4,OE,7150.982000000001
2025-11-24 07:00:00,2025,11,24,7,0,-4,OE,7526.1432
2025-11-24 08:00:00,2025,11,24,8,0,-4,OE,7669.214
2025-11-24 09:00:00,2025,11,24,9,0,-4,OE,7679.340200000001
2025-11-24 10:00:00,2025,11,24,10,0,-4,OE,7667.4839999999995
2025-11-24 11:00:00,2025,11,24,11,0,-4,OE,7628.8294
2025-11-24 12:00:00,2025,11,24,12,0,-4,OE,7612.080199999999
2025-11-24 13:00:00,2025,11,24,13,0,-4,OE,7536.214599999999
2025-11-24 14:00:00,2025,11,24,14,0,-4,OE,7427.756599999999
2025-11-24 15:00:00,2025,11,24,15,0,-4,OE,7331.2812
2025-11-24 16:00:00,2025,11,24,16,0,-4,OE,7377.161999999999
2025-11-24 17:00:00,2025,11,24,17,0,-4,OE,7642.8564
2025-11-24 18:00:00,2025,11,24,18,0,-4,OE,7612.6144
2025-11-24 19:00:00,2025,11,24,19,0,-4,OE,7557.3292
2025-11-24 20:00:00,2025,11,24,20,0,-4,OE,7404.3589999999995
2025-11-24 21:00:00,2025,11,24,21,0,-4,OE,7123.4784
2025-11-24 22:00:00,2025,11,24,22,0,-4,OE,6804.8204
2025-11-24 23:00:00,2025,11,24,23,0,-4,OE,6489.644200000001
2025-11-25 00:00:00,2025,11,25,0,1,-3,OE,6286.344999999999
2025-11-25 01:00:00,2025,11,25,1,1,-3,OE,6158.5972
2025-11-25 02:00:00,2025,11,25,2,1,-3,OE,6109.1116
2025-11-25 03:00:00,2025,11,25,3,1,-3,OE,6045.2336
2025-11-25 04:00:00,2025,11,25,4,1,-3,OE,6140.3846
2025-11-25 05:00:00,2025,11,25,5,1,-3,OE,6458.6796
2025-11-25 06:00:00,2025,11,25,6,1,-3,OE,6951.5851999999995
2025-11-25 07:00:00,2025,11,25,7,1,-3,OE,7300.341
2025-11-25 08:00:00,2025,11,25,8,1,-3,OE,7401.051399999999
2025-11-25 09:00:00,2025,11,25,9,1,-3,OE,7419.414999999999
2025-11-25 10:00:00,2025,11,25,10,1,-3,OE,7424.982400000001
2025-11-25 11:00:00,2025,11,25,11,1,-3,OE,7348.0126
2025-11-25 12:00:00,2025,11,25,12,1,-3,OE,7279.443799999999
2025-11-25 13:00:00,2025,11,25,13,1,-3,OE,7251.173
2025-11-25 14:00:00,2025,11,25,14,1,-3,OE,7145.289600000001
2025-11-25 15:00:00,2025,11,25,15,1,-3,OE,7099.9058
2025-11-25 16:00:00,2025,11,25,16,1,-3,OE,7214.404799999999
2025-11-25 17:00:00,2025,11,25,17,1,-3,OE,7491.299799999999
2025-11-25 18:00:00,2025,11,25,18,1,-3,OE,7506.4102
2025-11-25 19:00:00,2025,11,25,19,1,-3,OE,7392.8802
2025-11-25 20:00:00,2025,11,25,20,1,-3,OE,7292.268399999999
2025-11-25 21:00:00,2025,11,25,21,1,-3,OE,7098.3028
2025-11-25 22:00:00,2025,11,25,22,1,-3,OE,6798.011
2025-11-25 23:00:00,2025,11,25,23,1,-3,OE,6520.9858
2025-11-26 00:00:00,2025,11,26,0,2,-2,OE,6235.2384
2025-11-26 01:00:00,2025,11,26,1,2,-2,OE,6116.708100000001
2025-11-26 02:00:00,2025,11,26,2,2,-2,OE,6049.5792
2025-11-26 03:00:00,2025,11,26,3,2,-2,OE,6031.2302
2025-11-26 04:00:00,2025,11,26,4,2,-2,OE,6152.272
2025-11-26 05:00:00,2025,11,26,5,2,-2,OE,6420.545700000001
2025-11-26 06:00:00,2025,11,26,6,2,-2,OE,6876.227400000001
2025-11-26 07:00:00,2025,11,26,7,2,-2,OE,7208.0087
2025-11-26 08:00:00,2025,11,26,8,2,-2,OE,7339.8462
2025-11-26 09:00:00,2025,11,26,9,2,-2,OE,7366.594
2025-11-26 10:00:00,2025,11,26,10,2,-2,OE,7373.8366
2025-11-26 11:00:00,2025,11,26,11,2,-2,OE,7318.8609
2025-11-26 12:00:00,2025,11,26,12,2,-2,OE,7265.2014
2025-11-26 13:00:00,2025,11,26,13,2,-2,OE,7232.0649
2025-11-26 14:00:00,2025,11,26,14,2,-2,OE,7137.361900000001
2025-11-26 15:00:00,2025,11,26,15,2,-2,OE,7047.0814
2025-11-26 16:00:00,2025,11,26,16,2,-2,OE,7102.5076
2025-11-26 17:00:00,2025,11,26,17,2,-2,OE,7284.626200000001
2025-11-26 18:00:00,2025,11,26,18,2,-2,OE,7291.7088
2025-11-26 19:00:00,2025,11,26,19,2,-2,OE,7185.3469
2025-11-26 20:00:00,2025,11,26,20,2,-2,OE,7041.4321
2025-11-26 21:00:00,2025,11,26,21,2,-2,OE,6816.0239
2025-11-26 22:00:00,2025,11,26,22,2,-2,OE,6467.719800000001
2025-11-26 23:00:00,2025,11,26,23,2,-2,OE,6163.2373
2025-11-27 00:00:00,2025,11,27,0,3,-1,OE,5927.6822
2025-11-27 01:00:00,2025,11,27,1,3,-1,OE,5805.0851999999995
2025-11-27 02:00:00,2025,11,27,2,3,-1,OE,5710.6116
2025-11-27 03:00:00,2025,11,27,3,3,-1,OE,5701.7719
2025-11-27 04:00:00,2025,11,27,4,3,-1,OE,5763.794599999999
2025-11-27 05:00:00,2025,11,27,5,3,-1,OE,5949.9037
2025-11-27 06:00:00,2025,11,27,6,3,-1,OE,6278.6656
2025-11-27 07:00:00,2025,11,27,7,3,-1,OE,6547.9295
2025-11-27 08:00:00,2025,11,27,8,3,-1,OE,6705.8937000000005
2025-11-27 09:00:00,2025,11,27,9,3,-1,OE,6845.074799999999
2025-11-27 10:00:00,2025,11,27,10,3,-1,OE,6923.868799999999
2025-11-27 11:00:00,2025,11,27,11,3,-1,OE,6903.640799999999
2025-11-27 12:00:00,2025,11,27,12,3,-1,OE,6867.0265
2025-11-27 13:00:00,2025,11,27,13,3,-1,OE,6774.9662
2025-11-27 14:00:00,2025,11,27,14,3,-1,OE,6636.121300000001
2025-11-27 15:00:00,2025,11,27,15,3,-1,OE,6525.0908
2025-11-27 16:00:00,2025,11,27,16,3,-1,OE,6555.6804
2025-11-27 17:00:00,2025,11,27,17,3,-1,OE,6726.323699999999
2025-11-27 18:00:00,2025,11,27,18,3,-1,OE,6732.9355
2025-11-27 19:00:00,2025,11,27,19,3,-1,OE,6671.9962
2025-11-27 20:00:00,2025,11,27,20,3,-1,OE,6612.149899999999
2025-11-27 21:00:00,2025,11,27,21,3,-1,OE,6430.8119
2025-11-27 22:00:00,2025,11,27,22,3,-1,OE,6200.2037
2025-11-27 23:00:00,2025,11,27,23,3,-1,OE,5960.9755000000005
2025-11-28 00:00:00,2025,11,28,0,4,0,OE,5790.942
2025-11-28 01:00:00,2025,11,28,1,4,0,OE,5698.8961
2025-11-28 02:00:00,2025,11,28,2,4,0,OE,5629.4711
2025-11-28 03:00:00,2025,11,28,3,4,0,OE,5645.245199999999
2025-11-28 04:00:00,2025,11,28,4,4,0,OE,5704.4042
2025-11-28 05:00:00,2025,11,28,5,4,0,OE,5933.909900000001
2025-11-28 06:00:00,2025,11,28,6,4,0,OE,6310.234399999999
2025-11-28 07:00:00,2025,11,28,7,4,0,OE,6586.3963
2025-11-28 08:00:00,2025,11,28,8,4,0,OE,6727.3006
2025-11-28 09:00:00,2025,11,28,9,4,0,OE,6886.2947
2025-11-28 10:00:00,2025,11,28,10,4,0,OE,6986.782800000001
2025-11-28 11:00:00,2025,11,28,11,4,0,OE,6980.902899999999
2025-11-28 12:00:00,2025,11,28,12,4,0,OE,6980.6996
2025-11-28 13:00:00,2025,11,28,13,4,0,OE,6947.478999999999
2025-11-28 14:00:00,2025,11,28,14,4,0,OE,6860.147199999999
2025-11-28 15:00:00,2025,11,28,15,4,0,OE,6836.3118
2025-11-28 16:00:00,2025,11,28,16,4,0,OE,6913.4535000000005
2025-11-28 17:00:00,2025,11,28,17,4,0,OE,7135.555899999999
2025-11-28 18:00:00,2025,11,28,18,4,0,OE,7128.8928
2025-11-28 19:00:00,2025,11,28,19,4,0,OE,7024.3743
2025-11-28 20:00:00,2025,11,28,20,4,0,OE,6899.2552
2025-11-28 21:00:00,2025,11,28,21,4,0,OE,6705.608899999999
2025-11-28 22:00:00,2025,11,28,22,4,0,OE,6460.1723
2025-11-28 23:00:00,2025,11,28,23,4,0,OE,6205.602
2025-11-19 00:00:00,2025,11,19,0,2,-9,OVEC,35.1
2025-11-19 01:00:00,2025,11,19,1,2,-9,OVEC,34.9
2025-11-19 02:00:00,2025,11,19,2,2,-9,OVEC,34.9
2025-11-19 03:00:00,2025,11,19,3,2,-9,OVEC,34.4
2025-11-19 04:00:00,2025,11,19,4,2,-9,OVEC,35.9
2025-11-19 05:00:00,2025,11,19,5,2,-9,OVEC,36.9
2025-11-19 06:00:00,2025,11,19,6,2,-9,OVEC,40.0
2025-11-19 07:00:00,2025,11,19,7,2,-9,OVEC,40.5
2025-11-19 08:00:00,2025,11,19,8,2,-9,OVEC,41.5
2025-11-19 09:00:00,2025,11,19,9,2,-9,OVEC,42.3
2025-11-19 10:00:00,2025,11,19,10,2,-9,OVEC,38.8
2025-11-19 11:00:00,2025,11,19,11,2,-9,OVEC,39.7
2025-11-19 12:00:00,2025,11,19,12,2,-9,OVEC,38.2
2025-11-19 13:00:00,2025,11,19,13,2,-9,OVEC,38.8
2025-11-19 14:00:00,2025,11,19,14,2,-9,OVEC,38.2
2025-11-19 15:00:00,2025,11,19,15,2,-9,OVEC,38.3
2025-11-19 16:00:00,2025,11,19,16,2,-9,OVEC,39.4
2025-11-19 17:00:00,2025,11,19,17,2,-9,OVEC,37.5
2025-11-19 18:00:00,2025,11,19,18,2,-9,OVEC,37.9
2025-11-19 19:00:00,2025,11,19,19,2,-9,OVEC,41.5
2025-11-19 20:00:00,2025,11,19,20,2,-9,OVEC,38.5
2025-11-19 21:00:00,2025,11,19,21,2,-9,OVEC,39.6
2025-11-19 22:00:00,2025,11,19,22,2,-9,OVEC,39.2
2025-11-19 23:00:00,2025,11,19,23,2,-9,OVEC,37.7
2025-11-20 00:00:00,2025,11,20,0,3,-8,OVEC,37.4
2025-11-20 01:00:00,2025,11,20,1,3,-8,OVEC,37.1
2025-11-20 02:00:00,2025,11,20,2,3,-8,OVEC,36.7
2025-11-20 03:00:00,2025,11,20,3,3,-8,OVEC,35.4
2025-11-20 04:00:00,2025,11,20,4,3,-8,OVEC,36.9
2025-11-20 05:00:00,2025,11,20,5,3,-8,OVEC,38.3
2025-11-20 06:00:00,2025,11,20,6,3,-8,OVEC,38.0
2025-11-20 07:00:00,2025,11,20,7,3,-8,OVEC,38.2
2025-11-20 08:00:00,2025,11,20,8,3,-8,OVEC,38.3
2025-11-20 09:00:00,2025,11,20,9,3,-8,OVEC,38.1
2025-11-20 10:00:00,2025,11,20,10,3,-8,OVEC,37.5
2025-11-20 11:00:00,2025,11,20,11,3,-8,OVEC,35.5
2025-11-20 12:00:00,2025,11,20,12,3,-8,OVEC,35.8
2025-11-20 13:00:00,2025,11,20,13,3,-8,OVEC,36.0
2025-11-20 14:00:00,2025,11,20,14,3,-8,OVEC,34.8
2025-11-20 15:00:00,2025,11,20,15,3,-8,OVEC,36.9
2025-11-20 16:00:00,2025,11,20,16,3,-8,OVEC,36.7
2025-11-20 17:00:00,2025,11,20,17,3,-8,OVEC,41.1
2025-11-20 18:00:00,2025,11,20,18,3,-8,OVEC,39.0
2025-11-20 19:00:00,2025,11,20,19,3,-8,OVEC,38.1
2025-11-20 20:00:00,2025,11,20,20,3,-8,OVEC,37.1
2025-11-20 21:00:00,2025,11,20,21,3,-8,OVEC,36.2
2025-11-20 22:00:00,2025,11,20,22,3,-8,OVEC,35.0
2025-11-20 23:00:00,2025,11,20,23,3,-8,OVEC,35.3
2025-11-21 00:00:00,2025,11,21,0,4,-7,OVEC,34.5
2025-11-21 01:00:00,2025,11,21,1,4,-7,OVEC,35.6
2025-11-21 02:00:00,2025,11,21,2,4,-7,OVEC,35.2
2025-11-21 03:00:00,2025,11,21,3,4,-7,OVEC,36.5
2025-11-21 04:00:00,2025,11,21,4,4,-7,OVEC,36.1
2025-11-21 05:00:00,2025,11,21,5,4,-7,OVEC,35.8
2025-11-21 06:00:00,2025,11,21,6,4,-7,OVEC,36.2
2025-11-21 07:00:00,2025,11,21,7,4,-7,OVEC,36.0
2025-11-21 08:00:00,2025,11,21,8,4,-7,OVEC,34.2
2025-11-21 09:00:00,2025,11,21,9,4,-7,OVEC,34.1
2025-11-21 10:00:00,2025,11,21,10,4,-7,OVEC,34.9
2025-11-21 11:00:00,2025,11,21,11,4,-7,OVEC,35.4
2025-11-21 12:00:00,2025,11,21,12,4,-7,OVEC,36.4
2025-11-21 13:00:00,2025,11,21,13,4,-7,OVEC,36.3
2025-11-21 14:00:00,2025,11,21,14,4,-7,OVEC,34.9
2025-11-21 15:00:00,2025,11,21,15,4,-7,OVEC,35.8
2025-11-21 16:00:00,2025,11,21,16,4,-7,OVEC,35.1
2025-11-21 17:00:00,2025,11,21,17,4,-7,OVEC,36.0
2025-11-21 18:00:00,2025,11,21,18,4,-7,OVEC,34.6
2025-11-21 19:00:00,2025,11,21,19,4,-7,OVEC,34.9
2025-11-21 20:00:00,2025,11,21,20,4,-7,OVEC,35.2
2025-11-21 21:00:00,2025,11,21,21,4,-7,OVEC,33.0
2025-11-21 22:00:00,2025,11,21,22,4,-7,OVEC,33.4
2025-11-21 23:00:00,2025,11,21,23,4,-7,OVEC,32.3
2025-11-22 00:00:00,2025,11,22,0,5,-6,OVEC,32.6
2025-11-22 01:00:00,2025,11,22,1,5,-6,OVEC,33.8
2025-11-22 02:00:00,2025,11,22,2,5,-6,OVEC,34.8
2025-11-22 03:00:00,2025,11,22,3,5,-6,OVEC,34.4
2025-11-22 04:00:00,2025,11,22,4,5,-6,OVEC,35.8
2025-11-22 05:00:00,2025,11,22,5,5,-6,OVEC,36.8
2025-11-22 06:00:00,2025,11,22,6,5,-6,OVEC,35.4
2025-11-22 07:00:00,2025,11,22,7,5,-6,OVEC,36.4
2025-11-22 08:00:00,2025,11,22,8,5,-6,OVEC,36.6
2025-11-22 09:00:00,2025,11,22,9,5,-6,OVEC,36.8
2025-11-22 10:00:00,2025,11,22,10,5,-6,OVEC,33.8
2025-11-22 11:00:00,2025,11,22,11,5,-6,OVEC,34.0
2025-11-22 12:00:00,2025,11,22,12,5,-6,OVEC,33.2
2025-11-22 13:00:00,2025,11,22,13,5,-6,OVEC,33.4
2025-11-22 14:00:00,2025,11,22,14,5,-6,OVEC,33.4
2025-11-22 15:00:00,2025,11,22,15,5,-6,OVEC,34.8
2025-11-22 16:00:00,2025,11,22,16,5,-6,OVEC,37.0
2025-11-22 17:00:00,2025,11,22,17,5,-6,OVEC,33.6
2025-11-22 18:00:00,2025,11,22,18,5,-6,OVEC,36.2
2025-11-22 19:00:00,2025,11,22,19,5,-6,OVEC,34.6
2025-11-22 20:00:00,2025,11,22,20,5,-6,OVEC,34.2
2025-11-22 21:00:00,2025,11,22,21,5,-6,OVEC,31.6
2025-11-22 22:00:00,2025,11,22,22,5,-6,OVEC,32.0
2025-11-22 23:00:00,2025,11,22,23,5,-6,OVEC,31.0
2025-11-23 00:00:00,2025,11,23,0,6,-5,OVEC,32.8
2025-11-23 01:00:00,2025,11,23,1,6,-5,OVEC,34.0
2025-11-23 02:00:00,2025,11,23,2,6,-5,OVEC,32.2
2025-11-23 03:00:00,2025,11,23,3,6,-5,OVEC,33.2
2025-11-23 04:00:00,2025,11,23,4,6,-5,OVEC,35.4
2025-11-23 05:00:00,2025,11,23,5,6,-5,OVEC,33.0
2025-11-23 06:00:00,2025,11,23,6,6,-5,OVEC,37.4
2025-11-23 07:00:00,2025,11,23,7,6,-5,OVEC,37.0
2025-11-23 08:00:00,2025,11,23,8,6,-5,OVEC,37.8
2025-11-23 09:00:00,2025,11,23,9,6,-5,OVEC,37.2
2025-11-23 10:00:00,2025,11,23,10,6,-5,OVEC,38.0
2025-11-23 11:00:00,2025,11,23,11,6,-5,OVEC,40.0
2025-11-23 12:00:00,2025,11,23,12,6,-5,OVEC,39.8
2025-11-23 13:00:00,2025,11,23,13,6,-5,OVEC,39.4
2025-11-23 14:00:00,2025,11,23,14,6,-5,OVEC,40.6
2025-11-23 15:00:00,2025,11,23,15,6,-5,OVEC,42.2
2025-11-23 16:00:00,2025,11,23,16,6,-5,OVEC,43.0
2025-11-23 17:00:00,2025,11,23,17,6,-5,OVEC,39.4
2025-11-23 18:00:00,2025,11,23,18,6,-5,OVEC,39.6
2025-11-23 19:00:00,2025,11,23,19,6,-5,OVEC,38.0
2025-11-23 20:00:00,2025,11,23,20,6,-5,OVEC,35.4
2025-11-23 21:00:00,2025,11,23,21,6,-5,OVEC,36.8
2025-11-23 22:00:00,2025,11,23,22,6,-5,OVEC,36.2
2025-11-23 23:00:00,2025,11,23,23,6,-5,OVEC,35.8
2025-11-24 00:00:00,2025,11,24,0,0,-4,OVEC,36.0
2025-11-24 01:00:00,2025,11,24,1,0,-4,OVEC,34.8
2025-11-24 02:00:00,2025,11,24,2,0,-4,OVEC,34.8
2025-11-24 03:00:00,2025,11,24,3,0,-4,OVEC,35.8
2025-11-24 04:00:00,2025,11,24,4,0,-4,OVEC,35.6
2025-11-24 05:00:00,2025,11,24,5,0,-4,OVEC,34.8
2025-11-24 06:00:00,2025,11,24,6,0,-4,OVEC,38.0
2025-11-24 07:00:00,2025,11,24,7,0,-4,OVEC,36.2
2025-11-24 08:00:00,2025,11,24,8,0,-4,OVEC,36.6
2025-11-24 09:00:00,2025,11,24,9,0,-4,OVEC,38.6
2025-11-24 10:00:00,2025,11,24,10,0,-4,OVEC,36.4
2025-11-24 11:00:00,2025,11,24,11,0,-4,OVEC,35.2
2025-11-24 12:00:00,2025,11,24,12,0,-4,OVEC,39.0
2025-11-24 13:00:00,2025,11,24,13,0,-4,OVEC,35.6
2025-11-24 14:00:00,2025,11,24,14,0,-4,OVEC,36.4
2025-11-24 15:00:00,2025,11,24,15,0,-4,OVEC,38.2
2025-11-24 16:00:00,2025,11,24,16,0,-4,OVEC,37.0
2025-11-24 17:00:00,2025,11,24,17,0,-4,OVEC,39.8
2025-11-24 18:00:00,2025,11,24,18,0,-4,OVEC,40.2
2025-11-24 19:00:00,2025,11,24,19,0,-4,OVEC,38.0
2025-11-24 20:00:00,2025,11,24,20,0,-4,OVEC,39.0
2025-11-24 21:00:00,2025,11,24,21,0,-4,OVEC,36.0
2025-11-24 22:00:00,2025,11,24,22,0,-4,OVEC,37.6
2025-11-24 23:00:00,2025,11,24,23,0,-4,OVEC,35.2
2025-11-25 00:00:00,2025,11,25,0,1,-3,OVEC,34.2
2025-11-25 01:00:00,2025,11,25,1,1,-3,OVEC,33.8
2025-11-25 02:00:00,2025,11,25,2,1,-3,OVEC,35.8
2025-11-25 03:00:00,2025,11,25,3,1,-3,OVEC,36.2
2025-11-25 04:00:00,2025,11,25,4,1,-3,OVEC,36.4
2025-11-25 05:00:00,2025,11,25,5,1,-3,OVEC,36.0
2025-11-25 06:00:00,2025,11,25,6,1,-3,OVEC,37.4
2025-11-25 07:00:00,2025,11,25,7,1,-3,OVEC,39.0
2025-11-25 08:00:00,2025,11,25,8,1,-3,OVEC,39.0
2025-11-25 09:00:00,2025,11,25,9,1,-3,OVEC,37.4
2025-11-25 10:00:00,2025,11,25,10,1,-3,OVEC,35.6
2025-11-25 11:00:00,2025,11,25,11,1,-3,OVEC,36.0
2025-11-25 12:00:00,2025,11,25,12,1,-3,OVEC,39.0
2025-11-25 13:00:00,2025,11,25,13,1,-3,OVEC,36.4
2025-11-25 14:00:00,2025,11,25,14,1,-3,OVEC,37.4
2025-11-25 15:00:00,2025,11,25,15,1,-3,OVEC,40.2
2025-11-25 16:00:00,2025,11,25,16,1,-3,OVEC,50.4
2025-11-25 17:00:00,2025,11,25,17,1,-3,OVEC,37.4
2025-11-25 18:00:00,2025,11,25,18,1,-3,OVEC,41.4
2025-11-25 19:00:00,2025,11,25,19,1,-3,OVEC,35.8
2025-11-25 20:00:00,2025,11,25,20,1,-3,OVEC,37.0
2025-11-25 21:00:00,2025,11,25,21,1,-3,OVEC,36.4
2025-11-25 22:00:00,2025,11,25,22,1,-3,OVEC,36.0
2025-11-25 23:00:00,2025,11,25,23,1,-3,OVEC,35.8
2025-11-26 00:00:00,2025,11,26,0,2,-2,OVEC,35.1
2025-11-26 01:00:00,2025,11,26,1,2,-2,OVEC,34.9
2025-11-26 02:00:00,2025,11,26,2,2,-2,OVEC,34.9
2025-11-26 03:00:00,2025,11,26,3,2,-2,OVEC,34.4
2025-11-26 04:00:00,2025,11,26,4,2,-2,OVEC,35.9
2025-11-26 05:00:00,2025,11,26,5,2,-2,OVEC,36.9
2025-11-26 06:00:00,2025,11,26,6,2,-2,OVEC,40.0
2025-11-26 07:00:00,2025,11,26,7,2,-2,OVEC,40.5
2025-11-26 08:00:00,2025,11,26,8,2,-2,OVEC,41.5
2025-11-26 09:00:00,2025,11,26,9,2,-2,OVEC,42.3
2025-11-26 10:00:00,2025,11,26,10,2,-2,OVEC,38.8
2025-11-26 11:00:00,2025,11,26,11,2,-2,OVEC,39.7
2025-11-26 12:00:00,2025,11,26,12,2,-2,OVEC,38.2
2025-11-26 13:00:00,2025,11,26,13,2,-2,OVEC,38.8
2025-11-26 14:00:00,2025,11,26,14,2,-2,OVEC,38.2
2025-11-26 15:00:00,2025,11,26,15,2,-2,OVEC,38.3
2025-11-26 16:00:00,2025,11,26,16,2,-2,OVEC,39.4
2025-11-26 17:00:00,2025,11,26,17,2,-2,OVEC,37.5
2025-11-26 18:00:00,2025,11,26,18,2,-2,OVEC,37.9
2025-11-26 19:00:00,2025,11,26,19,2,-2,OVEC,41.5
2025-11-26 20:00:00,2025,11,26,20,2,-2,OVEC,38.5
2025-11-26 21:00:00,2025,11,26,21,2,-2,OVEC,39.6
2025-11-26 22:00:00,2025,11,26,22,2,-2,OVEC,39.2
2025-11-26 23:00:00,2025,11,26,23,2,-2,OVEC,37.7
2025-11-27 00:00:00,2025,11,27,0,3,-1,OVEC,37.4
2025-11-27 01:00:00,2025,11,27,1,3,-1,OVEC,37.1
2025-11-27 02:00:00,2025,11,27,2,3,-1,OVEC,36.7
2025-11-27 03:00:00,2025,11,27,3,3,-1,OVEC,35.4
2025-11-27 04:00:00,2025,11,27,4,3,-1,OVEC,36.9
2025-11-27 05:00:00,2025,11,27,5,3,-1,OVEC,38.3
2025-11-27 06:00:00,2025,11,27,6,3,-1,OVEC,38.0
2025-11-27 07:00:00,2025,11,27,7,3,-1,OVEC,38.2
2025-11-27 08:00:00,2025,11,27,8,3,-1,OVEC,38.3
2025-11-27 09:00:00,2025,11,27,9,3,-1,OVEC,38.1
2025-11-27 10:00:00,2025,11,27,10,3,-1,OVEC,37.5
2025-11-27 11:00:00,2025,11,27,11,3,-1,OVEC,35.5
2025-11-27 12:00:00,2025,11,27,12,3,-1,OVEC,35.8
2025-11-27 13:00:00,2025,11,27,13,3,-1,OVEC,36.0
2025-11-27 14:00:00,2025,11,27,14,3,-1,OVEC,34.8
2025-11-27 15:00:00,2025,11,27,15,3,-1,OVEC,36.9
2025-11-27 16:00:00,2025,11,27,16,3,-1,OVEC,36.7
2025-11-27 17:00:00,2025,11,27,17,3,-1,OVEC,41.1
2025-11-27 18:00:00,2025,11,27,18,3,-1,OVEC,39.0
2025-11-27 19:00:00,2025,11,27,19,3,-1,OVEC,38.1
2025-11-27 20:00:00,2025,11,27,20,3,-1,OVEC,37.1
2025-11-27 21:00:00,2025,11,27,21,3,-1,OVEC,36.2
2025-11-27 22:00:00,2025,11,27,22,3,-1,OVEC,35.0
2025-11-27 23:00:00,2025,11,27,23,3,-1,OVEC,35.3
2025-11-28 00:00:00,2025,11,28,0,4,0,OVEC,34.5
2025-11-28 01:00:00,2025,11,28,1,4,0,OVEC,35.6
2025-11-28 02:00:00,2025,11,28,2,4,0,OVEC,35.2
2025-11-28 03:00:00,2025,11,28,3,4,0,OVEC,36.5
2025-11-28 04:00:00,2025,11,28,4,4,0,OVEC,36.1
2025-11-28 05:00:00,2025,11,28,5,4,0,OVEC,35.8
2025-11-28 06:00:00,2025,11,28,6,4,0,OVEC,36.2
2025-11-28 07:00:00,2025,11,28,7,4,0,OVEC,36.0
2025-11-28 08:00:00,2025,11,28,8,4,0,OVEC,34.2
2025-11-28 09:00:00,2025,11,28,9,4,0,OVEC,34.1
2025-11-28 10:00:00,2025,11,28,10,4,0,OVEC,34.9
2025-11-28 11:00:00,2025,11,28,11,4,0,OVEC,35.4
2025-11-28 12:00:00,2025,11,28,12,4,0,OVEC,36.4
2025-11-28 13:00:00,2025,11,28,13,4,0,OVEC,36.3
2025-11-28 14:00:00,2025,11,28,14,4,0,OVEC,34.9
2025-11-28 15:00:00,2025,11,28,15,4,0,OVEC,35.8
2025-11-28 16:00:00,2025,11,28,16,4,0,OVEC,35.1
2025-11-28 17:00:00,2025,11,28,17,4,0,OVEC,36.0
2025-11-28 18:00:00,2025,11,28,18,4,0,OVEC,34.6
2025-11-28 19:00:00,2025,11,28,19,4,0,OVEC,34.9
2025-11-28 20:00:00,2025,11,28,20,4,0,OVEC,35.2
2025-11-28 21:00:00,2025,11,28,21,4,0,OVEC,33.0
2025-11-28 22:00:00,2025,11,28,22,4,0,OVEC,33.4
2025-11-28 23:00:00,2025,11,28,23,4,0,OVEC,32.3
2025-11-19 00:00:00,2025,11,19,0,2,-9,PAPWR,507.4932
2025-11-19 01:00:00,2025,11,19,1,2,-9,PAPWR,504.4126
2025-11-19 02:00:00,2025,11,19,2,2,-9,PAPWR,490.6924
2025-11-19 03:00:00,2025,11,19,3,2,-9,PAPWR,497.11469999999997
2025-11-19 04:00:00,2025,11,19,4,2,-9,PAPWR,505.95110000000005
2025-11-19 05:00:00,2025,11,19,5,2,-9,PAPWR,532.8951
2025-11-19 06:00:00,2025,11,19,6,2,-9,PAPWR,573.3921
2025-11-19 07:00:00,2025,11,19,7,2,-9,PAPWR,605.4707000000001
2025-11-19 08:00:00,2025,11,19,8,2,-9,PAPWR,606.3941
2025-11-19 09:00:00,2025,11,19,9,2,-9,PAPWR,594.3037
2025-11-19 10:00:00,2025,11,19,10,2,-9,PAPWR,592.5618000000001
2025-11-19 11:00:00,2025,11,19,11,2,-9,PAPWR,581.6698
2025-11-19 12:00:00,2025,11,19,12,2,-9,PAPWR,566.5287000000001
2025-11-19 13:00:00,2025,11,19,13,2,-9,PAPWR,561.4438
2025-11-19 14:00:00,2025,11,19,14,2,-9,PAPWR,552.0328
2025-11-19 15:00:00,2025,11,19,15,2,-9,PAPWR,542.428
2025-11-19 16:00:00,2025,11,19,16,2,-9,PAPWR,544.6709
2025-11-19 17:00:00,2025,11,19,17,2,-9,PAPWR,567.476
2025-11-19 18:00:00,2025,11,19,18,2,-9,PAPWR,568.5888
2025-11-19 19:00:00,2025,11,19,19,2,-9,PAPWR,564.1117
2025-11-19 20:00:00,2025,11,19,20,2,-9,PAPWR,556.7921
2025-11-19 21:00:00,2025,11,19,21,2,-9,PAPWR,531.9705
2025-11-19 22:00:00,2025,11,19,22,2,-9,PAPWR,513.6276
2025-11-19 23:00:00,2025,11,19,23,2,-9,PAPWR,485.1812
2025-11-20 00:00:00,2025,11,20,0,3,-8,PAPWR,464.221
2025-11-20 01:00:00,2025,11,20,1,3,-8,PAPWR,453.28180000000003
2025-11-20 02:00:00,2025,11,20,2,3,-8,PAPWR,444.42659999999995
2025-11-20 03:00:00,2025,11,20,3,3,-8,PAPWR,446.24989999999997
2025-11-20 04:00:00,2025,11,20,4,3,-8,PAPWR,453.09970000000004
2025-11-20 05:00:00,2025,11,20,5,3,-8,PAPWR,469.43940000000003
2025-11-20 06:00:00,2025,11,20,6,3,-8,PAPWR,502.33050000000003
2025-11-20 07:00:00,2025,11,20,7,3,-8,PAPWR,527.6328
2025-11-20 08:00:00,2025,11,20,8,3,-8,PAPWR,542.4413
2025-11-20 09:00:00,2025,11,20,9,3,-8,PAPWR,548.1105
2025-11-20 10:00:00,2025,11,20,10,3,-8,PAPWR,547.5406
2025-11-20 11:00:00,2025,11,20,11,3,-8,PAPWR,552.6754
2025-11-20 12:00:00,2025,11,20,12,3,-8,PAPWR,541.3915
2025-11-20 13:00:00,2025,11,20,13,3,-8,PAPWR,529.2337
2025-11-20 14:00:00,2025,11,20,14,3,-8,PAPWR,515.1412
2025-11-20 15:00:00,2025,11,20,15,3,-8,PAPWR,506.8083
2025-11-20 16:00:00,2025,11,20,16,3,-8,PAPWR,507.30069999999995
2025-11-20 17:00:00,2025,11,20,17,3,-8,PAPWR,524.2191
2025-11-20 18:00:00,2025,11,20,18,3,-8,PAPWR,518.577
2025-11-20 19:00:00,2025,11,20,19,3,-8,PAPWR,517.4664
2025-11-20 20:00:00,2025,11,20,20,3,-8,PAPWR,518.9882
2025-11-20 21:00:00,2025,11,20,21,3,-8,PAPWR,503.57250000000005
2025-11-20 22:00:00,2025,11,20,22,3,-8,PAPWR,490.6363
2025-11-20 23:00:00,2025,11,20,23,3,-8,PAPWR,467.216
2025-11-21 00:00:00,2025,11,21,0,4,-7,PAPWR,443.55820000000006
2025-11-21 01:00:00,2025,11,21,1,4,-7,PAPWR,438.45959999999997
2025-11-21 02:00:00,2025,11,21,2,4,-7,PAPWR,432.14639999999997
2025-11-21 03:00:00,2025,11,21,3,4,-7,PAPWR,441.3284
2025-11-21 04:00:00,2025,11,21,4,4,-7,PAPWR,448.89340000000004
2025-11-21 05:00:00,2025,11,21,5,4,-7,PAPWR,470.88059999999996
2025-11-21 06:00:00,2025,11,21,6,4,-7,PAPWR,500.2901
2025-11-21 07:00:00,2025,11,21,7,4,-7,PAPWR,523.3140000000001
2025-11-21 08:00:00,2025,11,21,8,4,-7,PAPWR,540.4408000000001
2025-11-21 09:00:00,2025,11,21,9,4,-7,PAPWR,550.3513
2025-11-21 10:00:00,2025,11,21,10,4,-7,PAPWR,553.5254
2025-11-21 11:00:00,2025,11,21,11,4,-7,PAPWR,554.1637000000001
2025-11-21 12:00:00,2025,11,21,12,4,-7,PAPWR,552.5854
2025-11-21 13:00:00,2025,11,21,13,4,-7,PAPWR,544.5523000000001
2025-11-21 14:00:00,2025,11,21,14,4,-7,PAPWR,540.232
2025-11-21 15:00:00,2025,11,21,15,4,-7,PAPWR,532.1569
2025-11-21 16:00:00,2025,11,21,16,4,-7,PAPWR,543.0808
2025-11-21 17:00:00,2025,11,21,17,4,-7,PAPWR,556.0608
2025-11-21 18:00:00,2025,11,21,18,4,-7,PAPWR,558.6443
2025-11-21 19:00:00,2025,11,21,19,4,-7,PAPWR,558.4027
2025-11-21 20:00:00,2025,11,21,20,4,-7,PAPWR,544.1173
2025-11-21 21:00:00,2025,11,21,21,4,-7,PAPWR,533.4846
2025-11-21 22:00:00,2025,11,21,22,4,-7,PAPWR,507.06080000000003
2025-11-21 23:00:00,2025,11,21,23,4,-7,PAPWR,492.5557
2025-11-22 00:00:00,2025,11,22,0,5,-6,PAPWR,505.425
2025-11-22 01:00:00,2025,11,22,1,5,-6,PAPWR,503.5254
2025-11-22 02:00:00,2025,11,22,2,5,-6,PAPWR,491.9772
2025-11-22 03:00:00,2025,11,22,3,5,-6,PAPWR,495.84139999999996
2025-11-22 04:00:00,2025,11,22,4,5,-6,PAPWR,495.0232
2025-11-22 05:00:00,2025,11,22,5,5,-6,PAPWR,507.1196
2025-11-22 06:00:00,2025,11,22,6,5,-6,PAPWR,529.6956
2025-11-22 07:00:00,2025,11,22,7,5,-6,PAPWR,542.9448
2025-11-22 08:00:00,2025,11,22,8,5,-6,PAPWR,566.2692
2025-11-22 09:00:00,2025,11,22,9,5,-6,PAPWR,571.0174
2025-11-22 10:00:00,2025,11,22,10,5,-6,PAPWR,571.5588
2025-11-22 11:00:00,2025,11,22,11,5,-6,PAPWR,566.9254
2025-11-22 12:00:00,2025,11,22,12,5,-6,PAPWR,558.9404000000001
2025-11-22 13:00:00,2025,11,22,13,5,-6,PAPWR,548.4458000000001
2025-11-22 14:00:00,2025,11,22,14,5,-6,PAPWR,542.3654
2025-11-22 15:00:00,2025,11,22,15,5,-6,PAPWR,544.1186
2025-11-22 16:00:00,2025,11,22,16,5,-6,PAPWR,555.4022
2025-11-22 17:00:00,2025,11,22,17,5,-6,PAPWR,583.6134
2025-11-22 18:00:00,2025,11,22,18,5,-6,PAPWR,583.0956
2025-11-22 19:00:00,2025,11,22,19,5,-6,PAPWR,572.967
2025-11-22 20:00:00,2025,11,22,20,5,-6,PAPWR,571.2408
2025-11-22 21:00:00,2025,11,22,21,5,-6,PAPWR,550.3752
2025-11-22 22:00:00,2025,11,22,22,5,-6,PAPWR,525.7598
2025-11-22 23:00:00,2025,11,22,23,5,-6,PAPWR,507.3412
2025-11-23 00:00:00,2025,11,23,0,6,-5,PAPWR,495.5416
2025-11-23 01:00:00,2025,11,23,1,6,-5,PAPWR,479.71840000000003
2025-11-23 02:00:00,2025,11,23,2,6,-5,PAPWR,488.19320000000005
2025-11-23 03:00:00,2025,11,23,3,6,-5,PAPWR,488.0402
2025-11-23 04:00:00,2025,11,23,4,6,-5,PAPWR,491.48519999999996
2025-11-23 05:00:00,2025,11,23,5,6,-5,PAPWR,503.078
2025-11-23 06:00:00,2025,11,23,6,6,-5,PAPWR,518.2488000000001
2025-11-23 07:00:00,2025,11,23,7,6,-5,PAPWR,542.3586
2025-11-23 08:00:00,2025,11,23,8,6,-5,PAPWR,555.546
2025-11-23 09:00:00,2025,11,23,9,6,-5,PAPWR,563.1306
2025-11-23 10:00:00,2025,11,23,10,6,-5,PAPWR,568.6324
2025-11-23 11:00:00,2025,11,23,11,6,-5,PAPWR,555.6701999999999
2025-11-23 12:00:00,2025,11,23,12,6,-5,PAPWR,561.511
2025-11-23 13:00:00,2025,11,23,13,6,-5,PAPWR,545.6002000000001
2025-11-23 14:00:00,2025,11,23,14,6,-5,PAPWR,544.8534
2025-11-23 15:00:00,2025,11,23,15,6,-5,PAPWR,551.6282
2025-11-23 16:00:00,2025,11,23,16,6,-5,PAPWR,564.1132
2025-11-23 17:00:00,2025,11,23,17,6,-5,PAPWR,590.4603999999999
2025-11-23 18:00:00,2025,11,23,18,6,-5,PAPWR,592.1446
2025-11-23 19:00:00,2025,11,23,19,6,-5,PAPWR,586.9972
2025-11-23 20:00:00,2025,11,23,20,6,-5,PAPWR,571.392
2025-11-23 21:00:00,2025,11,23,21,6,-5,PAPWR,557.0982
2025-11-23 22:00:00,2025,11,23,22,6,-5,PAPWR,537.4871999999999
2025-11-23 23:00:00,2025,11,23,23,6,-5,PAPWR,520.0728
2025-11-24 00:00:00,2025,11,24,0,0,-4,PAPWR,514.055
2025-11-24 01:00:00,2025,11,24,1,0,-4,PAPWR,513.2470000000001
2025-11-24 02:00:00,2025,11,24,2,0,-4,PAPWR,503.0068
2025-11-24 03:00:00,2025,11,24,3,0,-4,PAPWR,508.14639999999997
2025-11-24 04:00:00,2025,11,24,4,0,-4,PAPWR,523.3095999999999
2025-11-24 05:00:00,2025,11,24,5,0,-4,PAPWR,550.7326
2025-11-24 06:00:00,2025,11,24,6,0,-4,PAPWR,598.7909999999999
2025-11-24 07:00:00,2025,11,24,7,0,-4,PAPWR,620.2794
2025-11-24 08:00:00,2025,11,24,8,0,-4,PAPWR,624.5953999999999
2025-11-24 09:00:00,2025,11,24,9,0,-4,PAPWR,623.3743999999999
2025-11-24 10:00:00,2025,11,24,10,0,-4,PAPWR,614.29
2025-11-24 11:00:00,2025,11,24,11,0,-4,PAPWR,612.8494000000001
2025-11-24 12:00:00,2025,11,24,12,0,-4,PAPWR,594.5108
2025-11-24 13:00:00,2025,11,24,13,0,-4,PAPWR,609.3788000000001
2025-11-24 14:00:00,2025,11,24,14,0,-4,PAPWR,595.9412
2025-11-24 15:00:00,2025,11,24,15,0,-4,PAPWR,588.837
2025-11-24 16:00:00,2025,11,24,16,0,-4,PAPWR,589.9926
2025-11-24 17:00:00,2025,11,24,17,0,-4,PAPWR,618.9136000000001
2025-11-24 18:00:00,2025,11,24,18,0,-4,PAPWR,632.9562
2025-11-24 19:00:00,2025,11,24,19,0,-4,PAPWR,615.5766
2025-11-24 20:00:00,2025,11,24,20,0,-4,PAPWR,600.2712
2025-11-24 21:00:00,2025,11,24,21,0,-4,PAPWR,585.895
2025-11-24 22:00:00,2025,11,24,22,0,-4,PAPWR,557.7214
2025-11-24 23:00:00,2025,11,24,23,0,-4,PAPWR,535.1748
2025-11-25 00:00:00,2025,11,25,0,1,-3,PAPWR,525.5498
2025-11-25 01:00:00,2025,11,25,1,1,-3,PAPWR,512.5674
2025-11-25 02:00:00,2025,11,25,2,1,-3,PAPWR,498.87340000000006
2025-11-25 03:00:00,2025,11,25,3,1,-3,PAPWR,506.51120000000003
2025-11-25 04:00:00,2025,11,25,4,1,-3,PAPWR,517.441
2025-11-25 05:00:00,2025,11,25,5,1,-3,PAPWR,546.2719999999999
2025-11-25 06:00:00,2025,11,25,6,1,-3,PAPWR,591.817
2025-11-25 07:00:00,2025,11,25,7,1,-3,PAPWR,646.1746
2025-11-25 08:00:00,2025,11,25,8,1,-3,PAPWR,647.4516
2025-11-25 09:00:00,2025,11,25,9,1,-3,PAPWR,635.302
2025-11-25 10:00:00,2025,11,25,10,1,-3,PAPWR,629.7188
2025-11-25 11:00:00,2025,11,25,11,1,-3,PAPWR,615.3872
2025-11-25 12:00:00,2025,11,25,12,1,-3,PAPWR,616.3554
2025-11-25 13:00:00,2025,11,25,13,1,-3,PAPWR,602.5308
2025-11-25 14:00:00,2025,11,25,14,1,-3,PAPWR,586.8704
2025-11-25 15:00:00,2025,11,25,15,1,-3,PAPWR,577.8232
2025-11-25 16:00:00,2025,11,25,16,1,-3,PAPWR,602.9168
2025-11-25 17:00:00,2025,11,25,17,1,-3,PAPWR,623.5184
2025-11-25 18:00:00,2025,11,25,18,1,-3,PAPWR,614.9264000000001
2025-11-25 19:00:00,2025,11,25,19,1,-3,PAPWR,614.9564
2025-11-25 20:00:00,2025,11,25,20,1,-3,PAPWR,606.9216
2025-11-25 21:00:00,2025,11,25,21,1,-3,PAPWR,574.583
2025-11-25 22:00:00,2025,11,25,22,1,-3,PAPWR,553.0932
2025-11-25 23:00:00,2025,11,25,23,1,-3,PAPWR,527.1884
2025-11-26 00:00:00,2025,11,26,0,2,-2,PAPWR,507.4932
2025-11-26 01:00:00,2025,11,26,1,2,-2,PAPWR,504.4126
2025-11-26 02:00:00,2025,11,26,2,2,-2,PAPWR,490.6924
2025-11-26 03:00:00,2025,11,26,3,2,-2,PAPWR,497.11469999999997
2025-11-26 04:00:00,2025,11,26,4,2,-2,PAPWR,505.95110000000005
2025-11-26 05:00:00,2025,11,26,5,2,-2,PAPWR,532.8951
2025-11-26 06:00:00,2025,11,26,6,2,-2,PAPWR,573.3921
2025-11-26 07:00:00,2025,11,26,7,2,-2,PAPWR,605.4707000000001
2025-11-26 08:00:00,2025,11,26,8,2,-2,PAPWR,606.3941
2025-11-26 09:00:00,2025,11,26,9,2,-2,PAPWR,594.3037
2025-11-26 10:00:00,2025,11,26,10,2,-2,PAPWR,592.5618000000001
2025-11-26 11:00:00,2025,11,26,11,2,-2,PAPWR,581.6698
2025-11-26 12:00:00,2025,11,26,12,2,-2,PAPWR,566.5287000000001
2025-11-26 13:00:00,2025,11,26,13,2,-2,PAPWR,561.4438
2025-11-26 14:00:00,2025,11,26,14,2,-2,PAPWR,552.0328
2025-11-26 15:00:00,2025,11,26,15,2,-2,PAPWR,542.428
2025-11-26 16:00:00,2025,11,26,16,2,-2,PAPWR,544.6709
2025-11-26 17:00:00,2025,11,26,17,2,-2,PAPWR,567.476
2025-11-26 18:00:00,2025,11,26,18,2,-2,PAPWR,568.5888
2025-11-26 19:00:00,2025,11,26,19,2,-2,PAPWR,564.1117
2025-11-26 20:00:00,2025,11,26,20,2,-2,PAPWR,556.7921
2025-11-26 21:00:00,2025,11,26,21,2,-2,PAPWR,531.9705
2025-11-26 22:00:00,2025,11,26,22,2,-2,PAPWR,513.6276
2025-11-26 23:00:00,2025,11,26,23,2,-2,PAPWR,485.1812
2025-11-27 00:00:00,2025,11,27,0,3,-1,PAPWR,464.221
2025-11-27 01:00:00,2025,11,27,1,3,-1,PAPWR,453.28180000000003
2025-11-27 02:00:00,2025,11,27,2,3,-1,PAPWR,444.42659999999995
2025-11-27 03:00:00,2025,11,27,3,3,-1,PAPWR,446.24989999999997
2025-11-27 04:00:00,2025,11,27,4,3,-1,PAPWR,453.09970000000004
2025-11-27 05:00:00,2025,11,27,5,3,-1,PAPWR,469.43940000000003
2025-11-27 06:00:00,2025,11,27,6,3,-1,PAPWR,502.33050000000003
2025-11-27 07:00:00,2025,11,27,7,3,-1,PAPWR,527.6328
2025-11-27 08:00:00,2025,11,27,8,3,-1,PAPWR,542.4413
2025-11-27 09:00:00,2025,11,27,9,3,-1,PAPWR,548.1105
2025-11-27 10:00:00,2025,11,27,10,3,-1,PAPWR,547.5406
2025-11-27 11:00:00,2025,11,27,11,3,-1,PAPWR,552.6754
2025-11-27 12:00:00,2025,11,27,12,3,-1,PAPWR,541.3915
2025-11-27 13:00:00,2025,11,27,13,3,-1,PAPWR,529.2337
2025-11-27 14:00:00,2025,11,27,14,3,-1,PAPWR,515.1412
2025-11-27 15:00:00,2025,11,27,15,3,-1,PAPWR,506.8083
2025-11-27 16:00:00,2025,11,27,16,3,-1,PAPWR,507.30069999999995
2025-11-27 17:00:00,2025,11,27,17,3,-1,PAPWR,524.2191
2025-11-27 18:00:00,2025,11,27,18,3,-1,PAPWR,518.577
2025-11-27 19:00:00,2025,11,27,19,3,-1,PAPWR,517.4664
2025-11-27 20:00:00,2025,11,27,20,3,-1,PAPWR,518.9882
2025-11-27 21:00:00,2025,11,27,21,3,-1,PAPWR,503.57250000000005
2025-11-27 22:00:00,2025,11,27,22,3,-1,PAPWR,490.6363
2025-11-27 23:00:00,2025,11,27,23,3,-1,PAPWR,467.216
2025-11-28 00:00:00,2025,11,28,0,4,0,PAPWR,443.55820000000006
2025-11-28 01:00:00,2025,11,28,1,4,0,PAPWR,438.45959999999997
2025-11-28 02:00:00,2025,11,28,2,4,0,PAPWR,432.14639999999997
2025-11-28 03:00:00,2025,11,28,3,4,0,PAPWR,441.3284
2025-11-28 04:00:00,2025,11,28,4,4,0,PAPWR,448.89340000000004
2025-11-28 05:00:00,2025,11,28,5,4,0,PAPWR,470.88059999999996
2025-11-28 06:00:00,2025,11,28,6,4,0,PAPWR,500.2901
2025-11-28 07:00:00,2025,11,28,7,4,0,PAPWR,523.3140000000001
2025-11-28 08:00:00,2025,11,28,8,4,0,PAPWR,540.4408000000001
2025-11-28 09:00:00,2025,11,28,9,4,0,PAPWR,550.3513
2025-11-28 10:00:00,2025,11,28,10,4,0,PAPWR,553.5254
2025-11-28 11:00:00,2025,11,28,11,4,0,PAPWR,554.1637000000001
2025-11-28 12:00:00,2025,11,28,12,4,0,PAPWR,552.5854
2025-11-28 13:00:00,2025,11,28,13,4,0,PAPWR,544.5523000000001
2025-11-28 14:00:00,2025,11,28,14,4,0,PAPWR,540.232
2025-11-28 15:00:00,2025,11,28,15,4,0,PAPWR,532.1569
2025-11-28 16:00:00,2025,11,28,16,4,0,PAPWR,543.0808
2025-11-28 17:00:00,2025,11,28,17,4,0,PAPWR,556.0608
2025-11-28 18:00:00,2025,11,28,18,4,0,PAPWR,558.6443
2025-11-28 19:00:00,2025,11,28,19,4,0,PAPWR,558.4027
2025-11-28 20:00:00,2025,11,28,20,4,0,PAPWR,544.1173
2025-11-28 21:00:00,2025,11,28,21,4,0,PAPWR,533.4846
2025-11-28 22:00:00,2025,11,28,22,4,0,PAPWR,507.06080000000003
2025-11-28 23:00:00,2025,11,28,23,4,0,PAPWR,492.5557
2025-11-19 00:00:00,2025,11,19,0,2,-9,PE,3678.4523999999997
2025-11-19 01:00:00,2025,11,19,1,2,-9,PE,3573.406
2025-11-19 02:00:00,2025,11,19,2,2,-9,PE,3522.7332
2025-11-19 03:00:00,2025,11,19,3,2,-9,PE,3529.7241000000004
2025-11-19 04:00:00,2025,11,19,4,2,-9,PE,3643.6059999999998
2025-11-19 05:00:00,2025,11,19,5,2,-9,PE,3927.5606
2025-11-19 06:00:00,2025,11,19,6,2,-9,PE,4255.100100000001
2025-11-19 07:00:00,2025,11,19,7,2,-9,PE,4487.079299999999
2025-11-19 08:00:00,2025,11,19,8,2,-9,PE,4515.5062
2025-11-19 09:00:00,2025,11,19,9,2,-9,PE,4455.2803
2025-11-19 10:00:00,2025,11,19,10,2,-9,PE,4390.1202
2025-11-19 11:00:00,2025,11,19,11,2,-9,PE,4343.7267
2025-11-19 12:00:00,2025,11,19,12,2,-9,PE,4318.4357
2025-11-19 13:00:00,2025,11,19,13,2,-9,PE,4276.811
2025-11-19 14:00:00,2025,11,19,14,2,-9,PE,4241.2919
2025-11-19 15:00:00,2025,11,19,15,2,-9,PE,4268.1476999999995
2025-11-19 16:00:00,2025,11,19,16,2,-9,PE,4418.2412
2025-11-19 17:00:00,2025,11,19,17,2,-9,PE,4643.2842
2025-11-19 18:00:00,2025,11,19,18,2,-9,PE,4615.7666
2025-11-19 19:00:00,2025,11,19,19,2,-9,PE,4512.999900000001
2025-11-19 20:00:00,2025,11,19,20,2,-9,PE,4400.472
2025-11-19 21:00:00,2025,11,19,21,2,-9,PE,4219.920700000001
2025-11-19 22:00:00,2025,11,19,22,2,-9,PE,3974.1439
2025-11-19 23:00:00,2025,11,19,23,2,-9,PE,3749.1167
2025-11-20 00:00:00,2025,11,20,0,3,-8,PE,3586.8915
2025-11-20 01:00:00,2025,11,20,1,3,-8,PE,3478.9411
2025-11-20 02:00:00,2025,11,20,2,3,-8,PE,3433.9593
2025-11-20 03:00:00,2025,11,20,3,3,-8,PE,3431.1173000000003
2025-11-20 04:00:00,2025,11,20,4,3,-8,PE,3513.5551
2025-11-20 05:00:00,2025,11,20,5,3,-8,PE,3716.2942000000003
2025-11-20 06:00:00,2025,11,20,6,3,-8,PE,3970.3767
2025-11-20 07:00:00,2025,11,20,7,3,-8,PE,4141.634
2025-11-20 08:00:00,2025,11,20,8,3,-8,PE,4239.1408
2025-11-20 09:00:00,2025,11,20,9,3,-8,PE,4253.038
2025-11-20 10:00:00,2025,11,20,10,3,-8,PE,4274.2071000000005
2025-11-20 11:00:00,2025,11,20,11,3,-8,PE,4272.223
2025-11-20 12:00:00,2025,11,20,12,3,-8,PE,4260.1837
2025-11-20 13:00:00,2025,11,20,13,3,-8,PE,4209.5727
2025-11-20 14:00:00,2025,11,20,14,3,-8,PE,4176.9632
2025-11-20 15:00:00,2025,11,20,15,3,-8,PE,4159.9197
2025-11-20 16:00:00,2025,11,20,16,3,-8,PE,4215.0479
2025-11-20 17:00:00,2025,11,20,17,3,-8,PE,4328.3024
2025-11-20 18:00:00,2025,11,20,18,3,-8,PE,4268.8007
2025-11-20 19:00:00,2025,11,20,19,3,-8,PE,4190.1187
2025-11-20 20:00:00,2025,11,20,20,3,-8,PE,4113.4568
2025-11-20 21:00:00,2025,11,20,21,3,-8,PE,3991.8054
2025-11-20 22:00:00,2025,11,20,22,3,-8,PE,3810.7635
2025-11-20 23:00:00,2025,11,20,23,3,-8,PE,3627.7877
2025-11-21 00:00:00,2025,11,21,0,4,-7,PE,3471.3733
2025-11-21 01:00:00,2025,11,21,1,4,-7,PE,3390.8480000000004
2025-11-21 02:00:00,2025,11,21,2,4,-7,PE,3352.3711000000003
2025-11-21 03:00:00,2025,11,21,3,4,-7,PE,3355.5557
2025-11-21 04:00:00,2025,11,21,4,4,-7,PE,3452.9453000000003
2025-11-21 05:00:00,2025,11,21,5,4,-7,PE,3696.2909
2025-11-21 06:00:00,2025,11,21,6,4,-7,PE,3939.9241
2025-11-21 07:00:00,2025,11,21,7,4,-7,PE,4125.3688999999995
2025-11-21 08:00:00,2025,11,21,8,4,-7,PE,4190.556500000001
2025-11-21 09:00:00,2025,11,21,9,4,-7,PE,4200.3604
2025-11-21 10:00:00,2025,11,21,10,4,-7,PE,4208.753500000001
2025-11-21 11:00:00,2025,11,21,11,4,-7,PE,4217.1659
2025-11-21 12:00:00,2025,11,21,12,4,-7,PE,4208.0502
2025-11-21 13:00:00,2025,11,21,13,4,-7,PE,4182.955
2025-11-21 14:00:00,2025,11,21,14,4,-7,PE,4176.9228
2025-11-21 15:00:00,2025,11,21,15,4,-7,PE,4229.0678
2025-11-21 16:00:00,2025,11,21,16,4,-7,PE,4364.6615
2025-11-21 17:00:00,2025,11,21,17,4,-7,PE,4566.759400000001
2025-11-21 18:00:00,2025,11,21,18,4,-7,PE,4523.5999
2025-11-21 19:00:00,2025,11,21,19,4,-7,PE,4427.9541
2025-11-21 20:00:00,2025,11,21,20,4,-7,PE,4323.5413
2025-11-21 21:00:00,2025,11,21,21,4,-7,PE,4165.7088
2025-11-21 22:00:00,2025,11,21,22,4,-7,PE,3979.3641
2025-11-21 23:00:00,2025,11,21,23,4,-7,PE,3795.0697
2025-11-22 00:00:00,2025,11,22,0,5,-6,PE,3603.4768000000004
2025-11-22 01:00:00,2025,11,22,1,5,-6,PE,3505.264
2025-11-22 02:00:00,2025,11,22,2,5,-6,PE,3446.2195999999994
2025-11-22 03:00:00,2025,11,22,3,5,-6,PE,3434.7123999999994
2025-11-22 04:00:00,2025,11,22,4,5,-6,PE,3465.8602
2025-11-22 05:00:00,2025,11,22,5,5,-6,PE,3595.5054000000005
2025-11-22 06:00:00,2025,11,22,6,5,-6,PE,3771.0554
2025-11-22 07:00:00,2025,11,22,7,5,-6,PE,3915.281
2025-11-22 08:00:00,2025,11,22,8,5,-6,PE,4040.6246
2025-11-22 09:00:00,2025,11,22,9,5,-6,PE,4058.0552000000002
2025-11-22 10:00:00,2025,11,22,10,5,-6,PE,4036.3131999999996
2025-11-22 11:00:00,2025,11,22,11,5,-6,PE,4010.1222000000002
2025-11-22 12:00:00,2025,11,22,12,5,-6,PE,3987.8125999999997
2025-11-22 13:00:00,2025,11,22,13,5,-6,PE,3923.3378
2025-11-22 14:00:00,2025,11,22,14,5,-6,PE,3913.2374000000004
2025-11-22 15:00:00,2025,11,22,15,5,-6,PE,3984.2214
2025-11-22 16:00:00,2025,11,22,16,5,-6,PE,4107.0986
2025-11-22 17:00:00,2025,11,22,17,5,-6,PE,4335.706
2025-11-22 18:00:00,2025,11,22,18,5,-6,PE,4311.0599999999995
2025-11-22 19:00:00,2025,11,22,19,5,-6,PE,4251.1942
2025-11-22 20:00:00,2025,11,22,20,5,-6,PE,4161.3556
2025-11-22 21:00:00,2025,11,22,21,5,-6,PE,4045.1406
2025-11-22 22:00:00,2025,11,22,22,5,-6,PE,3882.2418000000007
2025-11-22 23:00:00,2025,11,22,23,5,-6,PE,3716.0508
2025-11-23 00:00:00,2025,11,23,0,6,-5,PE,3568.8406000000004
2025-11-23 01:00:00,2025,11,23,1,6,-5,PE,3479.8237999999997
2025-11-23 02:00:00,2025,11,23,2,6,-5,PE,3421.6512000000002
2025-11-23 03:00:00,2025,11,23,3,6,-5,PE,3400.9946000000004
2025-11-23 04:00:00,2025,11,23,4,6,-5,PE,3442.2174
2025-11-23 05:00:00,2025,11,23,5,6,-5,PE,3518.3489999999997
2025-11-23 06:00:00,2025,11,23,6,6,-5,PE,3630.6623999999997
2025-11-23 07:00:00,2025,11,23,7,6,-5,PE,3771.9946000000004
2025-11-23 08:00:00,2025,11,23,8,6,-5,PE,3909.096
2025-11-23 09:00:00,2025,11,23,9,6,-5,PE,3976.4536
2025-11-23 10:00:00,2025,11,23,10,6,-5,PE,4000.506
2025-11-23 11:00:00,2025,11,23,11,6,-5,PE,4008.4874000000004
2025-11-23 12:00:00,2025,11,23,12,6,-5,PE,4029.6053999999995
2025-11-23 13:00:00,2025,11,23,13,6,-5,PE,4027.9088
2025-11-23 14:00:00,2025,11,23,14,6,-5,PE,4031.44
2025-11-23 15:00:00,2025,11,23,15,6,-5,PE,4085.6218
2025-11-23 16:00:00,2025,11,23,16,6,-5,PE,4253.0892
2025-11-23 17:00:00,2025,11,23,17,6,-5,PE,4505.0815999999995
2025-11-23 18:00:00,2025,11,23,18,6,-5,PE,4504.6414
2025-11-23 19:00:00,2025,11,23,19,6,-5,PE,4425.3182
2025-11-23 20:00:00,2025,11,23,20,6,-5,PE,4318.6222
2025-11-23 21:00:00,2025,11,23,21,6,-5,PE,4150.1834
2025-11-23 22:00:00,2025,11,23,22,6,-5,PE,3962.3125999999997
2025-11-23 23:00:00,2025,11,23,23,6,-5,PE,3747.2584
2025-11-24 00:00:00,2025,11,24,0,0,-4,PE,3591.7002
2025-11-24 01:00:00,2025,11,24,1,0,-4,PE,3507.4518
2025-11-24 02:00:00,2025,11,24,2,0,-4,PE,3477.7576
2025-11-24 03:00:00,2025,11,24,3,0,-4,PE,3493.139
2025-11-24 04:00:00,2025,11,24,4,0,-4,PE,3617.7300000000005
2025-11-24 05:00:00,2025,11,24,5,0,-4,PE,3899.6318
2025-11-24 06:00:00,2025,11,24,6,0,-4,PE,4297.111
2025-11-24 07:00:00,2025,11,24,7,0,-4,PE,4518.6896
2025-11-24 08:00:00,2025,11,24,8,0,-4,PE,4560.969800000001
2025-11-24 09:00:00,2025,11,24,9,0,-4,PE,4498.674
2025-11-24 10:00:00,2025,11,24,10,0,-4,PE,4434.2106
2025-11-24 11:00:00,2025,11,24,11,0,-4,PE,4406.3996
2025-11-24 12:00:00,2025,11,24,12,0,-4,PE,4366.0554
2025-11-24 13:00:00,2025,11,24,13,0,-4,PE,4334.5766
2025-11-24 14:00:00,2025,11,24,14,0,-4,PE,4297.0486
2025-11-24 15:00:00,2025,11,24,15,0,-4,PE,4309.245199999999
2025-11-24 16:00:00,2025,11,24,16,0,-4,PE,4522.1946
2025-11-24 17:00:00,2025,11,24,17,0,-4,PE,4792.781199999999
2025-11-24 18:00:00,2025,11,24,18,0,-4,PE,4789.4192
2025-11-24 19:00:00,2025,11,24,19,0,-4,PE,4698.8298
2025-11-24 20:00:00,2025,11,24,20,0,-4,PE,4575.3052
2025-11-24 21:00:00,2025,11,24,21,0,-4,PE,4398.9582
2025-11-24 22:00:00,2025,11,24,22,0,-4,PE,4138.7137999999995
2025-11-24 23:00:00,2025,11,24,23,0,-4,PE,3895.1161999999995
2025-11-25 00:00:00,2025,11,25,0,1,-3,PE,3704.5964
2025-11-25 01:00:00,2025,11,25,1,1,-3,PE,3609.5807999999997
2025-11-25 02:00:00,2025,11,25,2,1,-3,PE,3584.5801999999994
2025-11-25 03:00:00,2025,11,25,3,1,-3,PE,3590.2201999999997
2025-11-25 04:00:00,2025,11,25,4,1,-3,PE,3722.4156000000003
2025-11-25 05:00:00,2025,11,25,5,1,-3,PE,4012.9568
2025-11-25 06:00:00,2025,11,25,6,1,-3,PE,4354.8864
2025-11-25 07:00:00,2025,11,25,7,1,-3,PE,4590.4834
2025-11-25 08:00:00,2025,11,25,8,1,-3,PE,4638.2082
2025-11-25 09:00:00,2025,11,25,9,1,-3,PE,4576.2328
2025-11-25 10:00:00,2025,11,25,10,1,-3,PE,4532.472
2025-11-25 11:00:00,2025,11,25,11,1,-3,PE,4491.8346
2025-11-25 12:00:00,2025,11,25,12,1,-3,PE,4448.8712
2025-11-25 13:00:00,2025,11,25,13,1,-3,PE,4397.443
2025-11-25 14:00:00,2025,11,25,14,1,-3,PE,4388.624
2025-11-25 15:00:00,2025,11,25,15,1,-3,PE,4398.0866000000005
2025-11-25 16:00:00,2025,11,25,16,1,-3,PE,4576.294599999999
2025-11-25 17:00:00,2025,11,25,17,1,-3,PE,4802.8498
2025-11-25 18:00:00,2025,11,25,18,1,-3,PE,4789.7914
2025-11-25 19:00:00,2025,11,25,19,1,-3,PE,4694.4002
2025-11-25 20:00:00,2025,11,25,20,1,-3,PE,4580.8252
2025-11-25 21:00:00,2025,11,25,21,1,-3,PE,4410.3944
2025-11-25 22:00:00,2025,11,25,22,1,-3,PE,4155.2026
2025-11-25 23:00:00,2025,11,25,23,1,-3,PE,3904.218
2025-11-26 00:00:00,2025,11,26,0,2,-2,PE,3678.4523999999997
2025-11-26 01:00:00,2025,11,26,1,2,-2,PE,3573.406
2025-11-26 02:00:00,2025,11,26,2,2,-2,PE,3522.7332
2025-11-26 03:00:00,2025,11,26,3,2,-2,PE,3529.7241000000004
2025-11-26 04:00:00,2025,11,26,4,2,-2,PE,3643.6059999999998
2025-11-26 05:00:00,2025,11,26,5,2,-2,PE,3927.5606
2025-11-26 06:00:00,2025,11,26,6,2,-2,PE,4255.100100000001
2025-11-26 07:00:00,2025,11,26,7,2,-2,PE,4487.079299999999
2025-11-26 08:00:00,2025,11,26,8,2,-2,PE,4515.5062
2025-11-26 09:00:00,2025,11,26,9,2,-2,PE,4455.2803
2025-11-26 10:00:00,2025,11,26,10,2,-2,PE,4390.1202
2025-11-26 11:00:00,2025,11,26,11,2,-2,PE,4343.7267
2025-11-26 12:00:00,2025,11,26,12,2,-2,PE,4318.4357
2025-11-26 13:00:00,2025,11,26,13,2,-2,PE,4276.811
2025-11-26 14:00:00,2025,11,26,14,2,-2,PE,4241.2919
2025-11-26 15:00:00,2025,11,26,15,2,-2,PE,4268.1476999999995
2025-11-26 16:00:00,2025,11,26,16,2,-2,PE,4418.2412
2025-11-26 17:00:00,2025,11,26,17,2,-2,PE,4643.2842
2025-11-26 18:00:00,2025,11,26,18,2,-2,PE,4615.7666
2025-11-26 19:00:00,2025,11,26,19,2,-2,PE,4512.999900000001
2025-11-26 20:00:00,2025,11,26,20,2,-2,PE,4400.472
2025-11-26 21:00:00,2025,11,26,21,2,-2,PE,4219.920700000001
2025-11-26 22:00:00,2025,11,26,22,2,-2,PE,3974.1439
2025-11-26 23:00:00,2025,11,26,23,2,-2,PE,3749.1167
2025-11-27 00:00:00,2025,11,27,0,3,-1,PE,3586.8915
2025-11-27 01:00:00,2025,11,27,1,3,-1,PE,3478.9411
2025-11-27 02:00:00,2025,11,27,2,3,-1,PE,3433.9593
2025-11-27 03:00:00,2025,11,27,3,3,-1,PE,3431.1173000000003
2025-11-27 04:00:00,2025,11,27,4,3,-1,PE,3513.5551
2025-11-27 05:00:00,2025,11,27,5,3,-1,PE,3716.2942000000003
2025-11-27 06:00:00,2025,11,27,6,3,-1,PE,3970.3767
2025-11-27 07:00:00,2025,11,27,7,3,-1,PE,4141.634
2025-11-27 08:00:00,2025,11,27,8,3,-1,PE,4239.1408
2025-11-27 09:00:00,2025,11,27,9,3,-1,PE,4253.038
2025-11-27 10:00:00,2025,11,27,10,3,-1,PE,4274.2071000000005
2025-11-27 11:00:00,2025,11,27,11,3,-1,PE,4272.223
2025-11-27 12:00:00,2025,11,27,12,3,-1,PE,4260.1837
2025-11-27 13:00:00,2025,11,27,13,3,-1,PE,4209.5727
2025-11-27 14:00:00,2025,11,27,14,3,-1,PE,4176.9632
2025-11-27 15:00:00,2025,11,27,15,3,-1,PE,4159.9197
2025-11-27 16:00:00,2025,11,27,16,3,-1,PE,4215.0479
2025-11-27 17:00:00,2025,11,27,17,3,-1,PE,4328.3024
2025-11-27 18:00:00,2025,11,27,18,3,-1,PE,4268.8007
2025-11-27 19:00:00,2025,11,27,19,3,-1,PE,4190.1187
2025-11-27 20:00:00,2025,11,27,20,3,-1,PE,4113.4568
2025-11-27 21:00:00,2025,11,27,21,3,-1,PE,3991.8054
2025-11-27 22:00:00,2025,11,27,22,3,-1,PE,3810.7635
2025-11-27 23:00:00,2025,11,27,23,3,-1,PE,3627.7877
2025-11-28 00:00:00,2025,11,28,0,4,0,PE,3471.3733
2025-11-28 01:00:00,2025,11,28,1,4,0,PE,3390.8480000000004
2025-11-28 02:00:00,2025,11,28,2,4,0,PE,3352.3711000000003
2025-11-28 03:00:00,2025,11,28,3,4,0,PE,3355.5557
2025-11-28 04:00:00,2025,11,28,4,4,0,PE,3452.9453000000003
2025-11-28 05:00:00,2025,11,28,5,4,0,PE,3696.2909
2025-11-28 06:00:00,2025,11,28,6,4,0,PE,3939.9241
2025-11-28 07:00:00,2025,11,28,7,4,0,PE,4125.3688999999995
2025-11-28 08:00:00,2025,11,28,8,4,0,PE,4190.556500000001
2025-11-28 09:00:00,2025,11,28,9,4,0,PE,4200.3604
2025-11-28 10:00:00,2025,11,28,10,4,0,PE,4208.753500000001
2025-11-28 11:00:00,2025,11,28,11,4,0,PE,4217.1659
2025-11-28 12:00:00,2025,11,28,12,4,0,PE,4208.0502
2025-11-28 13:00:00,2025,11,28,13,4,0,PE,4182.955
2025-11-28 14:00:00,2025,11,28,14,4,0,PE,4176.9228
2025-11-28 15:00:00,2025,11,28,15,4,0,PE,4229.0678
2025-11-28 16:00:00,2025,11,28,16,4,0,PE,4364.6615
2025-11-28 17:00:00,2025,11,28,17,4,0,PE,4566.759400000001
2025-11-28 18:00:00,2025,11,28,18,4,0,PE,4523.5999
2025-11-28 19:00:00,2025,11,28,19,4,0,PE,4427.9541
2025-11-28 20:00:00,2025,11,28,20,4,0,PE,4323.5413
2025-11-28 21:00:00,2025,11,28,21,4,0,PE,4165.7088
2025-11-28 22:00:00,2025,11,28,22,4,0,PE,3979.3641
2025-11-28 23:00:00,2025,11,28,23,4,0,PE,3795.0697
2025-11-19 00:00:00,2025,11,19,0,2,-9,PEPCO,2294.1771
2025-11-19 01:00:00,2025,11,19,1,2,-9,PEPCO,2219.9772000000003
2025-11-19 02:00:00,2025,11,19,2,2,-9,PEPCO,2203.0014
2025-11-19 03:00:00,2025,11,19,3,2,-9,PEPCO,2207.7465
2025-11-19 04:00:00,2025,11,19,4,2,-9,PEPCO,2289.8965
2025-11-19 05:00:00,2025,11,19,5,2,-9,PEPCO,2478.0723
2025-11-19 06:00:00,2025,11,19,6,2,-9,PEPCO,2759.4129000000003
2025-11-19 07:00:00,2025,11,19,7,2,-9,PEPCO,2901.0534
2025-11-19 08:00:00,2025,11,19,8,2,-9,PEPCO,2898.2675
2025-11-19 09:00:00,2025,11,19,9,2,-9,PEPCO,2797.7488000000003
2025-11-19 10:00:00,2025,11,19,10,2,-9,PEPCO,2701.5025
2025-11-19 11:00:00,2025,11,19,11,2,-9,PEPCO,2660.5987
2025-11-19 12:00:00,2025,11,19,12,2,-9,PEPCO,2640.2053
2025-11-19 13:00:00,2025,11,19,13,2,-9,PEPCO,2617.0262
2025-11-19 14:00:00,2025,11,19,14,2,-9,PEPCO,2615.8103
2025-11-19 15:00:00,2025,11,19,15,2,-9,PEPCO,2673.5344
2025-11-19 16:00:00,2025,11,19,16,2,-9,PEPCO,2770.3321
2025-11-19 17:00:00,2025,11,19,17,2,-9,PEPCO,2907.6751
2025-11-19 18:00:00,2025,11,19,18,2,-9,PEPCO,2847.8019
2025-11-19 19:00:00,2025,11,19,19,2,-9,PEPCO,2774.9124
2025-11-19 20:00:00,2025,11,19,20,2,-9,PEPCO,2708.484
2025-11-19 21:00:00,2025,11,19,21,2,-9,PEPCO,2612.7109
2025-11-19 22:00:00,2025,11,19,22,2,-9,PEPCO,2486.6302
2025-11-19 23:00:00,2025,11,19,23,2,-9,PEPCO,2365.0921000000003
2025-11-20 00:00:00,2025,11,20,0,3,-8,PEPCO,2257.2275999999997
2025-11-20 01:00:00,2025,11,20,1,3,-8,PEPCO,2178.5854
2025-11-20 02:00:00,2025,11,20,2,3,-8,PEPCO,2155.7429
2025-11-20 03:00:00,2025,11,20,3,3,-8,PEPCO,2153.7706
2025-11-20 04:00:00,2025,11,20,4,3,-8,PEPCO,2217.9116999999997
2025-11-20 05:00:00,2025,11,20,5,3,-8,PEPCO,2356.6805
2025-11-20 06:00:00,2025,11,20,6,3,-8,PEPCO,2571.2586
2025-11-20 07:00:00,2025,11,20,7,3,-8,PEPCO,2684.8738000000003
2025-11-20 08:00:00,2025,11,20,8,3,-8,PEPCO,2693.149
2025-11-20 09:00:00,2025,11,20,9,3,-8,PEPCO,2635.4885000000004
2025-11-20 10:00:00,2025,11,20,10,3,-8,PEPCO,2578.7018
2025-11-20 11:00:00,2025,11,20,11,3,-8,PEPCO,2548.9129000000003
2025-11-20 12:00:00,2025,11,20,12,3,-8,PEPCO,2561.8576000000003
2025-11-20 13:00:00,2025,11,20,13,3,-8,PEPCO,2546.7802
2025-11-20 14:00:00,2025,11,20,14,3,-8,PEPCO,2559.6066
2025-11-20 15:00:00,2025,11,20,15,3,-8,PEPCO,2589.6351
2025-11-20 16:00:00,2025,11,20,16,3,-8,PEPCO,2652.0805
2025-11-20 17:00:00,2025,11,20,17,3,-8,PEPCO,2733.2653999999998
2025-11-20 18:00:00,2025,11,20,18,3,-8,PEPCO,2659.5285
2025-11-20 19:00:00,2025,11,20,19,3,-8,PEPCO,2602.3576000000003
2025-11-20 20:00:00,2025,11,20,20,3,-8,PEPCO,2545.2845
2025-11-20 21:00:00,2025,11,20,21,3,-8,PEPCO,2488.5051
2025-11-20 22:00:00,2025,11,20,22,3,-8,PEPCO,2392.2302
2025-11-20 23:00:00,2025,11,20,23,3,-8,PEPCO,2292.4155
2025-11-21 00:00:00,2025,11,21,0,4,-7,PEPCO,2192.0063
2025-11-21 01:00:00,2025,11,21,1,4,-7,PEPCO,2143.0258999999996
2025-11-21 02:00:00,2025,11,21,2,4,-7,PEPCO,2112.1839
2025-11-21 03:00:00,2025,11,21,3,4,-7,PEPCO,2116.0953
2025-11-21 04:00:00,2025,11,21,4,4,-7,PEPCO,2182.703
2025-11-21 05:00:00,2025,11,21,5,4,-7,PEPCO,2352.9685
2025-11-21 06:00:00,2025,11,21,6,4,-7,PEPCO,2593.4432
2025-11-21 07:00:00,2025,11,21,7,4,-7,PEPCO,2716.9347000000002
2025-11-21 08:00:00,2025,11,21,8,4,-7,PEPCO,2716.5743
2025-11-21 09:00:00,2025,11,21,9,4,-7,PEPCO,2692.3779999999997
2025-11-21 10:00:00,2025,11,21,10,4,-7,PEPCO,2656.2322
2025-11-21 11:00:00,2025,11,21,11,4,-7,PEPCO,2620.9244
2025-11-21 12:00:00,2025,11,21,12,4,-7,PEPCO,2606.599
2025-11-21 13:00:00,2025,11,21,13,4,-7,PEPCO,2621.4033
2025-11-21 14:00:00,2025,11,21,14,4,-7,PEPCO,2641.0385
2025-11-21 15:00:00,2025,11,21,15,4,-7,PEPCO,2681.6174
2025-11-21 16:00:00,2025,11,21,16,4,-7,PEPCO,2793.7034
2025-11-21 17:00:00,2025,11,21,17,4,-7,PEPCO,2902.618
2025-11-21 18:00:00,2025,11,21,18,4,-7,PEPCO,2846.8514999999998
2025-11-21 19:00:00,2025,11,21,19,4,-7,PEPCO,2772.3866
2025-11-21 20:00:00,2025,11,21,20,4,-7,PEPCO,2686.8351
2025-11-21 21:00:00,2025,11,21,21,4,-7,PEPCO,2622.4653
2025-11-21 22:00:00,2025,11,21,22,4,-7,PEPCO,2525.2731
2025-11-21 23:00:00,2025,11,21,23,4,-7,PEPCO,2408.3331
2025-11-22 00:00:00,2025,11,22,0,5,-6,PEPCO,2323.7364000000002
2025-11-22 01:00:00,2025,11,22,1,5,-6,PEPCO,2240.6682
2025-11-22 02:00:00,2025,11,22,2,5,-6,PEPCO,2201.9126
2025-11-22 03:00:00,2025,11,22,3,5,-6,PEPCO,2176.0415999999996
2025-11-22 04:00:00,2025,11,22,4,5,-6,PEPCO,2207.5962
2025-11-22 05:00:00,2025,11,22,5,5,-6,PEPCO,2256.6048
2025-11-22 06:00:00,2025,11,22,6,5,-6,PEPCO,2351.1534
2025-11-22 07:00:00,2025,11,22,7,5,-6,PEPCO,2457.9522
2025-11-22 08:00:00,2025,11,22,8,5,-6,PEPCO,2484.81
2025-11-22 09:00:00,2025,11,22,9,5,-6,PEPCO,2474.8966
2025-11-22 10:00:00,2025,11,22,10,5,-6,PEPCO,2421.9982
2025-11-22 11:00:00,2025,11,22,11,5,-6,PEPCO,2404.1466
2025-11-22 12:00:00,2025,11,22,12,5,-6,PEPCO,2358.9667999999997
2025-11-22 13:00:00,2025,11,22,13,5,-6,PEPCO,2346.4332
2025-11-22 14:00:00,2025,11,22,14,5,-6,PEPCO,2344.145
2025-11-22 15:00:00,2025,11,22,15,5,-6,PEPCO,2415.7648
2025-11-22 16:00:00,2025,11,22,16,5,-6,PEPCO,2521.7264000000005
2025-11-22 17:00:00,2025,11,22,17,5,-6,PEPCO,2637.692
2025-11-22 18:00:00,2025,11,22,18,5,-6,PEPCO,2650.7086
2025-11-22 19:00:00,2025,11,22,19,5,-6,PEPCO,2632.5638
2025-11-22 20:00:00,2025,11,22,20,5,-6,PEPCO,2600.0510000000004
2025-11-22 21:00:00,2025,11,22,21,5,-6,PEPCO,2531.1814
2025-11-22 22:00:00,2025,11,22,22,5,-6,PEPCO,2465.821
2025-11-22 23:00:00,2025,11,22,23,5,-6,PEPCO,2361.2554
2025-11-23 00:00:00,2025,11,23,0,6,-5,PEPCO,2285.697
2025-11-23 01:00:00,2025,11,23,1,6,-5,PEPCO,2214.509
2025-11-23 02:00:00,2025,11,23,2,6,-5,PEPCO,2167.6878
2025-11-23 03:00:00,2025,11,23,3,6,-5,PEPCO,2154.9016
2025-11-23 04:00:00,2025,11,23,4,6,-5,PEPCO,2160.2268
2025-11-23 05:00:00,2025,11,23,5,6,-5,PEPCO,2216.4038
2025-11-23 06:00:00,2025,11,23,6,6,-5,PEPCO,2296.2694
2025-11-23 07:00:00,2025,11,23,7,6,-5,PEPCO,2383.0166
2025-11-23 08:00:00,2025,11,23,8,6,-5,PEPCO,2403.5842000000002
2025-11-23 09:00:00,2025,11,23,9,6,-5,PEPCO,2380.7774
2025-11-23 10:00:00,2025,11,23,10,6,-5,PEPCO,2357.5094
2025-11-23 11:00:00,2025,11,23,11,6,-5,PEPCO,2345.334
2025-11-23 12:00:00,2025,11,23,12,6,-5,PEPCO,2338.2712
2025-11-23 13:00:00,2025,11,23,13,6,-5,PEPCO,2362.4152000000004
2025-11-23 14:00:00,2025,11,23,14,6,-5,PEPCO,2370.1182
2025-11-23 15:00:00,2025,11,23,15,6,-5,PEPCO,2435.7061999999996
2025-11-23 16:00:00,2025,11,23,16,6,-5,PEPCO,2557.0991999999997
2025-11-23 17:00:00,2025,11,23,17,6,-5,PEPCO,2708.9056
2025-11-23 18:00:00,2025,11,23,18,6,-5,PEPCO,2729.1772
2025-11-23 19:00:00,2025,11,23,19,6,-5,PEPCO,2711.7892
2025-11-23 20:00:00,2025,11,23,20,6,-5,PEPCO,2677.3938000000003
2025-11-23 21:00:00,2025,11,23,21,6,-5,PEPCO,2610.5196
2025-11-23 22:00:00,2025,11,23,22,6,-5,PEPCO,2487.0272
2025-11-23 23:00:00,2025,11,23,23,6,-5,PEPCO,2376.6665999999996
2025-11-24 00:00:00,2025,11,24,0,0,-4,PEPCO,2275.088
2025-11-24 01:00:00,2025,11,24,1,0,-4,PEPCO,2206.4986
2025-11-24 02:00:00,2025,11,24,2,0,-4,PEPCO,2192.6942
2025-11-24 03:00:00,2025,11,24,3,0,-4,PEPCO,2206.991
2025-11-24 04:00:00,2025,11,24,4,0,-4,PEPCO,2300.9718000000003
2025-11-24 05:00:00,2025,11,24,5,0,-4,PEPCO,2511.6308
2025-11-24 06:00:00,2025,11,24,6,0,-4,PEPCO,2804.4812
2025-11-24 07:00:00,2025,11,24,7,0,-4,PEPCO,2970.1852
2025-11-24 08:00:00,2025,11,24,8,0,-4,PEPCO,2948.4012
2025-11-24 09:00:00,2025,11,24,9,0,-4,PEPCO,2850.721
2025-11-24 10:00:00,2025,11,24,10,0,-4,PEPCO,2763.9790000000003
2025-11-24 11:00:00,2025,11,24,11,0,-4,PEPCO,2713.1736
2025-11-24 12:00:00,2025,11,24,12,0,-4,PEPCO,2686.1898
2025-11-24 13:00:00,2025,11,24,13,0,-4,PEPCO,2653.554
2025-11-24 14:00:00,2025,11,24,14,0,-4,PEPCO,2685.4074
2025-11-24 15:00:00,2025,11,24,15,0,-4,PEPCO,2730.2843999999996
2025-11-24 16:00:00,2025,11,24,16,0,-4,PEPCO,2862.5234
2025-11-24 17:00:00,2025,11,24,17,0,-4,PEPCO,3006.6186000000002
2025-11-24 18:00:00,2025,11,24,18,0,-4,PEPCO,2951.9742
2025-11-24 19:00:00,2025,11,24,19,0,-4,PEPCO,2891.2132
2025-11-24 20:00:00,2025,11,24,20,0,-4,PEPCO,2799.377
2025-11-24 21:00:00,2025,11,24,21,0,-4,PEPCO,2709.8453999999997
2025-11-24 22:00:00,2025,11,24,22,0,-4,PEPCO,2560.4334
2025-11-24 23:00:00,2025,11,24,23,0,-4,PEPCO,2430.6872
2025-11-25 00:00:00,2025,11,25,0,1,-3,PEPCO,2324.5924
2025-11-25 01:00:00,2025,11,25,1,1,-3,PEPCO,2260.9748
2025-11-25 02:00:00,2025,11,25,2,1,-3,PEPCO,2237.3626
2025-11-25 03:00:00,2025,11,25,3,1,-3,PEPCO,2251.9314
2025-11-25 04:00:00,2025,11,25,4,1,-3,PEPCO,2328.8818
2025-11-25 05:00:00,2025,11,25,5,1,-3,PEPCO,2544.0971999999997
2025-11-25 06:00:00,2025,11,25,6,1,-3,PEPCO,2837.375
2025-11-25 07:00:00,2025,11,25,7,1,-3,PEPCO,2996.663
2025-11-25 08:00:00,2025,11,25,8,1,-3,PEPCO,2989.8354
2025-11-25 09:00:00,2025,11,25,9,1,-3,PEPCO,2890.4902
2025-11-25 10:00:00,2025,11,25,10,1,-3,PEPCO,2813.2382
2025-11-25 11:00:00,2025,11,25,11,1,-3,PEPCO,2743.6198
2025-11-25 12:00:00,2025,11,25,12,1,-3,PEPCO,2711.9986
2025-11-25 13:00:00,2025,11,25,13,1,-3,PEPCO,2697.1805999999997
2025-11-25 14:00:00,2025,11,25,14,1,-3,PEPCO,2708.5370000000003
2025-11-25 15:00:00,2025,11,25,15,1,-3,PEPCO,2750.6724000000004
2025-11-25 16:00:00,2025,11,25,16,1,-3,PEPCO,2856.5516
2025-11-25 17:00:00,2025,11,25,17,1,-3,PEPCO,2966.5117999999998
2025-11-25 18:00:00,2025,11,25,18,1,-3,PEPCO,2898.6606
2025-11-25 19:00:00,2025,11,25,19,1,-3,PEPCO,2831.875
2025-11-25 20:00:00,2025,11,25,20,1,-3,PEPCO,2750.759
2025-11-25 21:00:00,2025,11,25,21,1,-3,PEPCO,2660.3116
2025-11-25 22:00:00,2025,11,25,22,1,-3,PEPCO,2541.7799999999997
2025-11-25 23:00:00,2025,11,25,23,1,-3,PEPCO,2419.566
2025-11-26 00:00:00,2025,11,26,0,2,-2,PEPCO,2294.1771
2025-11-26 01:00:00,2025,11,26,1,2,-2,PEPCO,2219.9772000000003
2025-11-26 02:00:00,2025,11,26,2,2,-2,PEPCO,2203.0014
2025-11-26 03:00:00,2025,11,26,3,2,-2,PEPCO,2207.7465
2025-11-26 04:00:00,2025,11,26,4,2,-2,PEPCO,2289.8965
2025-11-26 05:00:00,2025,11,26,5,2,-2,PEPCO,2478.0723
2025-11-26 06:00:00,2025,11,26,6,2,-2,PEPCO,2759.4129000000003
2025-11-26 07:00:00,2025,11,26,7,2,-2,PEPCO,2901.0534
2025-11-26 08:00:00,2025,11,26,8,2,-2,PEPCO,2898.2675
2025-11-26 09:00:00,2025,11,26,9,2,-2,PEPCO,2797.7488000000003
2025-11-26 10:00:00,2025,11,26,10,2,-2,PEPCO,2701.5025
2025-11-26 11:00:00,2025,11,26,11,2,-2,PEPCO,2660.5987
2025-11-26 12:00:00,2025,11,26,12,2,-2,PEPCO,2640.2053
2025-11-26 13:00:00,2025,11,26,13,2,-2,PEPCO,2617.0262
2025-11-26 14:00:00,2025,11,26,14,2,-2,PEPCO,2615.8103
2025-11-26 15:00:00,2025,11,26,15,2,-2,PEPCO,2673.5344
2025-11-26 16:00:00,2025,11,26,16,2,-2,PEPCO,2770.3321
2025-11-26 17:00:00,2025,11,26,17,2,-2,PEPCO,2907.6751
2025-11-26 18:00:00,2025,11,26,18,2,-2,PEPCO,2847.8019
2025-11-26 19:00:00,2025,11,26,19,2,-2,PEPCO,2774.9124
2025-11-26 20:00:00,2025,11,26,20,2,-2,PEPCO,2708.484
2025-11-26 21:00:00,2025,11,26,21,2,-2,PEPCO,2612.7109
2025-11-26 22:00:00,2025,11,26,22,2,-2,PEPCO,2486.6302
2025-11-26 23:00:00,2025,11,26,23,2,-2,PEPCO,2365.0921000000003
2025-11-27 00:00:00,2025,11,27,0,3,-1,PEPCO,2257.2275999999997
2025-11-27 01:00:00,2025,11,27,1,3,-1,PEPCO,2178.5854
2025-11-27 02:00:00,2025,11,27,2,3,-1,PEPCO,2155.7429
2025-11-27 03:00:00,2025,11,27,3,3,-1,PEPCO,2153.7706
2025-11-27 04:00:00,2025,11,27,4,3,-1,PEPCO,2217.9116999999997
2025-11-27 05:00:00,2025,11,27,5,3,-1,PEPCO,2356.6805
2025-11-27 06:00:00,2025,11,27,6,3,-1,PEPCO,2571.2586
2025-11-27 07:00:00,2025,11,27,7,3,-1,PEPCO,2684.8738000000003
2025-11-27 08:00:00,2025,11,27,8,3,-1,PEPCO,2693.149
2025-11-27 09:00:00,2025,11,27,9,3,-1,PEPCO,2635.4885000000004
2025-11-27 10:00:00,2025,11,27,10,3,-1,PEPCO,2578.7018
2025-11-27 11:00:00,2025,11,27,11,3,-1,PEPCO,2548.9129000000003
2025-11-27 12:00:00,2025,11,27,12,3,-1,PEPCO,2561.8576000000003
2025-11-27 13:00:00,2025,11,27,13,3,-1,PEPCO,2546.7802
2025-11-27 14:00:00,2025,11,27,14,3,-1,PEPCO,2559.6066
2025-11-27 15:00:00,2025,11,27,15,3,-1,PEPCO,2589.6351
2025-11-27 16:00:00,2025,11,27,16,3,-1,PEPCO,2652.0805
2025-11-27 17:00:00,2025,11,27,17,3,-1,PEPCO,2733.2653999999998
2025-11-27 18:00:00,2025,11,27,18,3,-1,PEPCO,2659.5285
2025-11-27 19:00:00,2025,11,27,19,3,-1,PEPCO,2602.3576000000003
2025-11-27 20:00:00,2025,11,27,20,3,-1,PEPCO,2545.2845
2025-11-27 21:00:00,2025,11,27,21,3,-1,PEPCO,2488.5051
2025-11-27 22:00:00,2025,11,27,22,3,-1,PEPCO,2392.2302
2025-11-27 23:00:00,2025,11,27,23,3,-1,PEPCO,2292.4155
2025-11-28 00:00:00,2025,11,28,0,4,0,PEPCO,2192.0063
2025-11-28 01:00:00,2025,11,28,1,4,0,PEPCO,2143.0258999999996
2025-11-28 02:00:00,2025,11,28,2,4,0,PEPCO,2112.1839
2025-11-28 03:00:00,2025,11,28,3,4,0,PEPCO,2116.0953
2025-11-28 04:00:00,2025,11,28,4,4,0,PEPCO,2182.703
2025-11-28 05:00:00,2025,11,28,5,4,0,PEPCO,2352.9685
2025-11-28 06:00:00,2025,11,28,6,4,0,PEPCO,2593.4432
2025-11-28 07:00:00,2025,11,28,7,4,0,PEPCO,2716.9347000000002
2025-11-28 08:00:00,2025,11,28,8,4,0,PEPCO,2716.5743
2025-11-28 09:00:00,2025,11,28,9,4,0,PEPCO,2692.3779999999997
2025-11-28 10:00:00,2025,11,28,10,4,0,PEPCO,2656.2322
2025-11-28 11:00:00,2025,11,28,11,4,0,PEPCO,2620.9244
2025-11-28 12:00:00,2025,11,28,12,4,0,PEPCO,2606.599
2025-11-28 13:00:00,2025,11,28,13,4,0,PEPCO,2621.4033
2025-11-28 14:00:00,2025,11,28,14,4,0,PEPCO,2641.0385
2025-11-28 15:00:00,2025,11,28,15,4,0,PEPCO,2681.6174
2025-11-28 16:00:00,2025,11,28,16,4,0,PEPCO,2793.7034
2025-11-28 17:00:00,2025,11,28,17,4,0,PEPCO,2902.618
2025-11-28 18:00:00,2025,11,28,18,4,0,PEPCO,2846.8514999999998
2025-11-28 19:00:00,2025,11,28,19,4,0,PEPCO,2772.3866
2025-11-28 20:00:00,2025,11,28,20,4,0,PEPCO,2686.8351
2025-11-28 21:00:00,2025,11,28,21,4,0,PEPCO,2622.4653
2025-11-28 22:00:00,2025,11,28,22,4,0,PEPCO,2525.2731
2025-11-28 23:00:00,2025,11,28,23,4,0,PEPCO,2408.3331
2025-11-19 00:00:00,2025,11,19,0,2,-9,PLCO,4188.429099999999
2025-11-19 01:00:00,2025,11,19,1,2,-9,PLCO,4122.8215
2025-11-19 02:00:00,2025,11,19,2,2,-9,PLCO,4103.1092
2025-11-19 03:00:00,2025,11,19,3,2,-9,PLCO,4110.3616
2025-11-19 04:00:00,2025,11,19,4,2,-9,PLCO,4220.0339
2025-11-19 05:00:00,2025,11,19,5,2,-9,PLCO,4493.7883
2025-11-19 06:00:00,2025,11,19,6,2,-9,PLCO,4943.210499999999
2025-11-19 07:00:00,2025,11,19,7,2,-9,PLCO,5177.2942
2025-11-19 08:00:00,2025,11,19,8,2,-9,PLCO,5166.320900000001
2025-11-19 09:00:00,2025,11,19,9,2,-9,PLCO,5049.3894
2025-11-19 10:00:00,2025,11,19,10,2,-9,PLCO,4965.2661
2025-11-19 11:00:00,2025,11,19,11,2,-9,PLCO,4886.4277999999995
2025-11-19 12:00:00,2025,11,19,12,2,-9,PLCO,4807.0487
2025-11-19 13:00:00,2025,11,19,13,2,-9,PLCO,4748.277599999999
2025-11-19 14:00:00,2025,11,19,14,2,-9,PLCO,4692.2019
2025-11-19 15:00:00,2025,11,19,15,2,-9,PLCO,4690.7947
2025-11-19 16:00:00,2025,11,19,16,2,-9,PLCO,4817.5818
2025-11-19 17:00:00,2025,11,19,17,2,-9,PLCO,5027.2833
2025-11-19 18:00:00,2025,11,19,18,2,-9,PLCO,4991.073399999999
2025-11-19 19:00:00,2025,11,19,19,2,-9,PLCO,4904.6764
2025-11-19 20:00:00,2025,11,19,20,2,-9,PLCO,4778.3717
2025-11-19 21:00:00,2025,11,19,21,2,-9,PLCO,4602.2805
2025-11-19 22:00:00,2025,11,19,22,2,-9,PLCO,4351.6777999999995
2025-11-19 23:00:00,2025,11,19,23,2,-9,PLCO,4150.741400000001
2025-11-20 00:00:00,2025,11,20,0,3,-8,PLCO,3983.8138
2025-11-20 01:00:00,2025,11,20,1,3,-8,PLCO,3918.4148
2025-11-20 02:00:00,2025,11,20,2,3,-8,PLCO,3889.1354
2025-11-20 03:00:00,2025,11,20,3,3,-8,PLCO,3889.9228000000003
2025-11-20 04:00:00,2025,11,20,4,3,-8,PLCO,3972.8328
2025-11-20 05:00:00,2025,11,20,5,3,-8,PLCO,4173.1952
2025-11-20 06:00:00,2025,11,20,6,3,-8,PLCO,4487.1695
2025-11-20 07:00:00,2025,11,20,7,3,-8,PLCO,4692.8201
2025-11-20 08:00:00,2025,11,20,8,3,-8,PLCO,4766.792100000001
2025-11-20 09:00:00,2025,11,20,9,3,-8,PLCO,4746.1507
2025-11-20 10:00:00,2025,11,20,10,3,-8,PLCO,4735.6769
2025-11-20 11:00:00,2025,11,20,11,3,-8,PLCO,4676.9169
2025-11-20 12:00:00,2025,11,20,12,3,-8,PLCO,4563.7337
2025-11-20 13:00:00,2025,11,20,13,3,-8,PLCO,4463.3045
2025-11-20 14:00:00,2025,11,20,14,3,-8,PLCO,4380.9616000000005
2025-11-20 15:00:00,2025,11,20,15,3,-8,PLCO,4334.2552
2025-11-20 16:00:00,2025,11,20,16,3,-8,PLCO,4414.3453
2025-11-20 17:00:00,2025,11,20,17,3,-8,PLCO,4552.1243
2025-11-20 18:00:00,2025,11,20,18,3,-8,PLCO,4509.8961
2025-11-20 19:00:00,2025,11,20,19,3,-8,PLCO,4459.4995
2025-11-20 20:00:00,2025,11,20,20,3,-8,PLCO,4389.216399999999
2025-11-20 21:00:00,2025,11,20,21,3,-8,PLCO,4251.094999999999
2025-11-20 22:00:00,2025,11,20,22,3,-8,PLCO,4054.8082999999997
2025-11-20 23:00:00,2025,11,20,23,3,-8,PLCO,3891.3815000000004
2025-11-21 00:00:00,2025,11,21,0,4,-7,PLCO,3765.0086
2025-11-21 01:00:00,2025,11,21,1,4,-7,PLCO,3695.1536
2025-11-21 02:00:00,2025,11,21,2,4,-7,PLCO,3665.1605000000004
2025-11-21 03:00:00,2025,11,21,3,4,-7,PLCO,3685.5011
2025-11-21 04:00:00,2025,11,21,4,4,-7,PLCO,3778.986
2025-11-21 05:00:00,2025,11,21,5,4,-7,PLCO,4002.5913
2025-11-21 06:00:00,2025,11,21,6,4,-7,PLCO,4349.037399999999
2025-11-21 07:00:00,2025,11,21,7,4,-7,PLCO,4584.2771
2025-11-21 08:00:00,2025,11,21,8,4,-7,PLCO,4634.767900000001
2025-11-21 09:00:00,2025,11,21,9,4,-7,PLCO,4630.8876
2025-11-21 10:00:00,2025,11,21,10,4,-7,PLCO,4604.486
2025-11-21 11:00:00,2025,11,21,11,4,-7,PLCO,4572.6296999999995
2025-11-21 12:00:00,2025,11,21,12,4,-7,PLCO,4548.9292000000005
2025-11-21 13:00:00,2025,11,21,13,4,-7,PLCO,4529.1111
2025-11-21 14:00:00,2025,11,21,14,4,-7,PLCO,4492.4139000000005
2025-11-21 15:00:00,2025,11,21,15,4,-7,PLCO,4499.6798
2025-11-21 16:00:00,2025,11,21,16,4,-7,PLCO,4649.2657
2025-11-21 17:00:00,2025,11,21,17,4,-7,PLCO,4831.0503
2025-11-21 18:00:00,2025,11,21,18,4,-7,PLCO,4784.3027999999995
2025-11-21 19:00:00,2025,11,21,19,4,-7,PLCO,4706.9632
2025-11-21 20:00:00,2025,11,21,20,4,-7,PLCO,4615.7779
2025-11-21 21:00:00,2025,11,21,21,4,-7,PLCO,4468.018300000001
2025-11-21 22:00:00,2025,11,21,22,4,-7,PLCO,4267.8632
2025-11-21 23:00:00,2025,11,21,23,4,-7,PLCO,4082.489
2025-11-22 00:00:00,2025,11,22,0,5,-6,PLCO,3940.7404
2025-11-22 01:00:00,2025,11,22,1,5,-6,PLCO,3863.0274000000004
2025-11-22 02:00:00,2025,11,22,2,5,-6,PLCO,3827.142
2025-11-22 03:00:00,2025,11,22,3,5,-6,PLCO,3839.5481999999997
2025-11-22 04:00:00,2025,11,22,4,5,-6,PLCO,3889.2326000000003
2025-11-22 05:00:00,2025,11,22,5,5,-6,PLCO,4044.4165999999996
2025-11-22 06:00:00,2025,11,22,6,5,-6,PLCO,4257.1122000000005
2025-11-22 07:00:00,2025,11,22,7,5,-6,PLCO,4444.4228
2025-11-22 08:00:00,2025,11,22,8,5,-6,PLCO,4535.4767999999995
2025-11-22 09:00:00,2025,11,22,9,5,-6,PLCO,4508.3423999999995
2025-11-22 10:00:00,2025,11,22,10,5,-6,PLCO,4453.375999999999
2025-11-22 11:00:00,2025,11,22,11,5,-6,PLCO,4409.7758
2025-11-22 12:00:00,2025,11,22,12,5,-6,PLCO,4344.5912
2025-11-22 13:00:00,2025,11,22,13,5,-6,PLCO,4294.9852
2025-11-22 14:00:00,2025,11,22,14,5,-6,PLCO,4275.3892
2025-11-22 15:00:00,2025,11,22,15,5,-6,PLCO,4324.3116
2025-11-22 16:00:00,2025,11,22,16,5,-6,PLCO,4504.258599999999
2025-11-22 17:00:00,2025,11,22,17,5,-6,PLCO,4718.319600000001
2025-11-22 18:00:00,2025,11,22,18,5,-6,PLCO,4673.959400000001
2025-11-22 19:00:00,2025,11,22,19,5,-6,PLCO,4614.469
2025-11-22 20:00:00,2025,11,22,20,5,-6,PLCO,4527.0566
2025-11-22 21:00:00,2025,11,22,21,5,-6,PLCO,4422.4608
2025-11-22 22:00:00,2025,11,22,22,5,-6,PLCO,4237.6924
2025-11-22 23:00:00,2025,11,22,23,5,-6,PLCO,4064.9307999999996
2025-11-23 00:00:00,2025,11,23,0,6,-5,PLCO,3925.3058000000005
2025-11-23 01:00:00,2025,11,23,1,6,-5,PLCO,3858.9660000000003
2025-11-23 02:00:00,2025,11,23,2,6,-5,PLCO,3815.3682
2025-11-23 03:00:00,2025,11,23,3,6,-5,PLCO,3800.0879999999997
2025-11-23 04:00:00,2025,11,23,4,6,-5,PLCO,3841.9748
2025-11-23 05:00:00,2025,11,23,5,6,-5,PLCO,3947.5822
2025-11-23 06:00:00,2025,11,23,6,6,-5,PLCO,4135.1352
2025-11-23 07:00:00,2025,11,23,7,6,-5,PLCO,4321.7472
2025-11-23 08:00:00,2025,11,23,8,6,-5,PLCO,4431.1026
2025-11-23 09:00:00,2025,11,23,9,6,-5,PLCO,4440.7132
2025-11-23 10:00:00,2025,11,23,10,6,-5,PLCO,4430.3286
2025-11-23 11:00:00,2025,11,23,11,6,-5,PLCO,4411.4768
2025-11-23 12:00:00,2025,11,23,12,6,-5,PLCO,4398.409
2025-11-23 13:00:00,2025,11,23,13,6,-5,PLCO,4363.8426
2025-11-23 14:00:00,2025,11,23,14,6,-5,PLCO,4375.471
2025-11-23 15:00:00,2025,11,23,15,6,-5,PLCO,4417.4438
2025-11-23 16:00:00,2025,11,23,16,6,-5,PLCO,4628.6786
2025-11-23 17:00:00,2025,11,23,17,6,-5,PLCO,4839.5166
2025-11-23 18:00:00,2025,11,23,18,6,-5,PLCO,4802.854600000001
2025-11-23 19:00:00,2025,11,23,19,6,-5,PLCO,4747.6686
2025-11-23 20:00:00,2025,11,23,20,6,-5,PLCO,4626.236800000001
2025-11-23 21:00:00,2025,11,23,21,6,-5,PLCO,4453.4508000000005
2025-11-23 22:00:00,2025,11,23,22,6,-5,PLCO,4250.912399999999
2025-11-23 23:00:00,2025,11,23,23,6,-5,PLCO,4087.1588
2025-11-24 00:00:00,2025,11,24,0,0,-4,PLCO,3990.1274
2025-11-24 01:00:00,2025,11,24,1,0,-4,PLCO,3954.5691999999995
2025-11-24 02:00:00,2025,11,24,2,0,-4,PLCO,3946.775
2025-11-24 03:00:00,2025,11,24,3,0,-4,PLCO,3994.1902
2025-11-24 04:00:00,2025,11,24,4,0,-4,PLCO,4133.9902
2025-11-24 05:00:00,2025,11,24,5,0,-4,PLCO,4439.319
2025-11-24 06:00:00,2025,11,24,6,0,-4,PLCO,4927.359
2025-11-24 07:00:00,2025,11,24,7,0,-4,PLCO,5208.594
2025-11-24 08:00:00,2025,11,24,8,0,-4,PLCO,5182.7286
2025-11-24 09:00:00,2025,11,24,9,0,-4,PLCO,5076.089
2025-11-24 10:00:00,2025,11,24,10,0,-4,PLCO,4997.7834
2025-11-24 11:00:00,2025,11,24,11,0,-4,PLCO,4882.0338
2025-11-24 12:00:00,2025,11,24,12,0,-4,PLCO,4802.4106
2025-11-24 13:00:00,2025,11,24,13,0,-4,PLCO,4765.5066
2025-11-24 14:00:00,2025,11,24,14,0,-4,PLCO,4743.2698
2025-11-24 15:00:00,2025,11,24,15,0,-4,PLCO,4777.3094
2025-11-24 16:00:00,2025,11,24,16,0,-4,PLCO,4973.5894
2025-11-24 17:00:00,2025,11,24,17,0,-4,PLCO,5211.2984
2025-11-24 18:00:00,2025,11,24,18,0,-4,PLCO,5190.4676
2025-11-24 19:00:00,2025,11,24,19,0,-4,PLCO,5123.959
2025-11-24 20:00:00,2025,11,24,20,0,-4,PLCO,5007.293
2025-11-24 21:00:00,2025,11,24,21,0,-4,PLCO,4806.5182
2025-11-24 22:00:00,2025,11,24,22,0,-4,PLCO,4573.0346
2025-11-24 23:00:00,2025,11,24,23,0,-4,PLCO,4373.7804
2025-11-25 00:00:00,2025,11,25,0,1,-3,PLCO,4239.9673999999995
2025-11-25 01:00:00,2025,11,25,1,1,-3,PLCO,4175.868799999999
2025-11-25 02:00:00,2025,11,25,2,1,-3,PLCO,4147.4374
2025-11-25 03:00:00,2025,11,25,3,1,-3,PLCO,4194.1292
2025-11-25 04:00:00,2025,11,25,4,1,-3,PLCO,4317.1852
2025-11-25 05:00:00,2025,11,25,5,1,-3,PLCO,4600.777599999999
2025-11-25 06:00:00,2025,11,25,6,1,-3,PLCO,5060.4400000000005
2025-11-25 07:00:00,2025,11,25,7,1,-3,PLCO,5305.4862
2025-11-25 08:00:00,2025,11,25,8,1,-3,PLCO,5285.7806
2025-11-25 09:00:00,2025,11,25,9,1,-3,PLCO,5177.4767999999995
2025-11-25 10:00:00,2025,11,25,10,1,-3,PLCO,5081.926799999999
2025-11-25 11:00:00,2025,11,25,11,1,-3,PLCO,4994.3632
2025-11-25 12:00:00,2025,11,25,12,1,-3,PLCO,4920.257
2025-11-25 13:00:00,2025,11,25,13,1,-3,PLCO,4879.2114
2025-11-25 14:00:00,2025,11,25,14,1,-3,PLCO,4832.8676
2025-11-25 15:00:00,2025,11,25,15,1,-3,PLCO,4836.432
2025-11-25 16:00:00,2025,11,25,16,1,-3,PLCO,4972.8358
2025-11-25 17:00:00,2025,11,25,17,1,-3,PLCO,5201.7663999999995
2025-11-25 18:00:00,2025,11,25,18,1,-3,PLCO,5182.623600000001
2025-11-25 19:00:00,2025,11,25,19,1,-3,PLCO,5113.2794
2025-11-25 20:00:00,2025,11,25,20,1,-3,PLCO,5002.5324
2025-11-25 21:00:00,2025,11,25,21,1,-3,PLCO,4814.1028
2025-11-25 22:00:00,2025,11,25,22,1,-3,PLCO,4574.5682
2025-11-25 23:00:00,2025,11,25,23,1,-3,PLCO,4379.2854
2025-11-26 00:00:00,2025,11,26,0,2,-2,PLCO,4188.429099999999
2025-11-26 01:00:00,2025,11,26,1,2,-2,PLCO,4122.8215
2025-11-26 02:00:00,2025,11,26,2,2,-2,PLCO,4103.1092
2025-11-26 03:00:00,2025,11,26,3,2,-2,PLCO,4110.3616
2025-11-26 04:00:00,2025,11,26,4,2,-2,PLCO,4220.0339
2025-11-26 05:00:00,2025,11,26,5,2,-2,PLCO,4493.7883
2025-11-26 06:00:00,2025,11,26,6,2,-2,PLCO,4943.210499999999
2025-11-26 07:00:00,2025,11,26,7,2,-2,PLCO,5177.2942
2025-11-26 08:00:00,2025,11,26,8,2,-2,PLCO,5166.320900000001
2025-11-26 09:00:00,2025,11,26,9,2,-2,PLCO,5049.3894
2025-11-26 10:00:00,2025,11,26,10,2,-2,PLCO,4965.2661
2025-11-26 11:00:00,2025,11,26,11,2,-2,PLCO,4886.4277999999995
2025-11-26 12:00:00,2025,11,26,12,2,-2,PLCO,4807.0487
2025-11-26 13:00:00,2025,11,26,13,2,-2,PLCO,4748.277599999999
2025-11-26 14:00:00,2025,11,26,14,2,-2,PLCO,4692.2019
2025-11-26 15:00:00,2025,11,26,15,2,-2,PLCO,4690.7947
2025-11-26 16:00:00,2025,11,26,16,2,-2,PLCO,4817.5818
2025-11-26 17:00:00,2025,11,26,17,2,-2,PLCO,5027.2833
2025-11-26 18:00:00,2025,11,26,18,2,-2,PLCO,4991.073399999999
2025-11-26 19:00:00,2025,11,26,19,2,-2,PLCO,4904.6764
2025-11-26 20:00:00,2025,11,26,20,2,-2,PLCO,4778.3717
2025-11-26 21:00:00,2025,11,26,21,2,-2,PLCO,4602.2805
2025-11-26 22:00:00,2025,11,26,22,2,-2,PLCO,4351.6777999999995
2025-11-26 23:00:00,2025,11,26,23,2,-2,PLCO,4150.741400000001
2025-11-27 00:00:00,2025,11,27,0,3,-1,PLCO,3983.8138
2025-11-27 01:00:00,2025,11,27,1,3,-1,PLCO,3918.4148
2025-11-27 02:00:00,2025,11,27,2,3,-1,PLCO,3889.1354
2025-11-27 03:00:00,2025,11,27,3,3,-1,PLCO,3889.9228000000003
2025-11-27 04:00:00,2025,11,27,4,3,-1,PLCO,3972.8328
2025-11-27 05:00:00,2025,11,27,5,3,-1,PLCO,4173.1952
2025-11-27 06:00:00,2025,11,27,6,3,-1,PLCO,4487.1695
2025-11-27 07:00:00,2025,11,27,7,3,-1,PLCO,4692.8201
2025-11-27 08:00:00,2025,11,27,8,3,-1,PLCO,4766.792100000001
2025-11-27 09:00:00,2025,11,27,9,3,-1,PLCO,4746.1507
2025-11-27 10:00:00,2025,11,27,10,3,-1,PLCO,4735.6769
2025-11-27 11:00:00,2025,11,27,11,3,-1,PLCO,4676.9169
2025-11-27 12:00:00,2025,11,27,12,3,-1,PLCO,4563.7337
2025-11-27 13:00:00,2025,11,27,13,3,-1,PLCO,4463.3045
2025-11-27 14:00:00,2025,11,27,14,3,-1,PLCO,4380.9616000000005
2025-11-27 15:00:00,2025,11,27,15,3,-1,PLCO,4334.2552
2025-11-27 16:00:00,2025,11,27,16,3,-1,PLCO,4414.3453
2025-11-27 17:00:00,2025,11,27,17,3,-1,PLCO,4552.1243
2025-11-27 18:00:00,2025,11,27,18,3,-1,PLCO,4509.8961
2025-11-27 19:00:00,2025,11,27,19,3,-1,PLCO,4459.4995
2025-11-27 20:00:00,2025,11,27,20,3,-1,PLCO,4389.216399999999
2025-11-27 21:00:00,2025,11,27,21,3,-1,PLCO,4251.094999999999
2025-11-27 22:00:00,2025,11,27,22,3,-1,PLCO,4054.8082999999997
2025-11-27 23:00:00,2025,11,27,23,3,-1,PLCO,3891.3815000000004
2025-11-28 00:00:00,2025,11,28,0,4,0,PLCO,3765.0086
2025-11-28 01:00:00,2025,11,28,1,4,0,PLCO,3695.1536
2025-11-28 02:00:00,2025,11,28,2,4,0,PLCO,3665.1605000000004
2025-11-28 03:00:00,2025,11,28,3,4,0,PLCO,3685.5011
2025-11-28 04:00:00,2025,11,28,4,4,0,PLCO,3778.986
2025-11-28 05:00:00,2025,11,28,5,4,0,PLCO,4002.5913
2025-11-28 06:00:00,2025,11,28,6,4,0,PLCO,4349.037399999999
2025-11-28 07:00:00,2025,11,28,7,4,0,PLCO,4584.2771
2025-11-28 08:00:00,2025,11,28,8,4,0,PLCO,4634.767900000001
2025-11-28 09:00:00,2025,11,28,9,4,0,PLCO,4630.8876
2025-11-28 10:00:00,2025,11,28,10,4,0,PLCO,4604.486
2025-11-28 11:00:00,2025,11,28,11,4,0,PLCO,4572.6296999999995
2025-11-28 12:00:00,2025,11,28,12,4,0,PLCO,4548.9292000000005
2025-11-28 13:00:00,2025,11,28,13,4,0,PLCO,4529.1111
2025-11-28 14:00:00,2025,11,28,14,4,0,PLCO,4492.4139000000005
2025-11-28 15:00:00,2025,11,28,15,4,0,PLCO,4499.6798
2025-11-28 16:00:00,2025,11,28,16,4,0,PLCO,4649.2657
2025-11-28 17:00:00,2025,11,28,17,4,0,PLCO,4831.0503
2025-11-28 18:00:00,2025,11,28,18,4,0,PLCO,4784.3027999999995
2025-11-28 19:00:00,2025,11,28,19,4,0,PLCO,4706.9632
2025-11-28 20:00:00,2025,11,28,20,4,0,PLCO,4615.7779
2025-11-28 21:00:00,2025,11,28,21,4,0,PLCO,4468.018300000001
2025-11-28 22:00:00,2025,11,28,22,4,0,PLCO,4267.8632
2025-11-28 23:00:00,2025,11,28,23,4,0,PLCO,4082.489
2025-11-19 00:00:00,2025,11,19,0,2,-9,PN,1792.0754000000002
2025-11-19 01:00:00,2025,11,19,1,2,-9,PN,1751.0745
2025-11-19 02:00:00,2025,11,19,2,2,-9,PN,1734.4555
2025-11-19 03:00:00,2025,11,19,3,2,-9,PN,1749.4513
2025-11-19 04:00:00,2025,11,19,4,2,-9,PN,1784.9353999999998
2025-11-19 05:00:00,2025,11,19,5,2,-9,PN,1898.8794999999998
2025-11-19 06:00:00,2025,11,19,6,2,-9,PN,2078.6847000000002
2025-11-19 07:00:00,2025,11,19,7,2,-9,PN,2190.1796
2025-11-19 08:00:00,2025,11,19,8,2,-9,PN,2205.9354
2025-11-19 09:00:00,2025,11,19,9,2,-9,PN,2194.8761999999997
2025-11-19 10:00:00,2025,11,19,10,2,-9,PN,2208.4252
2025-11-19 11:00:00,2025,11,19,11,2,-9,PN,2165.5564
2025-11-19 12:00:00,2025,11,19,12,2,-9,PN,2128.9894999999997
2025-11-19 13:00:00,2025,11,19,13,2,-9,PN,2105.0595000000003
2025-11-19 14:00:00,2025,11,19,14,2,-9,PN,2075.8912
2025-11-19 15:00:00,2025,11,19,15,2,-9,PN,2026.3167
2025-11-19 16:00:00,2025,11,19,16,2,-9,PN,2050.9667999999997
2025-11-19 17:00:00,2025,11,19,17,2,-9,PN,2117.7526000000003
2025-11-19 18:00:00,2025,11,19,18,2,-9,PN,2119.9627
2025-11-19 19:00:00,2025,11,19,19,2,-9,PN,2075.0541000000003
2025-11-19 20:00:00,2025,11,19,20,2,-9,PN,2047.1196
2025-11-19 21:00:00,2025,11,19,21,2,-9,PN,1970.0436999999997
2025-11-19 22:00:00,2025,11,19,22,2,-9,PN,1858.3262
2025-11-19 23:00:00,2025,11,19,23,2,-9,PN,1774.1209
2025-11-20 00:00:00,2025,11,20,0,3,-8,PN,1695.4294999999997
2025-11-20 01:00:00,2025,11,20,1,3,-8,PN,1666.703
2025-11-20 02:00:00,2025,11,20,2,3,-8,PN,1647.2195
2025-11-20 03:00:00,2025,11,20,3,3,-8,PN,1647.3101
2025-11-20 04:00:00,2025,11,20,4,3,-8,PN,1665.961
2025-11-20 05:00:00,2025,11,20,5,3,-8,PN,1749.4387
2025-11-20 06:00:00,2025,11,20,6,3,-8,PN,1877.4984
2025-11-20 07:00:00,2025,11,20,7,3,-8,PN,1964.4968000000001
2025-11-20 08:00:00,2025,11,20,8,3,-8,PN,2020.6091000000001
2025-11-20 09:00:00,2025,11,20,9,3,-8,PN,2045.4243
2025-11-20 10:00:00,2025,11,20,10,3,-8,PN,2068.3811
2025-11-20 11:00:00,2025,11,20,11,3,-8,PN,2055.0586
2025-11-20 12:00:00,2025,11,20,12,3,-8,PN,2006.2115000000001
2025-11-20 13:00:00,2025,11,20,13,3,-8,PN,1954.0963
2025-11-20 14:00:00,2025,11,20,14,3,-8,PN,1904.2175
2025-11-20 15:00:00,2025,11,20,15,3,-8,PN,1872.8449
2025-11-20 16:00:00,2025,11,20,16,3,-8,PN,1882.3776000000003
2025-11-20 17:00:00,2025,11,20,17,3,-8,PN,1941.4558000000002
2025-11-20 18:00:00,2025,11,20,18,3,-8,PN,1942.1414
2025-11-20 19:00:00,2025,11,20,19,3,-8,PN,1923.3553
2025-11-20 20:00:00,2025,11,20,20,3,-8,PN,1904.0381000000002
2025-11-20 21:00:00,2025,11,20,21,3,-8,PN,1852.5276999999999
2025-11-20 22:00:00,2025,11,20,22,3,-8,PN,1782.9344
2025-11-20 23:00:00,2025,11,20,23,3,-8,PN,1688.4376
2025-11-21 00:00:00,2025,11,21,0,4,-7,PN,1633.2239
2025-11-21 01:00:00,2025,11,21,1,4,-7,PN,1606.6755
2025-11-21 02:00:00,2025,11,21,2,4,-7,PN,1587.7914
2025-11-21 03:00:00,2025,11,21,3,4,-7,PN,1591.5167999999999
2025-11-21 04:00:00,2025,11,21,4,4,-7,PN,1638.7869999999998
2025-11-21 05:00:00,2025,11,21,5,4,-7,PN,1727.7801
2025-11-21 06:00:00,2025,11,21,6,4,-7,PN,1848.7956000000001
2025-11-21 07:00:00,2025,11,21,7,4,-7,PN,1948.9097000000002
2025-11-21 08:00:00,2025,11,21,8,4,-7,PN,1990.4609
2025-11-21 09:00:00,2025,11,21,9,4,-7,PN,2012.586
2025-11-21 10:00:00,2025,11,21,10,4,-7,PN,2040.5146
2025-11-21 11:00:00,2025,11,21,11,4,-7,PN,2037.1834
2025-11-21 12:00:00,2025,11,21,12,4,-7,PN,2021.4152
2025-11-21 13:00:00,2025,11,21,13,4,-7,PN,2000.8998
2025-11-21 14:00:00,2025,11,21,14,4,-7,PN,1959.1625
2025-11-21 15:00:00,2025,11,21,15,4,-7,PN,1965.4687999999999
2025-11-21 16:00:00,2025,11,21,16,4,-7,PN,1993.6943999999999
2025-11-21 17:00:00,2025,11,21,17,4,-7,PN,2067.9228
2025-11-21 18:00:00,2025,11,21,18,4,-7,PN,2044.0555
2025-11-21 19:00:00,2025,11,21,19,4,-7,PN,2004.9797999999998
2025-11-21 20:00:00,2025,11,21,20,4,-7,PN,1970.8885000000002
2025-11-21 21:00:00,2025,11,21,21,4,-7,PN,1901.8192
2025-11-21 22:00:00,2025,11,21,22,4,-7,PN,1798.9887999999999
2025-11-21 23:00:00,2025,11,21,23,4,-7,PN,1727.8769
2025-11-22 00:00:00,2025,11,22,0,5,-6,PN,1661.5236
2025-11-22 01:00:00,2025,11,22,1,5,-6,PN,1644.9332000000002
2025-11-22 02:00:00,2025,11,22,2,5,-6,PN,1618.646
2025-11-22 03:00:00,2025,11,22,3,5,-6,PN,1628.953
2025-11-22 04:00:00,2025,11,22,4,5,-6,PN,1646.1356
2025-11-22 05:00:00,2025,11,22,5,5,-6,PN,1695.9794000000002
2025-11-22 06:00:00,2025,11,22,6,5,-6,PN,1783.1338
2025-11-22 07:00:00,2025,11,22,7,5,-6,PN,1854.7134
2025-11-22 08:00:00,2025,11,22,8,5,-6,PN,1906.9173999999998
2025-11-22 09:00:00,2025,11,22,9,5,-6,PN,1941.562
2025-11-22 10:00:00,2025,11,22,10,5,-6,PN,1948.7508000000003
2025-11-22 11:00:00,2025,11,22,11,5,-6,PN,1934.9112
2025-11-22 12:00:00,2025,11,22,12,5,-6,PN,1903.532
2025-11-22 13:00:00,2025,11,22,13,5,-6,PN,1874.6311999999998
2025-11-22 14:00:00,2025,11,22,14,5,-6,PN,1853.578
2025-11-22 15:00:00,2025,11,22,15,5,-6,PN,1852.205
2025-11-22 16:00:00,2025,11,22,16,5,-6,PN,1913.9425999999999
2025-11-22 17:00:00,2025,11,22,17,5,-6,PN,2001.4900000000002
2025-11-22 18:00:00,2025,11,22,18,5,-6,PN,1990.256
2025-11-22 19:00:00,2025,11,22,19,5,-6,PN,1966.2491999999997
2025-11-22 20:00:00,2025,11,22,20,5,-6,PN,1920.9515999999999
2025-11-22 21:00:00,2025,11,22,21,5,-6,PN,1863.1852
2025-11-22 22:00:00,2025,11,22,22,5,-6,PN,1787.6996
2025-11-22 23:00:00,2025,11,22,23,5,-6,PN,1716.0801999999999
2025-11-23 00:00:00,2025,11,23,0,6,-5,PN,1673.4756000000002
2025-11-23 01:00:00,2025,11,23,1,6,-5,PN,1625.4332
2025-11-23 02:00:00,2025,11,23,2,6,-5,PN,1613.9360000000001
2025-11-23 03:00:00,2025,11,23,3,6,-5,PN,1609.9482
2025-11-23 04:00:00,2025,11,23,4,6,-5,PN,1628.6518
2025-11-23 05:00:00,2025,11,23,5,6,-5,PN,1689.7441999999999
2025-11-23 06:00:00,2025,11,23,6,6,-5,PN,1754.8633999999997
2025-11-23 07:00:00,2025,11,23,7,6,-5,PN,1815.2286
2025-11-23 08:00:00,2025,11,23,8,6,-5,PN,1886.9936000000002
2025-11-23 09:00:00,2025,11,23,9,6,-5,PN,1937.5144
2025-11-23 10:00:00,2025,11,23,10,6,-5,PN,1925.5364000000002
2025-11-23 11:00:00,2025,11,23,11,6,-5,PN,1942.461
2025-11-23 12:00:00,2025,11,23,12,6,-5,PN,1946.0426
2025-11-23 13:00:00,2025,11,23,13,6,-5,PN,1918.9561999999999
2025-11-23 14:00:00,2025,11,23,14,6,-5,PN,1889.1688
2025-11-23 15:00:00,2025,11,23,15,6,-5,PN,1890.7869999999998
2025-11-23 16:00:00,2025,11,23,16,6,-5,PN,1964.0878
2025-11-23 17:00:00,2025,11,23,17,6,-5,PN,2056.8936000000003
2025-11-23 18:00:00,2025,11,23,18,6,-5,PN,2063.0844
2025-11-23 19:00:00,2025,11,23,19,6,-5,PN,2018.0669999999998
2025-11-23 20:00:00,2025,11,23,20,6,-5,PN,1981.602
2025-11-23 21:00:00,2025,11,23,21,6,-5,PN,1920.0294000000001
2025-11-23 22:00:00,2025,11,23,22,6,-5,PN,1848.9388
2025-11-23 23:00:00,2025,11,23,23,6,-5,PN,1773.507
2025-11-24 00:00:00,2025,11,24,0,0,-4,PN,1751.6408
2025-11-24 01:00:00,2025,11,24,1,0,-4,PN,1753.8426
2025-11-24 02:00:00,2025,11,24,2,0,-4,PN,1745.9004
2025-11-24 03:00:00,2025,11,24,3,0,-4,PN,1744.0493999999999
2025-11-24 04:00:00,2025,11,24,4,0,-4,PN,1811.6012000000003
2025-11-24 05:00:00,2025,11,24,5,0,-4,PN,1934.9905999999999
2025-11-24 06:00:00,2025,11,24,6,0,-4,PN,2120.141
2025-11-24 07:00:00,2025,11,24,7,0,-4,PN,2224.6174
2025-11-24 08:00:00,2025,11,24,8,0,-4,PN,2236.1638
2025-11-24 09:00:00,2025,11,24,9,0,-4,PN,2207.7236
2025-11-24 10:00:00,2025,11,24,10,0,-4,PN,2230.7328
2025-11-24 11:00:00,2025,11,24,11,0,-4,PN,2197.3264
2025-11-24 12:00:00,2025,11,24,12,0,-4,PN,2165.2466
2025-11-24 13:00:00,2025,11,24,13,0,-4,PN,2135.6294000000003
2025-11-24 14:00:00,2025,11,24,14,0,-4,PN,2114.2691999999997
2025-11-24 15:00:00,2025,11,24,15,0,-4,PN,2079.9204
2025-11-24 16:00:00,2025,11,24,16,0,-4,PN,2132.8482
2025-11-24 17:00:00,2025,11,24,17,0,-4,PN,2229.6994
2025-11-24 18:00:00,2025,11,24,18,0,-4,PN,2227.1220000000003
2025-11-24 19:00:00,2025,11,24,19,0,-4,PN,2197.328
2025-11-24 20:00:00,2025,11,24,20,0,-4,PN,2165.7506000000003
2025-11-24 21:00:00,2025,11,24,21,0,-4,PN,2066.4914
2025-11-24 22:00:00,2025,11,24,22,0,-4,PN,1944.8049999999998
2025-11-24 23:00:00,2025,11,24,23,0,-4,PN,1853.6862
2025-11-25 00:00:00,2025,11,25,0,1,-3,PN,1795.6766
2025-11-25 01:00:00,2025,11,25,1,1,-3,PN,1762.4236
2025-11-25 02:00:00,2025,11,25,2,1,-3,PN,1764.4814
2025-11-25 03:00:00,2025,11,25,3,1,-3,PN,1752.0972000000002
2025-11-25 04:00:00,2025,11,25,4,1,-3,PN,1789.3424
2025-11-25 05:00:00,2025,11,25,5,1,-3,PN,1916.5826000000002
2025-11-25 06:00:00,2025,11,25,6,1,-3,PN,2103.3426
2025-11-25 07:00:00,2025,11,25,7,1,-3,PN,2212.3360000000002
2025-11-25 08:00:00,2025,11,25,8,1,-3,PN,2217.668
2025-11-25 09:00:00,2025,11,25,9,1,-3,PN,2222.2288
2025-11-25 10:00:00,2025,11,25,10,1,-3,PN,2224.8872
2025-11-25 11:00:00,2025,11,25,11,1,-3,PN,2205.0016
2025-11-25 12:00:00,2025,11,25,12,1,-3,PN,2174.057
2025-11-25 13:00:00,2025,11,25,13,1,-3,PN,2167.0158
2025-11-25 14:00:00,2025,11,25,14,1,-3,PN,2113.0778
2025-11-25 15:00:00,2025,11,25,15,1,-3,PN,2077.0186000000003
2025-11-25 16:00:00,2025,11,25,16,1,-3,PN,2111.2378
2025-11-25 17:00:00,2025,11,25,17,1,-3,PN,2186.9593999999997
2025-11-25 18:00:00,2025,11,25,18,1,-3,PN,2200.5966
2025-11-25 19:00:00,2025,11,25,19,1,-3,PN,2170.2284
2025-11-25 20:00:00,2025,11,25,20,1,-3,PN,2133.5978
2025-11-25 21:00:00,2025,11,25,21,1,-3,PN,2050.161
2025-11-25 22:00:00,2025,11,25,22,1,-3,PN,1950.8088
2025-11-25 23:00:00,2025,11,25,23,1,-3,PN,1862.5218
2025-11-26 00:00:00,2025,11,26,0,2,-2,PN,1792.0754000000002
2025-11-26 01:00:00,2025,11,26,1,2,-2,PN,1751.0745
2025-11-26 02:00:00,2025,11,26,2,2,-2,PN,1734.4555
2025-11-26 03:00:00,2025,11,26,3,2,-2,PN,1749.4513
2025-11-26 04:00:00,2025,11,26,4,2,-2,PN,1784.9353999999998
2025-11-26 05:00:00,2025,11,26,5,2,-2,PN,1898.8794999999998
2025-11-26 06:00:00,2025,11,26,6,2,-2,PN,2078.6847000000002
2025-11-26 07:00:00,2025,11,26,7,2,-2,PN,2190.1796
2025-11-26 08:00:00,2025,11,26,8,2,-2,PN,2205.9354
2025-11-26 09:00:00,2025,11,26,9,2,-2,PN,2194.8761999999997
2025-11-26 10:00:00,2025,11,26,10,2,-2,PN,2208.4252
2025-11-26 11:00:00,2025,11,26,11,2,-2,PN,2165.5564
2025-11-26 12:00:00,2025,11,26,12,2,-2,PN,2128.9894999999997
2025-11-26 13:00:00,2025,11,26,13,2,-2,PN,2105.0595000000003
2025-11-26 14:00:00,2025,11,26,14,2,-2,PN,2075.8912
2025-11-26 15:00:00,2025,11,26,15,2,-2,PN,2026.3167
2025-11-26 16:00:00,2025,11,26,16,2,-2,PN,2050.9667999999997
2025-11-26 17:00:00,2025,11,26,17,2,-2,PN,2117.7526000000003
2025-11-26 18:00:00,2025,11,26,18,2,-2,PN,2119.9627
2025-11-26 19:00:00,2025,11,26,19,2,-2,PN,2075.0541000000003
2025-11-26 20:00:00,2025,11,26,20,2,-2,PN,2047.1196
2025-11-26 21:00:00,2025,11,26,21,2,-2,PN,1970.0436999999997
2025-11-26 22:00:00,2025,11,26,22,2,-2,PN,1858.3262
2025-11-26 23:00:00,2025,11,26,23,2,-2,PN,1774.1209
2025-11-27 00:00:00,2025,11,27,0,3,-1,PN,1695.4294999999997
2025-11-27 01:00:00,2025,11,27,1,3,-1,PN,1666.703
2025-11-27 02:00:00,2025,11,27,2,3,-1,PN,1647.2195
2025-11-27 03:00:00,2025,11,27,3,3,-1,PN,1647.3101
2025-11-27 04:00:00,2025,11,27,4,3,-1,PN,1665.961
2025-11-27 05:00:00,2025,11,27,5,3,-1,PN,1749.4387
2025-11-27 06:00:00,2025,11,27,6,3,-1,PN,1877.4984
2025-11-27 07:00:00,2025,11,27,7,3,-1,PN,1964.4968000000001
2025-11-27 08:00:00,2025,11,27,8,3,-1,PN,2020.6091000000001
2025-11-27 09:00:00,2025,11,27,9,3,-1,PN,2045.4243
2025-11-27 10:00:00,2025,11,27,10,3,-1,PN,2068.3811
2025-11-27 11:00:00,2025,11,27,11,3,-1,PN,2055.0586
2025-11-27 12:00:00,2025,11,27,12,3,-1,PN,2006.2115000000001
2025-11-27 13:00:00,2025,11,27,13,3,-1,PN,1954.0963
2025-11-27 14:00:00,2025,11,27,14,3,-1,PN,1904.2175
2025-11-27 15:00:00,2025,11,27,15,3,-1,PN,1872.8449
2025-11-27 16:00:00,2025,11,27,16,3,-1,PN,1882.3776000000003
2025-11-27 17:00:00,2025,11,27,17,3,-1,PN,1941.4558000000002
2025-11-27 18:00:00,2025,11,27,18,3,-1,PN,1942.1414
2025-11-27 19:00:00,2025,11,27,19,3,-1,PN,1923.3553
2025-11-27 20:00:00,2025,11,27,20,3,-1,PN,1904.0381000000002
2025-11-27 21:00:00,2025,11,27,21,3,-1,PN,1852.5276999999999
2025-11-27 22:00:00,2025,11,27,22,3,-1,PN,1782.9344
2025-11-27 23:00:00,2025,11,27,23,3,-1,PN,1688.4376
2025-11-28 00:00:00,2025,11,28,0,4,0,PN,1633.2239
2025-11-28 01:00:00,2025,11,28,1,4,0,PN,1606.6755
2025-11-28 02:00:00,2025,11,28,2,4,0,PN,1587.7914
2025-11-28 03:00:00,2025,11,28,3,4,0,PN,1591.5167999999999
2025-11-28 04:00:00,2025,11,28,4,4,0,PN,1638.7869999999998
2025-11-28 05:00:00,2025,11,28,5,4,0,PN,1727.7801
2025-11-28 06:00:00,2025,11,28,6,4,0,PN,1848.7956000000001
2025-11-28 07:00:00,2025,11,28,7,4,0,PN,1948.9097000000002
2025-11-28 08:00:00,2025,11,28,8,4,0,PN,1990.4609
2025-11-28 09:00:00,2025,11,28,9,4,0,PN,2012.586
2025-11-28 10:00:00,2025,11,28,10,4,0,PN,2040.5146
2025-11-28 11:00:00,2025,11,28,11,4,0,PN,2037.1834
2025-11-28 12:00:00,2025,11,28,12,4,0,PN,2021.4152
2025-11-28 13:00:00,2025,11,28,13,4,0,PN,2000.8998
2025-11-28 14:00:00,2025,11,28,14,4,0,PN,1959.1625
2025-11-28 15:00:00,2025,11,28,15,4,0,PN,1965.4687999999999
2025-11-28 16:00:00,2025,11,28,16,4,0,PN,1993.6943999999999
2025-11-28 17:00:00,2025,11,28,17,4,0,PN,2067.9228
2025-11-28 18:00:00,2025,11,28,18,4,0,PN,2044.0555
2025-11-28 19:00:00,2025,11,28,19,4,0,PN,2004.9797999999998
2025-11-28 20:00:00,2025,11,28,20,4,0,PN,1970.8885000000002
2025-11-28 21:00:00,2025,11,28,21,4,0,PN,1901.8192
2025-11-28 22:00:00,2025,11,28,22,4,0,PN,1798.9887999999999
2025-11-28 23:00:00,2025,11,28,23,4,0,PN,1727.8769
2025-11-19 00:00:00,2025,11,19,0,2,-9,PS,4190.048000000001
2025-11-19 01:00:00,2025,11,19,1,2,-9,PS,4057.6157
2025-11-19 02:00:00,2025,11,19,2,2,-9,PS,3987.2428
2025-11-19 03:00:00,2025,11,19,3,2,-9,PS,3966.1598
2025-11-19 04:00:00,2025,11,19,4,2,-9,PS,4033.3039
2025-11-19 05:00:00,2025,11,19,5,2,-9,PS,4240.4011
2025-11-19 06:00:00,2025,11,19,6,2,-9,PS,4597.1543
2025-11-19 07:00:00,2025,11,19,7,2,-9,PS,4796.6646
2025-11-19 08:00:00,2025,11,19,8,2,-9,PS,4764.1311000000005
2025-11-19 09:00:00,2025,11,19,9,2,-9,PS,4638.555
2025-11-19 10:00:00,2025,11,19,10,2,-9,PS,4540.694
2025-11-19 11:00:00,2025,11,19,11,2,-9,PS,4490.1025
2025-11-19 12:00:00,2025,11,19,12,2,-9,PS,4474.4053
2025-11-19 13:00:00,2025,11,19,13,2,-9,PS,4554.3451000000005
2025-11-19 14:00:00,2025,11,19,14,2,-9,PS,4676.0786
2025-11-19 15:00:00,2025,11,19,15,2,-9,PS,4814.0912
2025-11-19 16:00:00,2025,11,19,16,2,-9,PS,5032.043299999999
2025-11-19 17:00:00,2025,11,19,17,2,-9,PS,5245.9508000000005
2025-11-19 18:00:00,2025,11,19,18,2,-9,PS,5186.2453000000005
2025-11-19 19:00:00,2025,11,19,19,2,-9,PS,5104.9234
2025-11-19 20:00:00,2025,11,19,20,2,-9,PS,4987.2037
2025-11-19 21:00:00,2025,11,19,21,2,-9,PS,4805.7086
2025-11-19 22:00:00,2025,11,19,22,2,-9,PS,4564.0475
2025-11-19 23:00:00,2025,11,19,23,2,-9,PS,4303.3126
2025-11-20 00:00:00,2025,11,20,0,3,-8,PS,4098.8568
2025-11-20 01:00:00,2025,11,20,1,3,-8,PS,3969.4451
2025-11-20 02:00:00,2025,11,20,2,3,-8,PS,3890.407
2025-11-20 03:00:00,2025,11,20,3,3,-8,PS,3859.7706
2025-11-20 04:00:00,2025,11,20,4,3,-8,PS,3900.9213000000004
2025-11-20 05:00:00,2025,11,20,5,3,-8,PS,4049.0326999999997
2025-11-20 06:00:00,2025,11,20,6,3,-8,PS,4279.4697
2025-11-20 07:00:00,2025,11,20,7,3,-8,PS,4411.764
2025-11-20 08:00:00,2025,11,20,8,3,-8,PS,4407.142
2025-11-20 09:00:00,2025,11,20,9,3,-8,PS,4339.9464
2025-11-20 10:00:00,2025,11,20,10,3,-8,PS,4298.5283
2025-11-20 11:00:00,2025,11,20,11,3,-8,PS,4272.3372
2025-11-20 12:00:00,2025,11,20,12,3,-8,PS,4271.665800000001
2025-11-20 13:00:00,2025,11,20,13,3,-8,PS,4315.1075
2025-11-20 14:00:00,2025,11,20,14,3,-8,PS,4419.034000000001
2025-11-20 15:00:00,2025,11,20,15,3,-8,PS,4547.275100000001
2025-11-20 16:00:00,2025,11,20,16,3,-8,PS,4717.2952
2025-11-20 17:00:00,2025,11,20,17,3,-8,PS,4872.8484
2025-11-20 18:00:00,2025,11,20,18,3,-8,PS,4800.1602
2025-11-20 19:00:00,2025,11,20,19,3,-8,PS,4721.9838
2025-11-20 20:00:00,2025,11,20,20,3,-8,PS,4640.0284
2025-11-20 21:00:00,2025,11,20,21,3,-8,PS,4520.1881
2025-11-20 22:00:00,2025,11,20,22,3,-8,PS,4344.0906
2025-11-20 23:00:00,2025,11,20,23,3,-8,PS,4133.6808
2025-11-21 00:00:00,2025,11,21,0,4,-7,PS,3970.6229
2025-11-21 01:00:00,2025,11,21,1,4,-7,PS,3856.6462
2025-11-21 02:00:00,2025,11,21,2,4,-7,PS,3797.0118
2025-11-21 03:00:00,2025,11,21,3,4,-7,PS,3777.1000999999997
2025-11-21 04:00:00,2025,11,21,4,4,-7,PS,3826.7311
2025-11-21 05:00:00,2025,11,21,5,4,-7,PS,3993.4474
2025-11-21 06:00:00,2025,11,21,6,4,-7,PS,4263.5598
2025-11-21 07:00:00,2025,11,21,7,4,-7,PS,4401.2591
2025-11-21 08:00:00,2025,11,21,8,4,-7,PS,4408.7186
2025-11-21 09:00:00,2025,11,21,9,4,-7,PS,4352.3237
2025-11-21 10:00:00,2025,11,21,10,4,-7,PS,4304.9727
2025-11-21 11:00:00,2025,11,21,11,4,-7,PS,4305.5827
2025-11-21 12:00:00,2025,11,21,12,4,-7,PS,4361.5881
2025-11-21 13:00:00,2025,11,21,13,4,-7,PS,4414.1123
2025-11-21 14:00:00,2025,11,21,14,4,-7,PS,4522.5016000000005
2025-11-21 15:00:00,2025,11,21,15,4,-7,PS,4666.5534
2025-11-21 16:00:00,2025,11,21,16,4,-7,PS,4882.9174
2025-11-21 17:00:00,2025,11,21,17,4,-7,PS,5073.4634
2025-11-21 18:00:00,2025,11,21,18,4,-7,PS,5025.5985
2025-11-21 19:00:00,2025,11,21,19,4,-7,PS,4948.7807999999995
2025-11-21 20:00:00,2025,11,21,20,4,-7,PS,4860.3392
2025-11-21 21:00:00,2025,11,21,21,4,-7,PS,4718.8736
2025-11-21 22:00:00,2025,11,21,22,4,-7,PS,4521.4659
2025-11-21 23:00:00,2025,11,21,23,4,-7,PS,4323.8225
2025-11-22 00:00:00,2025,11,22,0,5,-6,PS,4114.2264
2025-11-22 01:00:00,2025,11,22,1,5,-6,PS,3974.5998
2025-11-22 02:00:00,2025,11,22,2,5,-6,PS,3890.6794
2025-11-22 03:00:00,2025,11,22,3,5,-6,PS,3847.7918
2025-11-22 04:00:00,2025,11,22,4,5,-6,PS,3860.9225999999994
2025-11-22 05:00:00,2025,11,22,5,5,-6,PS,3944.9978
2025-11-22 06:00:00,2025,11,22,6,5,-6,PS,4080.6262
2025-11-22 07:00:00,2025,11,22,7,5,-6,PS,4130.250999999999
2025-11-22 08:00:00,2025,11,22,8,5,-6,PS,4124.5832
2025-11-22 09:00:00,2025,11,22,9,5,-6,PS,4012.1058
2025-11-22 10:00:00,2025,11,22,10,5,-6,PS,3897.8782
2025-11-22 11:00:00,2025,11,22,11,5,-6,PS,3857.0206
2025-11-22 12:00:00,2025,11,22,12,5,-6,PS,3867.8522
2025-11-22 13:00:00,2025,11,22,13,5,-6,PS,3922.0267999999996
2025-11-22 14:00:00,2025,11,22,14,5,-6,PS,4072.5652
2025-11-22 15:00:00,2025,11,22,15,5,-6,PS,4264.3004
2025-11-22 16:00:00,2025,11,22,16,5,-6,PS,4546.3604
2025-11-22 17:00:00,2025,11,22,17,5,-6,PS,4792.3194
2025-11-22 18:00:00,2025,11,22,18,5,-6,PS,4788.6476
2025-11-22 19:00:00,2025,11,22,19,5,-6,PS,4737.6898
2025-11-22 20:00:00,2025,11,22,20,5,-6,PS,4662.8078000000005
2025-11-22 21:00:00,2025,11,22,21,5,-6,PS,4546.9322
2025-11-22 22:00:00,2025,11,22,22,5,-6,PS,4400.3928
2025-11-22 23:00:00,2025,11,22,23,5,-6,PS,4198.9752
2025-11-23 00:00:00,2025,11,23,0,6,-5,PS,4035.4434
2025-11-23 01:00:00,2025,11,23,1,6,-5,PS,3917.9354
2025-11-23 02:00:00,2025,11,23,2,6,-5,PS,3835.5912
2025-11-23 03:00:00,2025,11,23,3,6,-5,PS,3793.7937999999995
2025-11-23 04:00:00,2025,11,23,4,6,-5,PS,3796.3172
2025-11-23 05:00:00,2025,11,23,5,6,-5,PS,3849.5356
2025-11-23 06:00:00,2025,11,23,6,6,-5,PS,3937.7788
2025-11-23 07:00:00,2025,11,23,7,6,-5,PS,3969.0951999999997
2025-11-23 08:00:00,2025,11,23,8,6,-5,PS,3942.0379999999996
2025-11-23 09:00:00,2025,11,23,9,6,-5,PS,3892.6263999999996
2025-11-23 10:00:00,2025,11,23,10,6,-5,PS,3839.3182
2025-11-23 11:00:00,2025,11,23,11,6,-5,PS,3841.3134
2025-11-23 12:00:00,2025,11,23,12,6,-5,PS,3885.8184
2025-11-23 13:00:00,2025,11,23,13,6,-5,PS,3985.1966
2025-11-23 14:00:00,2025,11,23,14,6,-5,PS,4156.1322
2025-11-23 15:00:00,2025,11,23,15,6,-5,PS,4358.4954
2025-11-23 16:00:00,2025,11,23,16,6,-5,PS,4635.7932
2025-11-23 17:00:00,2025,11,23,17,6,-5,PS,4874.2904
2025-11-23 18:00:00,2025,11,23,18,6,-5,PS,4873.5958
2025-11-23 19:00:00,2025,11,23,19,6,-5,PS,4824.4018
2025-11-23 20:00:00,2025,11,23,20,6,-5,PS,4744.1528
2025-11-23 21:00:00,2025,11,23,21,6,-5,PS,4596.0598
2025-11-23 22:00:00,2025,11,23,22,6,-5,PS,4402.097400000001
2025-11-23 23:00:00,2025,11,23,23,6,-5,PS,4166.2604
2025-11-24 00:00:00,2025,11,24,0,0,-4,PS,3989.153
2025-11-24 01:00:00,2025,11,24,1,0,-4,PS,3883.5008000000003
2025-11-24 02:00:00,2025,11,24,2,0,-4,PS,3826.352
2025-11-24 03:00:00,2025,11,24,3,0,-4,PS,3829.6402000000003
2025-11-24 04:00:00,2025,11,24,4,0,-4,PS,3917.6708
2025-11-24 05:00:00,2025,11,24,5,0,-4,PS,4142.4948
2025-11-24 06:00:00,2025,11,24,6,0,-4,PS,4513.034600000001
2025-11-24 07:00:00,2025,11,24,7,0,-4,PS,4746.6305999999995
2025-11-24 08:00:00,2025,11,24,8,0,-4,PS,4745.7698
2025-11-24 09:00:00,2025,11,24,9,0,-4,PS,4664.4416
2025-11-24 10:00:00,2025,11,24,10,0,-4,PS,4556.9368
2025-11-24 11:00:00,2025,11,24,11,0,-4,PS,4459.7286
2025-11-24 12:00:00,2025,11,24,12,0,-4,PS,4433.192
2025-11-24 13:00:00,2025,11,24,13,0,-4,PS,4491.9138
2025-11-24 14:00:00,2025,11,24,14,0,-4,PS,4646.4938
2025-11-24 15:00:00,2025,11,24,15,0,-4,PS,4847.741400000001
2025-11-24 16:00:00,2025,11,24,16,0,-4,PS,5117.5614000000005
2025-11-24 17:00:00,2025,11,24,17,0,-4,PS,5379.9434
2025-11-24 18:00:00,2025,11,24,18,0,-4,PS,5341.4474
2025-11-24 19:00:00,2025,11,24,19,0,-4,PS,5266.2146
2025-11-24 20:00:00,2025,11,24,20,0,-4,PS,5161.1089999999995
2025-11-24 21:00:00,2025,11,24,21,0,-4,PS,4951.856
2025-11-24 22:00:00,2025,11,24,22,0,-4,PS,4699.4402
2025-11-24 23:00:00,2025,11,24,23,0,-4,PS,4416.352400000001
2025-11-25 00:00:00,2025,11,25,0,1,-3,PS,4204.1436
2025-11-25 01:00:00,2025,11,25,1,1,-3,PS,4080.2614000000003
2025-11-25 02:00:00,2025,11,25,2,1,-3,PS,4019.4763999999996
2025-11-25 03:00:00,2025,11,25,3,1,-3,PS,4010.9714
2025-11-25 04:00:00,2025,11,25,4,1,-3,PS,4086.007
2025-11-25 05:00:00,2025,11,25,5,1,-3,PS,4294.2758
2025-11-25 06:00:00,2025,11,25,6,1,-3,PS,4659.0364
2025-11-25 07:00:00,2025,11,25,7,1,-3,PS,4875.4764
2025-11-25 08:00:00,2025,11,25,8,1,-3,PS,4868.0650000000005
2025-11-25 09:00:00,2025,11,25,9,1,-3,PS,4799.6998
2025-11-25 10:00:00,2025,11,25,10,1,-3,PS,4739.405000000001
2025-11-25 11:00:00,2025,11,25,11,1,-3,PS,4670.2858
2025-11-25 12:00:00,2025,11,25,12,1,-3,PS,4611.8114000000005
2025-11-25 13:00:00,2025,11,25,13,1,-3,PS,4667.7246
2025-11-25 14:00:00,2025,11,25,14,1,-3,PS,4777.537399999999
2025-11-25 15:00:00,2025,11,25,15,1,-3,PS,4946.133400000001
2025-11-25 16:00:00,2025,11,25,16,1,-3,PS,5172.9692
2025-11-25 17:00:00,2025,11,25,17,1,-3,PS,5399.5578
2025-11-25 18:00:00,2025,11,25,18,1,-3,PS,5346.633400000001
2025-11-25 19:00:00,2025,11,25,19,1,-3,PS,5270.2894
2025-11-25 20:00:00,2025,11,25,20,1,-3,PS,5156.462
2025-11-25 21:00:00,2025,11,25,21,1,-3,PS,4969.2172
2025-11-25 22:00:00,2025,11,25,22,1,-3,PS,4736.0634
2025-11-25 23:00:00,2025,11,25,23,1,-3,PS,4456.2572
2025-11-26 00:00:00,2025,11,26,0,2,-2,PS,4190.048000000001
2025-11-26 01:00:00,2025,11,26,1,2,-2,PS,4057.6157
2025-11-26 02:00:00,2025,11,26,2,2,-2,PS,3987.2428
2025-11-26 03:00:00,2025,11,26,3,2,-2,PS,3966.1598
2025-11-26 04:00:00,2025,11,26,4,2,-2,PS,4033.3039
2025-11-26 05:00:00,2025,11,26,5,2,-2,PS,4240.4011
2025-11-26 06:00:00,2025,11,26,6,2,-2,PS,4597.1543
2025-11-26 07:00:00,2025,11,26,7,2,-2,PS,4796.6646
2025-11-26 08:00:00,2025,11,26,8,2,-2,PS,4764.1311000000005
2025-11-26 09:00:00,2025,11,26,9,2,-2,PS,4638.555
2025-11-26 10:00:00,2025,11,26,10,2,-2,PS,4540.694
2025-11-26 11:00:00,2025,11,26,11,2,-2,PS,4490.1025
2025-11-26 12:00:00,2025,11,26,12,2,-2,PS,4474.4053
2025-11-26 13:00:00,2025,11,26,13,2,-2,PS,4554.3451000000005
2025-11-26 14:00:00,2025,11,26,14,2,-2,PS,4676.0786
2025-11-26 15:00:00,2025,11,26,15,2,-2,PS,4814.0912
2025-11-26 16:00:00,2025,11,26,16,2,-2,PS,5032.043299999999
2025-11-26 17:00:00,2025,11,26,17,2,-2,PS,5245.9508000000005
2025-11-26 18:00:00,2025,11,26,18,2,-2,PS,5186.2453000000005
2025-11-26 19:00:00,2025,11,26,19,2,-2,PS,5104.9234
2025-11-26 20:00:00,2025,11,26,20,2,-2,PS,4987.2037
2025-11-26 21:00:00,2025,11,26,21,2,-2,PS,4805.7086
2025-11-26 22:00:00,2025,11,26,22,2,-2,PS,4564.0475
2025-11-26 23:00:00,2025,11,26,23,2,-2,PS,4303.3126
2025-11-27 00:00:00,2025,11,27,0,3,-1,PS,4098.8568
2025-11-27 01:00:00,2025,11,27,1,3,-1,PS,3969.4451
2025-11-27 02:00:00,2025,11,27,2,3,-1,PS,3890.407
2025-11-27 03:00:00,2025,11,27,3,3,-1,PS,3859.7706
2025-11-27 04:00:00,2025,11,27,4,3,-1,PS,3900.9213000000004
2025-11-27 05:00:00,2025,11,27,5,3,-1,PS,4049.0326999999997
2025-11-27 06:00:00,2025,11,27,6,3,-1,PS,4279.4697
2025-11-27 07:00:00,2025,11,27,7,3,-1,PS,4411.764
2025-11-27 08:00:00,2025,11,27,8,3,-1,PS,4407.142
2025-11-27 09:00:00,2025,11,27,9,3,-1,PS,4339.9464
2025-11-27 10:00:00,2025,11,27,10,3,-1,PS,4298.5283
2025-11-27 11:00:00,2025,11,27,11,3,-1,PS,4272.3372
2025-11-27 12:00:00,2025,11,27,12,3,-1,PS,4271.665800000001
2025-11-27 13:00:00,2025,11,27,13,3,-1,PS,4315.1075
2025-11-27 14:00:00,2025,11,27,14,3,-1,PS,4419.034000000001
2025-11-27 15:00:00,2025,11,27,15,3,-1,PS,4547.275100000001
2025-11-27 16:00:00,2025,11,27,16,3,-1,PS,4717.2952
2025-11-27 17:00:00,2025,11,27,17,3,-1,PS,4872.8484
2025-11-27 18:00:00,2025,11,27,18,3,-1,PS,4800.1602
2025-11-27 19:00:00,2025,11,27,19,3,-1,PS,4721.9838
2025-11-27 20:00:00,2025,11,27,20,3,-1,PS,4640.0284
2025-11-27 21:00:00,2025,11,27,21,3,-1,PS,4520.1881
2025-11-27 22:00:00,2025,11,27,22,3,-1,PS,4344.0906
2025-11-27 23:00:00,2025,11,27,23,3,-1,PS,4133.6808
2025-11-28 00:00:00,2025,11,28,0,4,0,PS,3970.6229
2025-11-28 01:00:00,2025,11,28,1,4,0,PS,3856.6462
2025-11-28 02:00:00,2025,11,28,2,4,0,PS,3797.0118
2025-11-28 03:00:00,2025,11,28,3,4,0,PS,3777.1000999999997
2025-11-28 04:00:00,2025,11,28,4,4,0,PS,3826.7311
2025-11-28 05:00:00,2025,11,28,5,4,0,PS,3993.4474
2025-11-28 06:00:00,2025,11,28,6,4,0,PS,4263.5598
2025-11-28 07:00:00,2025,11,28,7,4,0,PS,4401.2591
2025-11-28 08:00:00,2025,11,28,8,4,0,PS,4408.7186
2025-11-28 09:00:00,2025,11,28,9,4,0,PS,4352.3237
2025-11-28 10:00:00,2025,11,28,10,4,0,PS,4304.9727
2025-11-28 11:00:00,2025,11,28,11,4,0,PS,4305.5827
2025-11-28 12:00:00,2025,11,28,12,4,0,PS,4361.5881
2025-11-28 13:00:00,2025,11,28,13,4,0,PS,4414.1123
2025-11-28 14:00:00,2025,11,28,14,4,0,PS,4522.5016000000005
2025-11-28 15:00:00,2025,11,28,15,4,0,PS,4666.5534
2025-11-28 16:00:00,2025,11,28,16,4,0,PS,4882.9174
2025-11-28 17:00:00,2025,11,28,17,4,0,PS,5073.4634
2025-11-28 18:00:00,2025,11,28,18,4,0,PS,5025.5985
2025-11-28 19:00:00,2025,11,28,19,4,0,PS,4948.7807999999995
2025-11-28 20:00:00,2025,11,28,20,4,0,PS,4860.3392
2025-11-28 21:00:00,2025,11,28,21,4,0,PS,4718.8736
2025-11-28 22:00:00,2025,11,28,22,4,0,PS,4521.4659
2025-11-28 23:00:00,2025,11,28,23,4,0,PS,4323.8225
2025-11-19 00:00:00,2025,11,19,0,2,-9,RECO,126.8039
2025-11-19 01:00:00,2025,11,19,1,2,-9,RECO,122.474
2025-11-19 02:00:00,2025,11,19,2,2,-9,RECO,120.3021
2025-11-19 03:00:00,2025,11,19,3,2,-9,RECO,120.10119999999999
2025-11-19 04:00:00,2025,11,19,4,2,-9,RECO,122.3769
2025-11-19 05:00:00,2025,11,19,5,2,-9,RECO,128.8673
2025-11-19 06:00:00,2025,11,19,6,2,-9,RECO,140.76
2025-11-19 07:00:00,2025,11,19,7,2,-9,RECO,151.272
2025-11-19 08:00:00,2025,11,19,8,2,-9,RECO,154.522
2025-11-19 09:00:00,2025,11,19,9,2,-9,RECO,154.1182
2025-11-19 10:00:00,2025,11,19,10,2,-9,RECO,153.231
2025-11-19 11:00:00,2025,11,19,11,2,-9,RECO,152.254
2025-11-19 12:00:00,2025,11,19,12,2,-9,RECO,151.09160000000003
2025-11-19 13:00:00,2025,11,19,13,2,-9,RECO,152.64839999999998
2025-11-19 14:00:00,2025,11,19,14,2,-9,RECO,154.2083
2025-11-19 15:00:00,2025,11,19,15,2,-9,RECO,156.5096
2025-11-19 16:00:00,2025,11,19,16,2,-9,RECO,165.32049999999998
2025-11-19 17:00:00,2025,11,19,17,2,-9,RECO,174.0394
2025-11-19 18:00:00,2025,11,19,18,2,-9,RECO,172.3319
2025-11-19 19:00:00,2025,11,19,19,2,-9,RECO,168.009
2025-11-19 20:00:00,2025,11,19,20,2,-9,RECO,162.6069
2025-11-19 21:00:00,2025,11,19,21,2,-9,RECO,154.8298
2025-11-19 22:00:00,2025,11,19,22,2,-9,RECO,144.1393
2025-11-19 23:00:00,2025,11,19,23,2,-9,RECO,133.13479999999998
2025-11-20 00:00:00,2025,11,20,0,3,-8,RECO,125.18769999999999
2025-11-20 01:00:00,2025,11,20,1,3,-8,RECO,120.87539999999998
2025-11-20 02:00:00,2025,11,20,2,3,-8,RECO,117.86189999999999
2025-11-20 03:00:00,2025,11,20,3,3,-8,RECO,117.45039999999999
2025-11-20 04:00:00,2025,11,20,4,3,-8,RECO,118.8625
2025-11-20 05:00:00,2025,11,20,5,3,-8,RECO,124.0465
2025-11-20 06:00:00,2025,11,20,6,3,-8,RECO,132.6591
2025-11-20 07:00:00,2025,11,20,7,3,-8,RECO,139.884
2025-11-20 08:00:00,2025,11,20,8,3,-8,RECO,143.5903
2025-11-20 09:00:00,2025,11,20,9,3,-8,RECO,145.1619
2025-11-20 10:00:00,2025,11,20,10,3,-8,RECO,146.33769999999998
2025-11-20 11:00:00,2025,11,20,11,3,-8,RECO,146.7386
2025-11-20 12:00:00,2025,11,20,12,3,-8,RECO,147.3238
2025-11-20 13:00:00,2025,11,20,13,3,-8,RECO,147.3576
2025-11-20 14:00:00,2025,11,20,14,3,-8,RECO,148.33110000000002
2025-11-20 15:00:00,2025,11,20,15,3,-8,RECO,150.1787
2025-11-20 16:00:00,2025,11,20,16,3,-8,RECO,157.5423
2025-11-20 17:00:00,2025,11,20,17,3,-8,RECO,164.4477
2025-11-20 18:00:00,2025,11,20,18,3,-8,RECO,161.8269
2025-11-20 19:00:00,2025,11,20,19,3,-8,RECO,158.4578
2025-11-20 20:00:00,2025,11,20,20,3,-8,RECO,154.73039999999997
2025-11-20 21:00:00,2025,11,20,21,3,-8,RECO,148.8289
2025-11-20 22:00:00,2025,11,20,22,3,-8,RECO,140.1273
2025-11-20 23:00:00,2025,11,20,23,3,-8,RECO,130.5361
2025-11-21 00:00:00,2025,11,21,0,4,-7,RECO,122.99010000000001
2025-11-21 01:00:00,2025,11,21,1,4,-7,RECO,118.6588
2025-11-21 02:00:00,2025,11,21,2,4,-7,RECO,116.4499
2025-11-21 03:00:00,2025,11,21,3,4,-7,RECO,116.0338
2025-11-21 04:00:00,2025,11,21,4,4,-7,RECO,117.82719999999999
2025-11-21 05:00:00,2025,11,21,5,4,-7,RECO,123.16780000000001
2025-11-21 06:00:00,2025,11,21,6,4,-7,RECO,132.6056
2025-11-21 07:00:00,2025,11,21,7,4,-7,RECO,139.8942
2025-11-21 08:00:00,2025,11,21,8,4,-7,RECO,144.22899999999998
2025-11-21 09:00:00,2025,11,21,9,4,-7,RECO,146.2995
2025-11-21 10:00:00,2025,11,21,10,4,-7,RECO,144.62550000000002
2025-11-21 11:00:00,2025,11,21,11,4,-7,RECO,146.065
2025-11-21 12:00:00,2025,11,21,12,4,-7,RECO,145.70999999999998
2025-11-21 13:00:00,2025,11,21,13,4,-7,RECO,146.3408
2025-11-21 14:00:00,2025,11,21,14,4,-7,RECO,148.1463
2025-11-21 15:00:00,2025,11,21,15,4,-7,RECO,151.0268
2025-11-21 16:00:00,2025,11,21,16,4,-7,RECO,160.0888
2025-11-21 17:00:00,2025,11,21,17,4,-7,RECO,168.07760000000002
2025-11-21 18:00:00,2025,11,21,18,4,-7,RECO,166.2441
2025-11-21 19:00:00,2025,11,21,19,4,-7,RECO,161.72830000000002
2025-11-21 20:00:00,2025,11,21,20,4,-7,RECO,157.452
2025-11-21 21:00:00,2025,11,21,21,4,-7,RECO,151.9241
2025-11-21 22:00:00,2025,11,21,22,4,-7,RECO,143.2433
2025-11-21 23:00:00,2025,11,21,23,4,-7,RECO,133.7609
2025-11-22 00:00:00,2025,11,22,0,5,-6,RECO,125.0714
2025-11-22 01:00:00,2025,11,22,1,5,-6,RECO,120.4546
2025-11-22 02:00:00,2025,11,22,2,5,-6,RECO,118.0308
2025-11-22 03:00:00,2025,11,22,3,5,-6,RECO,117.3962
2025-11-22 04:00:00,2025,11,22,4,5,-6,RECO,118.08099999999999
2025-11-22 05:00:00,2025,11,22,5,5,-6,RECO,120.92519999999999
2025-11-22 06:00:00,2025,11,22,6,5,-6,RECO,126.6462
2025-11-22 07:00:00,2025,11,22,7,5,-6,RECO,130.6542
2025-11-22 08:00:00,2025,11,22,8,5,-6,RECO,133.9634
2025-11-22 09:00:00,2025,11,22,9,5,-6,RECO,133.8614
2025-11-22 10:00:00,2025,11,22,10,5,-6,RECO,133.0342
2025-11-22 11:00:00,2025,11,22,11,5,-6,RECO,132.0434
2025-11-22 12:00:00,2025,11,22,12,5,-6,RECO,130.0966
2025-11-22 13:00:00,2025,11,22,13,5,-6,RECO,129.4234
2025-11-22 14:00:00,2025,11,22,14,5,-6,RECO,132.1512
2025-11-22 15:00:00,2025,11,22,15,5,-6,RECO,136.19459999999998
2025-11-22 16:00:00,2025,11,22,16,5,-6,RECO,146.8484
2025-11-22 17:00:00,2025,11,22,17,5,-6,RECO,157.0428
2025-11-22 18:00:00,2025,11,22,18,5,-6,RECO,156.9414
2025-11-22 19:00:00,2025,11,22,19,5,-6,RECO,154.221
2025-11-22 20:00:00,2025,11,22,20,5,-6,RECO,150.7276
2025-11-22 21:00:00,2025,11,22,21,5,-6,RECO,145.8924
2025-11-22 22:00:00,2025,11,22,22,5,-6,RECO,138.8646
2025-11-22 23:00:00,2025,11,22,23,5,-6,RECO,130.6712
2025-11-23 00:00:00,2025,11,23,0,6,-5,RECO,123.9156
2025-11-23 01:00:00,2025,11,23,1,6,-5,RECO,119.28600000000002
2025-11-23 02:00:00,2025,11,23,2,6,-5,RECO,116.9564
2025-11-23 03:00:00,2025,11,23,3,6,-5,RECO,116.0368
2025-11-23 04:00:00,2025,11,23,4,6,-5,RECO,116.5106
2025-11-23 05:00:00,2025,11,23,5,6,-5,RECO,118.4422
2025-11-23 06:00:00,2025,11,23,6,6,-5,RECO,122.152
2025-11-23 07:00:00,2025,11,23,7,6,-5,RECO,124.143
2025-11-23 08:00:00,2025,11,23,8,6,-5,RECO,125.46020000000001
2025-11-23 09:00:00,2025,11,23,9,6,-5,RECO,125.61980000000001
2025-11-23 10:00:00,2025,11,23,10,6,-5,RECO,125.6328
2025-11-23 11:00:00,2025,11,23,11,6,-5,RECO,126.7104
2025-11-23 12:00:00,2025,11,23,12,6,-5,RECO,126.9668
2025-11-23 13:00:00,2025,11,23,13,6,-5,RECO,128.7892
2025-11-23 14:00:00,2025,11,23,14,6,-5,RECO,131.7704
2025-11-23 15:00:00,2025,11,23,15,6,-5,RECO,138.0762
2025-11-23 16:00:00,2025,11,23,16,6,-5,RECO,149.0504
2025-11-23 17:00:00,2025,11,23,17,6,-5,RECO,159.058
2025-11-23 18:00:00,2025,11,23,18,6,-5,RECO,159.1902
2025-11-23 19:00:00,2025,11,23,19,6,-5,RECO,156.4018
2025-11-23 20:00:00,2025,11,23,20,6,-5,RECO,152.1816
2025-11-23 21:00:00,2025,11,23,21,6,-5,RECO,145.58020000000002
2025-11-23 22:00:00,2025,11,23,22,6,-5,RECO,136.1784
2025-11-23 23:00:00,2025,11,23,23,6,-5,RECO,126.875
2025-11-24 00:00:00,2025,11,24,0,0,-4,RECO,120.69560000000001
2025-11-24 01:00:00,2025,11,24,1,0,-4,RECO,117.71200000000002
2025-11-24 02:00:00,2025,11,24,2,0,-4,RECO,116.48119999999999
2025-11-24 03:00:00,2025,11,24,3,0,-4,RECO,117.05760000000001
2025-11-24 04:00:00,2025,11,24,4,0,-4,RECO,119.7734
2025-11-24 05:00:00,2025,11,24,5,0,-4,RECO,126.1546
2025-11-24 06:00:00,2025,11,24,6,0,-4,RECO,139.1796
2025-11-24 07:00:00,2025,11,24,7,0,-4,RECO,151.0706
2025-11-24 08:00:00,2025,11,24,8,0,-4,RECO,155.5968
2025-11-24 09:00:00,2025,11,24,9,0,-4,RECO,155.6018
2025-11-24 10:00:00,2025,11,24,10,0,-4,RECO,153.3778
2025-11-24 11:00:00,2025,11,24,11,0,-4,RECO,151.164
2025-11-24 12:00:00,2025,11,24,12,0,-4,RECO,150.1202
2025-11-24 13:00:00,2025,11,24,13,0,-4,RECO,151.005
2025-11-24 14:00:00,2025,11,24,14,0,-4,RECO,153.3734
2025-11-24 15:00:00,2025,11,24,15,0,-4,RECO,156.6472
2025-11-24 16:00:00,2025,11,24,16,0,-4,RECO,166.72480000000002
2025-11-24 17:00:00,2025,11,24,17,0,-4,RECO,176.9758
2025-11-24 18:00:00,2025,11,24,18,0,-4,RECO,176.56660000000002
2025-11-24 19:00:00,2025,11,24,19,0,-4,RECO,172.0562
2025-11-24 20:00:00,2025,11,24,20,0,-4,RECO,166.869
2025-11-24 21:00:00,2025,11,24,21,0,-4,RECO,158.5294
2025-11-24 22:00:00,2025,11,24,22,0,-4,RECO,146.5498
2025-11-24 23:00:00,2025,11,24,23,0,-4,RECO,135.0096
2025-11-25 00:00:00,2025,11,25,0,1,-3,RECO,127.0258
2025-11-25 01:00:00,2025,11,25,1,1,-3,RECO,122.66720000000001
2025-11-25 02:00:00,2025,11,25,2,1,-3,RECO,120.6822
2025-11-25 03:00:00,2025,11,25,3,1,-3,RECO,120.87559999999999
2025-11-25 04:00:00,2025,11,25,4,1,-3,RECO,123.4032
2025-11-25 05:00:00,2025,11,25,5,1,-3,RECO,129.9812
2025-11-25 06:00:00,2025,11,25,6,1,-3,RECO,142.4676
2025-11-25 07:00:00,2025,11,25,7,1,-3,RECO,153.72719999999998
2025-11-25 08:00:00,2025,11,25,8,1,-3,RECO,158.0842
2025-11-25 09:00:00,2025,11,25,9,1,-3,RECO,159.1674
2025-11-25 10:00:00,2025,11,25,10,1,-3,RECO,157.858
2025-11-25 11:00:00,2025,11,25,11,1,-3,RECO,155.6492
2025-11-25 12:00:00,2025,11,25,12,1,-3,RECO,154.45340000000002
2025-11-25 13:00:00,2025,11,25,13,1,-3,RECO,154.7218
2025-11-25 14:00:00,2025,11,25,14,1,-3,RECO,156.41039999999998
2025-11-25 15:00:00,2025,11,25,15,1,-3,RECO,160.1408
2025-11-25 16:00:00,2025,11,25,16,1,-3,RECO,169.3952
2025-11-25 17:00:00,2025,11,25,17,1,-3,RECO,178.0288
2025-11-25 18:00:00,2025,11,25,18,1,-3,RECO,176.50119999999998
2025-11-25 19:00:00,2025,11,25,19,1,-3,RECO,172.1892
2025-11-25 20:00:00,2025,11,25,20,1,-3,RECO,167.0606
2025-11-25 21:00:00,2025,11,25,21,1,-3,RECO,159.9052
2025-11-25 22:00:00,2025,11,25,22,1,-3,RECO,148.671
2025-11-25 23:00:00,2025,11,25,23,1,-3,RECO,137.0146
2025-11-26 00:00:00,2025,11,26,0,2,-2,RECO,126.8039
2025-11-26 01:00:00,2025,11,26,1,2,-2,RECO,122.474
2025-11-26 02:00:00,2025,11,26,2,2,-2,RECO,120.3021
2025-11-26 03:00:00,2025,11,26,3,2,-2,RECO,120.10119999999999
2025-11-26 04:00:00,2025,11,26,4,2,-2,RECO,122.3769
2025-11-26 05:00:00,2025,11,26,5,2,-2,RECO,128.8673
2025-11-26 06:00:00,2025,11,26,6,2,-2,RECO,140.76
2025-11-26 07:00:00,2025,11,26,7,2,-2,RECO,151.272
2025-11-26 08:00:00,2025,11,26,8,2,-2,RECO,154.522
2025-11-26 09:00:00,2025,11,26,9,2,-2,RECO,154.1182
2025-11-26 10:00:00,2025,11,26,10,2,-2,RECO,153.231
2025-11-26 11:00:00,2025,11,26,11,2,-2,RECO,152.254
2025-11-26 12:00:00,2025,11,26,12,2,-2,RECO,151.09160000000003
2025-11-26 13:00:00,2025,11,26,13,2,-2,RECO,152.64839999999998
2025-11-26 14:00:00,2025,11,26,14,2,-2,RECO,154.2083
2025-11-26 15:00:00,2025,11,26,15,2,-2,RECO,156.5096
2025-11-26 16:00:00,2025,11,26,16,2,-2,RECO,165.32049999999998
2025-11-26 17:00:00,2025,11,26,17,2,-2,RECO,174.0394
2025-11-26 18:00:00,2025,11,26,18,2,-2,RECO,172.3319
2025-11-26 19:00:00,2025,11,26,19,2,-2,RECO,168.009
2025-11-26 20:00:00,2025,11,26,20,2,-2,RECO,162.6069
2025-11-26 21:00:00,2025,11,26,21,2,-2,RECO,154.8298
2025-11-26 22:00:00,2025,11,26,22,2,-2,RECO,144.1393
2025-11-26 23:00:00,2025,11,26,23,2,-2,RECO,133.13479999999998
2025-11-27 00:00:00,2025,11,27,0,3,-1,RECO,125.18769999999999
2025-11-27 01:00:00,2025,11,27,1,3,-1,RECO,120.87539999999998
2025-11-27 02:00:00,2025,11,27,2,3,-1,RECO,117.86189999999999
2025-11-27 03:00:00,2025,11,27,3,3,-1,RECO,117.45039999999999
2025-11-27 04:00:00,2025,11,27,4,3,-1,RECO,118.8625
2025-11-27 05:00:00,2025,11,27,5,3,-1,RECO,124.0465
2025-11-27 06:00:00,2025,11,27,6,3,-1,RECO,132.6591
2025-11-27 07:00:00,2025,11,27,7,3,-1,RECO,139.884
2025-11-27 08:00:00,2025,11,27,8,3,-1,RECO,143.5903
2025-11-27 09:00:00,2025,11,27,9,3,-1,RECO,145.1619
2025-11-27 10:00:00,2025,11,27,10,3,-1,RECO,146.33769999999998
2025-11-27 11:00:00,2025,11,27,11,3,-1,RECO,146.7386
2025-11-27 12:00:00,2025,11,27,12,3,-1,RECO,147.3238
2025-11-27 13:00:00,2025,11,27,13,3,-1,RECO,147.3576
2025-11-27 14:00:00,2025,11,27,14,3,-1,RECO,148.33110000000002
2025-11-27 15:00:00,2025,11,27,15,3,-1,RECO,150.1787
2025-11-27 16:00:00,2025,11,27,16,3,-1,RECO,157.5423
2025-11-27 17:00:00,2025,11,27,17,3,-1,RECO,164.4477
2025-11-27 18:00:00,2025,11,27,18,3,-1,RECO,161.8269
2025-11-27 19:00:00,2025,11,27,19,3,-1,RECO,158.4578
2025-11-27 20:00:00,2025,11,27,20,3,-1,RECO,154.73039999999997
2025-11-27 21:00:00,2025,11,27,21,3,-1,RECO,148.8289
2025-11-27 22:00:00,2025,11,27,22,3,-1,RECO,140.1273
2025-11-27 23:00:00,2025,11,27,23,3,-1,RECO,130.5361
2025-11-28 00:00:00,2025,11,28,0,4,0,RECO,122.99010000000001
2025-11-28 01:00:00,2025,11,28,1,4,0,RECO,118.6588
2025-11-28 02:00:00,2025,11,28,2,4,0,RECO,116.4499
2025-11-28 03:00:00,2025,11,28,3,4,0,RECO,116.0338
2025-11-28 04:00:00,2025,11,28,4,4,0,RECO,117.82719999999999
2025-11-28 05:00:00,2025,11,28,5,4,0,RECO,123.16780000000001
2025-11-28 06:00:00,2025,11,28,6,4,0,RECO,132.6056
2025-11-28 07:00:00,2025,11,28,7,4,0,RECO,139.8942
2025-11-28 08:00:00,2025,11,28,8,4,0,RECO,144.22899999999998
2025-11-28 09:00:00,2025,11,28,9,4,0,RECO,146.2995
2025-11-28 10:00:00,2025,11,28,10,4,0,RECO,144.62550000000002
2025-11-28 11:00:00,2025,11,28,11,4,0,RECO,146.065
2025-11-28 12:00:00,2025,11,28,12,4,0,RECO,145.70999999999998
2025-11-28 13:00:00,2025,11,28,13,4,0,RECO,146.3408
2025-11-28 14:00:00,2025,11,28,14,4,0,RECO,148.1463
2025-11-28 15:00:00,2025,11,28,15,4,0,RECO,151.0268
2025-11-28 16:00:00,2025,11,28,16,4,0,RECO,160.0888
2025-11-28 17:00:00,2025,11,28,17,4,0,RECO,168.07760000000002
2025-11-28 18:00:00,2025,11,28,18,4,0,RECO,166.2441
2025-11-28 19:00:00,2025,11,28,19,4,0,RECO,161.72830000000002
2025-11-28 20:00:00,2025,11,28,20,4,0,RECO,157.452
2025-11-28 21:00:00,2025,11,28,21,4,0,RECO,151.9241
2025-11-28 22:00:00,2025,11,28,22,4,0,RECO,143.2433
2025-11-28 23:00:00,2025,11,28,23,4,0,RECO,133.7609
2025-11-19 00:00:00,2025,11,19,0,2,-9,RTO,80279.4317
2025-11-19 01:00:00,2025,11,19,1,2,-9,RTO,78643.18299999999
2025-11-19 02:00:00,2025,11,19,2,2,-9,RTO,77977.0966
2025-11-19 03:00:00,2025,11,19,3,2,-9,RTO,78158.31169999999
2025-11-19 04:00:00,2025,11,19,4,2,-9,RTO,79927.2281
2025-11-19 05:00:00,2025,11,19,5,2,-9,RTO,84160.106
2025-11-19 06:00:00,2025,11,19,6,2,-9,RTO,90560.0393
2025-11-19 07:00:00,2025,11,19,7,2,-9,RTO,94532.255
2025-11-19 08:00:00,2025,11,19,8,2,-9,RTO,94411.5576
2025-11-19 09:00:00,2025,11,19,9,2,-9,RTO,92525.5186
2025-11-19 10:00:00,2025,11,19,10,2,-9,RTO,90889.0499
2025-11-19 11:00:00,2025,11,19,11,2,-9,RTO,89436.4991
2025-11-19 12:00:00,2025,11,19,12,2,-9,RTO,88358.973
2025-11-19 13:00:00,2025,11,19,13,2,-9,RTO,87769.3552
2025-11-19 14:00:00,2025,11,19,14,2,-9,RTO,87357.73740000001
2025-11-19 15:00:00,2025,11,19,15,2,-9,RTO,87739.2885
2025-11-19 16:00:00,2025,11,19,16,2,-9,RTO,90061.262
2025-11-19 17:00:00,2025,11,19,17,2,-9,RTO,94028.7344
2025-11-19 18:00:00,2025,11,19,18,2,-9,RTO,94350.1296
2025-11-19 19:00:00,2025,11,19,19,2,-9,RTO,93102.6086
2025-11-19 20:00:00,2025,11,19,20,2,-9,RTO,91416.0448
2025-11-19 21:00:00,2025,11,19,21,2,-9,RTO,88588.4162
2025-11-19 22:00:00,2025,11,19,22,2,-9,RTO,84525.1017
2025-11-19 23:00:00,2025,11,19,23,2,-9,RTO,80634.5212
2025-11-20 00:00:00,2025,11,20,0,3,-8,RTO,77685.5048
2025-11-20 01:00:00,2025,11,20,1,3,-8,RTO,75947.2985
2025-11-20 02:00:00,2025,11,20,2,3,-8,RTO,75137.9829
2025-11-20 03:00:00,2025,11,20,3,3,-8,RTO,75125.02339999999
2025-11-20 04:00:00,2025,11,20,4,3,-8,RTO,76420.7601
2025-11-20 05:00:00,2025,11,20,5,3,-8,RTO,79684.2659
2025-11-20 06:00:00,2025,11,20,6,3,-8,RTO,84592.6068
2025-11-20 07:00:00,2025,11,20,7,3,-8,RTO,87851.32639999999
2025-11-20 08:00:00,2025,11,20,8,3,-8,RTO,88440.885
2025-11-20 09:00:00,2025,11,20,9,3,-8,RTO,87850.4078
2025-11-20 10:00:00,2025,11,20,10,3,-8,RTO,87390.19649999999
2025-11-20 11:00:00,2025,11,20,11,3,-8,RTO,86757.59229999999
2025-11-20 12:00:00,2025,11,20,12,3,-8,RTO,85805.93830000001
2025-11-20 13:00:00,2025,11,20,13,3,-8,RTO,84706.9552
2025-11-20 14:00:00,2025,11,20,14,3,-8,RTO,83904.8132
2025-11-20 15:00:00,2025,11,20,15,3,-8,RTO,83862.0858
2025-11-20 16:00:00,2025,11,20,16,3,-8,RTO,85255.5239
2025-11-20 17:00:00,2025,11,20,17,3,-8,RTO,88091.60579999999
2025-11-20 18:00:00,2025,11,20,18,3,-8,RTO,88121.3704
2025-11-20 19:00:00,2025,11,20,19,3,-8,RTO,87260.8682
2025-11-20 20:00:00,2025,11,20,20,3,-8,RTO,86249.1788
2025-11-20 21:00:00,2025,11,20,21,3,-8,RTO,84264.83320000001
2025-11-20 22:00:00,2025,11,20,22,3,-8,RTO,81299.0055
2025-11-20 23:00:00,2025,11,20,23,3,-8,RTO,78217.534
2025-11-21 00:00:00,2025,11,21,0,4,-7,RTO,75821.7638
2025-11-21 01:00:00,2025,11,21,1,4,-7,RTO,74496.1863
2025-11-21 02:00:00,2025,11,21,2,4,-7,RTO,73859.5612
2025-11-21 03:00:00,2025,11,21,3,4,-7,RTO,74139.3183
2025-11-21 04:00:00,2025,11,21,4,4,-7,RTO,75675.01259999999
2025-11-21 05:00:00,2025,11,21,5,4,-7,RTO,79300.9338
2025-11-21 06:00:00,2025,11,21,6,4,-7,RTO,84460.1696
2025-11-21 07:00:00,2025,11,21,7,4,-7,RTO,87767.99429999999
2025-11-21 08:00:00,2025,11,21,8,4,-7,RTO,88294.1136
2025-11-21 09:00:00,2025,11,21,9,4,-7,RTO,87981.81940000001
2025-11-21 10:00:00,2025,11,21,10,4,-7,RTO,87401.419
2025-11-21 11:00:00,2025,11,21,11,4,-7,RTO,86675.4205
2025-11-21 12:00:00,2025,11,21,12,4,-7,RTO,86112.7242
2025-11-21 13:00:00,2025,11,21,13,4,-7,RTO,85711.5558
2025-11-21 14:00:00,2025,11,21,14,4,-7,RTO,85520.2412
2025-11-21 15:00:00,2025,11,21,15,4,-7,RTO,86274.5863
2025-11-21 16:00:00,2025,11,21,16,4,-7,RTO,88831.4637
2025-11-21 17:00:00,2025,11,21,17,4,-7,RTO,92724.743
2025-11-21 18:00:00,2025,11,21,18,4,-7,RTO,92944.8336
2025-11-21 19:00:00,2025,11,21,19,4,-7,RTO,91766.1967
2025-11-21 20:00:00,2025,11,21,20,4,-7,RTO,90356.8431
2025-11-21 21:00:00,2025,11,21,21,4,-7,RTO,88125.618
2025-11-21 22:00:00,2025,11,21,22,4,-7,RTO,85042.9603
2025-11-21 23:00:00,2025,11,21,23,4,-7,RTO,81858.97709999999
2025-11-22 00:00:00,2025,11,22,0,5,-6,RTO,79232.022
2025-11-22 01:00:00,2025,11,22,1,5,-6,RTO,77643.157
2025-11-22 02:00:00,2025,11,22,2,5,-6,RTO,76723.4964
2025-11-22 03:00:00,2025,11,22,3,5,-6,RTO,76626.4836
2025-11-22 04:00:00,2025,11,22,4,5,-6,RTO,77400.4488
2025-11-22 05:00:00,2025,11,22,5,5,-6,RTO,79532.11720000001
2025-11-22 06:00:00,2025,11,22,6,5,-6,RTO,82699.2956
2025-11-22 07:00:00,2025,11,22,7,5,-6,RTO,85348.8018
2025-11-22 08:00:00,2025,11,22,8,5,-6,RTO,86258.84719999999
2025-11-22 09:00:00,2025,11,22,9,5,-6,RTO,85623.6458
2025-11-22 10:00:00,2025,11,22,10,5,-6,RTO,84492.4336
2025-11-22 11:00:00,2025,11,22,11,5,-6,RTO,83380.9602
2025-11-22 12:00:00,2025,11,22,12,5,-6,RTO,82230.33499999999
2025-11-22 13:00:00,2025,11,22,13,5,-6,RTO,81294.42439999999
2025-11-22 14:00:00,2025,11,22,14,5,-6,RTO,81003.7
2025-11-22 15:00:00,2025,11,22,15,5,-6,RTO,82017.47020000001
2025-11-22 16:00:00,2025,11,22,16,5,-6,RTO,84872.68639999999
2025-11-22 17:00:00,2025,11,22,17,5,-6,RTO,89052.37019999999
2025-11-22 18:00:00,2025,11,22,18,5,-6,RTO,89613.2344
2025-11-22 19:00:00,2025,11,22,19,5,-6,RTO,88851.6774
2025-11-22 20:00:00,2025,11,22,20,5,-6,RTO,87679.6056
2025-11-22 21:00:00,2025,11,22,21,5,-6,RTO,85799.4818
2025-11-22 22:00:00,2025,11,22,22,5,-6,RTO,83059.568
2025-11-22 23:00:00,2025,11,22,23,5,-6,RTO,80141.5112
2025-11-23 00:00:00,2025,11,23,0,6,-5,RTO,77788.3308
2025-11-23 01:00:00,2025,11,23,1,6,-5,RTO,76349.2714
2025-11-23 02:00:00,2025,11,23,2,6,-5,RTO,75677.5086
2025-11-23 03:00:00,2025,11,23,3,6,-5,RTO,75547.886
2025-11-23 04:00:00,2025,11,23,4,6,-5,RTO,76185.888
2025-11-23 05:00:00,2025,11,23,5,6,-5,RTO,77819.117
2025-11-23 06:00:00,2025,11,23,6,6,-5,RTO,80334.503
2025-11-23 07:00:00,2025,11,23,7,6,-5,RTO,82725.5016
2025-11-23 08:00:00,2025,11,23,8,6,-5,RTO,83764.1718
2025-11-23 09:00:00,2025,11,23,9,6,-5,RTO,83419.5404
2025-11-23 10:00:00,2025,11,23,10,6,-5,RTO,82517.8246
2025-11-23 11:00:00,2025,11,23,11,6,-5,RTO,81651.07920000001
2025-11-23 12:00:00,2025,11,23,12,6,-5,RTO,81243.08979999999
2025-11-23 13:00:00,2025,11,23,13,6,-5,RTO,80785.7228
2025-11-23 14:00:00,2025,11,23,14,6,-5,RTO,80913.29280000001
2025-11-23 15:00:00,2025,11,23,15,6,-5,RTO,82168.06
2025-11-23 16:00:00,2025,11,23,16,6,-5,RTO,85519.9842
2025-11-23 17:00:00,2025,11,23,17,6,-5,RTO,90402.97839999999
2025-11-23 18:00:00,2025,11,23,18,6,-5,RTO,91494.5082
2025-11-23 19:00:00,2025,11,23,19,6,-5,RTO,90890.3424
2025-11-23 20:00:00,2025,11,23,20,6,-5,RTO,89604.196
2025-11-23 21:00:00,2025,11,23,21,6,-5,RTO,87164.45920000001
2025-11-23 22:00:00,2025,11,23,22,6,-5,RTO,83891.9234
2025-11-23 23:00:00,2025,11,23,23,6,-5,RTO,80781.6148
2025-11-24 00:00:00,2025,11,24,0,0,-4,RTO,78676.4798
2025-11-24 01:00:00,2025,11,24,1,0,-4,RTO,77554.314
2025-11-24 02:00:00,2025,11,24,2,0,-4,RTO,77342.6936
2025-11-24 03:00:00,2025,11,24,3,0,-4,RTO,77914.09
2025-11-24 04:00:00,2025,11,24,4,0,-4,RTO,80229.8198
2025-11-24 05:00:00,2025,11,24,5,0,-4,RTO,85048.9118
2025-11-24 06:00:00,2025,11,24,6,0,-4,RTO,92093.4652
2025-11-24 07:00:00,2025,11,24,7,0,-4,RTO,96316.1592
2025-11-24 08:00:00,2025,11,24,8,0,-4,RTO,95919.9314
2025-11-24 09:00:00,2025,11,24,9,0,-4,RTO,93944.0518
2025-11-24 10:00:00,2025,11,24,10,0,-4,RTO,92363.5476
2025-11-24 11:00:00,2025,11,24,11,0,-4,RTO,90828.35339999999
2025-11-24 12:00:00,2025,11,24,12,0,-4,RTO,89592.4764
2025-11-24 13:00:00,2025,11,24,13,0,-4,RTO,88982.24720000001
2025-11-24 14:00:00,2025,11,24,14,0,-4,RTO,88861.1448
2025-11-24 15:00:00,2025,11,24,15,0,-4,RTO,89543.8128
2025-11-24 16:00:00,2025,11,24,16,0,-4,RTO,92551.6952
2025-11-24 17:00:00,2025,11,24,17,0,-4,RTO,97348.8642
2025-11-24 18:00:00,2025,11,24,18,0,-4,RTO,98076.204
2025-11-24 19:00:00,2025,11,24,19,0,-4,RTO,97011.0688
2025-11-24 20:00:00,2025,11,24,20,0,-4,RTO,95282.4004
2025-11-24 21:00:00,2025,11,24,21,0,-4,RTO,92221.3188
2025-11-24 22:00:00,2025,11,24,22,0,-4,RTO,88014.2154
2025-11-24 23:00:00,2025,11,24,23,0,-4,RTO,84105.9184
2025-11-25 00:00:00,2025,11,25,0,1,-3,RTO,81359.087
2025-11-25 01:00:00,2025,11,25,1,1,-3,RTO,79912.21239999999
2025-11-25 02:00:00,2025,11,25,2,1,-3,RTO,79425.3524
2025-11-25 03:00:00,2025,11,25,3,1,-3,RTO,79743.8944
2025-11-25 04:00:00,2025,11,25,4,1,-3,RTO,81616.63680000001
2025-11-25 05:00:00,2025,11,25,5,1,-3,RTO,86321.26580000001
2025-11-25 06:00:00,2025,11,25,6,1,-3,RTO,93116.2744
2025-11-25 07:00:00,2025,11,25,7,1,-3,RTO,97436.533
2025-11-25 08:00:00,2025,11,25,8,1,-3,RTO,97156.2064
2025-11-25 09:00:00,2025,11,25,9,1,-3,RTO,95185.7298
2025-11-25 10:00:00,2025,11,25,10,1,-3,RTO,93486.5706
2025-11-25 11:00:00,2025,11,25,11,1,-3,RTO,91951.3598
2025-11-25 12:00:00,2025,11,25,12,1,-3,RTO,90698.224
2025-11-25 13:00:00,2025,11,25,13,1,-3,RTO,89925.6342
2025-11-25 14:00:00,2025,11,25,14,1,-3,RTO,89442.295
2025-11-25 15:00:00,2025,11,25,15,1,-3,RTO,89972.428
2025-11-25 16:00:00,2025,11,25,16,1,-3,RTO,92622.3802
2025-11-25 17:00:00,2025,11,25,17,1,-3,RTO,97060.95700000001
2025-11-25 18:00:00,2025,11,25,18,1,-3,RTO,97639.8566
2025-11-25 19:00:00,2025,11,25,19,1,-3,RTO,96580.98120000001
2025-11-25 20:00:00,2025,11,25,20,1,-3,RTO,95014.2318
2025-11-25 21:00:00,2025,11,25,21,1,-3,RTO,92276.55500000001
2025-11-25 22:00:00,2025,11,25,22,1,-3,RTO,88459.0352
2025-11-25 23:00:00,2025,11,25,23,1,-3,RTO,84596.83300000001
2025-11-26 00:00:00,2025,11,26,0,2,-2,RTO,80279.4317
2025-11-26 01:00:00,2025,11,26,1,2,-2,RTO,78643.18299999999
2025-11-26 02:00:00,2025,11,26,2,2,-2,RTO,77977.0966
2025-11-26 03:00:00,2025,11,26,3,2,-2,RTO,78158.31169999999
2025-11-26 04:00:00,2025,11,26,4,2,-2,RTO,79927.2281
2025-11-26 05:00:00,2025,11,26,5,2,-2,RTO,84160.106
2025-11-26 06:00:00,2025,11,26,6,2,-2,RTO,90560.0393
2025-11-26 07:00:00,2025,11,26,7,2,-2,RTO,94532.255
2025-11-26 08:00:00,2025,11,26,8,2,-2,RTO,94411.5576
2025-11-26 09:00:00,2025,11,26,9,2,-2,RTO,92525.5186
2025-11-26 10:00:00,2025,11,26,10,2,-2,RTO,90889.0499
2025-11-26 11:00:00,2025,11,26,11,2,-2,RTO,89436.4991
2025-11-26 12:00:00,2025,11,26,12,2,-2,RTO,88358.973
2025-11-26 13:00:00,2025,11,26,13,2,-2,RTO,87769.3552
2025-11-26 14:00:00,2025,11,26,14,2,-2,RTO,87357.73740000001
2025-11-26 15:00:00,2025,11,26,15,2,-2,RTO,87739.2885
2025-11-26 16:00:00,2025,11,26,16,2,-2,RTO,90061.262
2025-11-26 17:00:00,2025,11,26,17,2,-2,RTO,94028.7344
2025-11-26 18:00:00,2025,11,26,18,2,-2,RTO,94350.1296
2025-11-26 19:00:00,2025,11,26,19,2,-2,RTO,93102.6086
2025-11-26 20:00:00,2025,11,26,20,2,-2,RTO,91416.0448
2025-11-26 21:00:00,2025,11,26,21,2,-2,RTO,88588.4162
2025-11-26 22:00:00,2025,11,26,22,2,-2,RTO,84525.1017
2025-11-26 23:00:00,2025,11,26,23,2,-2,RTO,80634.5212
2025-11-27 00:00:00,2025,11,27,0,3,-1,RTO,77685.5048
2025-11-27 01:00:00,2025,11,27,1,3,-1,RTO,75947.2985
2025-11-27 02:00:00,2025,11,27,2,3,-1,RTO,75137.9829
2025-11-27 03:00:00,2025,11,27,3,3,-1,RTO,75125.02339999999
2025-11-27 04:00:00,2025,11,27,4,3,-1,RTO,76420.7601
2025-11-27 05:00:00,2025,11,27,5,3,-1,RTO,79684.2659
2025-11-27 06:00:00,2025,11,27,6,3,-1,RTO,84592.6068
2025-11-27 07:00:00,2025,11,27,7,3,-1,RTO,87851.32639999999
2025-11-27 08:00:00,2025,11,27,8,3,-1,RTO,88440.885
2025-11-27 09:00:00,2025,11,27,9,3,-1,RTO,87850.4078
2025-11-27 10:00:00,2025,11,27,10,3,-1,RTO,87390.19649999999
2025-11-27 11:00:00,2025,11,27,11,3,-1,RTO,86757.59229999999
2025-11-27 12:00:00,2025,11,27,12,3,-1,RTO,85805.93830000001
2025-11-27 13:00:00,2025,11,27,13,3,-1,RTO,84706.9552
2025-11-27 14:00:00,2025,11,27,14,3,-1,RTO,83904.8132
2025-11-27 15:00:00,2025,11,27,15,3,-1,RTO,83862.0858
2025-11-27 16:00:00,2025,11,27,16,3,-1,RTO,85255.5239
2025-11-27 17:00:00,2025,11,27,17,3,-1,RTO,88091.60579999999
2025-11-27 18:00:00,2025,11,27,18,3,-1,RTO,88121.3704
2025-11-27 19:00:00,2025,11,27,19,3,-1,RTO,87260.8682
2025-11-27 20:00:00,2025,11,27,20,3,-1,RTO,86249.1788
2025-11-27 21:00:00,2025,11,27,21,3,-1,RTO,84264.83320000001
2025-11-27 22:00:00,2025,11,27,22,3,-1,RTO,81299.0055
2025-11-27 23:00:00,2025,11,27,23,3,-1,RTO,78217.534
2025-11-28 00:00:00,2025,11,28,0,4,0,RTO,75821.7638
2025-11-28 01:00:00,2025,11,28,1,4,0,RTO,74496.1863
2025-11-28 02:00:00,2025,11,28,2,4,0,RTO,73859.5612
2025-11-28 03:00:00,2025,11,28,3,4,0,RTO,74139.3183
2025-11-28 04:00:00,2025,11,28,4,4,0,RTO,75675.01259999999
2025-11-28 05:00:00,2025,11,28,5,4,0,RTO,79300.9338
2025-11-28 06:00:00,2025,11,28,6,4,0,RTO,84460.1696
2025-11-28 07:00:00,2025,11,28,7,4,0,RTO,87767.99429999999
2025-11-28 08:00:00,2025,11,28,8,4,0,RTO,88294.1136
2025-11-28 09:00:00,2025,11,28,9,4,0,RTO,87981.81940000001
2025-11-28 10:00:00,2025,11,28,10,4,0,RTO,87401.419
2025-11-28 11:00:00,2025,11,28,11,4,0,RTO,86675.4205
2025-11-28 12:00:00,2025,11,28,12,4,0,RTO,86112.7242
2025-11-28 13:00:00,2025,11,28,13,4,0,RTO,85711.5558
2025-11-28 14:00:00,2025,11,28,14,4,0,RTO,85520.2412
2025-11-28 15:00:00,2025,11,28,15,4,0,RTO,86274.5863
2025-11-28 16:00:00,2025,11,28,16,4,0,RTO,88831.4637
2025-11-28 17:00:00,2025,11,28,17,4,0,RTO,92724.743
2025-11-28 18:00:00,2025,11,28,18,4,0,RTO,92944.8336
2025-11-28 19:00:00,2025,11,28,19,4,0,RTO,91766.1967
2025-11-28 20:00:00,2025,11,28,20,4,0,RTO,90356.8431
2025-11-28 21:00:00,2025,11,28,21,4,0,RTO,88125.618
2025-11-28 22:00:00,2025,11,28,22,4,0,RTO,85042.9603
2025-11-28 23:00:00,2025,11,28,23,4,0,RTO,81858.97709999999
2025-11-19 00:00:00,2025,11,19,0,2,-9,SMECO,362.6469
2025-11-19 01:00:00,2025,11,19,1,2,-9,SMECO,356.5162
2025-11-19 02:00:00,2025,11,19,2,2,-9,SMECO,356.7301
2025-11-19 03:00:00,2025,11,19,3,2,-9,SMECO,364.5337
2025-11-19 04:00:00,2025,11,19,4,2,-9,SMECO,383.2395
2025-11-19 05:00:00,2025,11,19,5,2,-9,SMECO,414.0275
2025-11-19 06:00:00,2025,11,19,6,2,-9,SMECO,452.9603
2025-11-19 07:00:00,2025,11,19,7,2,-9,SMECO,468.2442
2025-11-19 08:00:00,2025,11,19,8,2,-9,SMECO,446.5647
2025-11-19 09:00:00,2025,11,19,9,2,-9,SMECO,405.6526
2025-11-19 10:00:00,2025,11,19,10,2,-9,SMECO,373.68240000000003
2025-11-19 11:00:00,2025,11,19,11,2,-9,SMECO,355.5114
2025-11-19 12:00:00,2025,11,19,12,2,-9,SMECO,343.8618
2025-11-19 13:00:00,2025,11,19,13,2,-9,SMECO,338.2249
2025-11-19 14:00:00,2025,11,19,14,2,-9,SMECO,341.4709
2025-11-19 15:00:00,2025,11,19,15,2,-9,SMECO,354.3099
2025-11-19 16:00:00,2025,11,19,16,2,-9,SMECO,386.7389
2025-11-19 17:00:00,2025,11,19,17,2,-9,SMECO,429.25730000000004
2025-11-19 18:00:00,2025,11,19,18,2,-9,SMECO,438.5667
2025-11-19 19:00:00,2025,11,19,19,2,-9,SMECO,439.0134
2025-11-19 20:00:00,2025,11,19,20,2,-9,SMECO,433.2973
2025-11-19 21:00:00,2025,11,19,21,2,-9,SMECO,416.6382
2025-11-19 22:00:00,2025,11,19,22,2,-9,SMECO,390.6064
2025-11-19 23:00:00,2025,11,19,23,2,-9,SMECO,367.2724
2025-11-20 00:00:00,2025,11,20,0,3,-8,SMECO,351.3089
2025-11-20 01:00:00,2025,11,20,1,3,-8,SMECO,343.3786
2025-11-20 02:00:00,2025,11,20,2,3,-8,SMECO,341.3979
2025-11-20 03:00:00,2025,11,20,3,3,-8,SMECO,346.1983
2025-11-20 04:00:00,2025,11,20,4,3,-8,SMECO,360.3796
2025-11-20 05:00:00,2025,11,20,5,3,-8,SMECO,387.06370000000004
2025-11-20 06:00:00,2025,11,20,6,3,-8,SMECO,422.71139999999997
2025-11-20 07:00:00,2025,11,20,7,3,-8,SMECO,442.62299999999993
2025-11-20 08:00:00,2025,11,20,8,3,-8,SMECO,430.8705
2025-11-20 09:00:00,2025,11,20,9,3,-8,SMECO,407.4633
2025-11-20 10:00:00,2025,11,20,10,3,-8,SMECO,389.59389999999996
2025-11-20 11:00:00,2025,11,20,11,3,-8,SMECO,375.96639999999996
2025-11-20 12:00:00,2025,11,20,12,3,-8,SMECO,367.8392
2025-11-20 13:00:00,2025,11,20,13,3,-8,SMECO,357.82759999999996
2025-11-20 14:00:00,2025,11,20,14,3,-8,SMECO,353.0481
2025-11-20 15:00:00,2025,11,20,15,3,-8,SMECO,356.1766
2025-11-20 16:00:00,2025,11,20,16,3,-8,SMECO,372.3344
2025-11-20 17:00:00,2025,11,20,17,3,-8,SMECO,400.0623
2025-11-20 18:00:00,2025,11,20,18,3,-8,SMECO,405.2348
2025-11-20 19:00:00,2025,11,20,19,3,-8,SMECO,405.2601
2025-11-20 20:00:00,2025,11,20,20,3,-8,SMECO,403.5036
2025-11-20 21:00:00,2025,11,20,21,3,-8,SMECO,391.69230000000005
2025-11-20 22:00:00,2025,11,20,22,3,-8,SMECO,373.0935
2025-11-20 23:00:00,2025,11,20,23,3,-8,SMECO,355.1575
2025-11-21 00:00:00,2025,11,21,0,4,-7,SMECO,343.0316
2025-11-21 01:00:00,2025,11,21,1,4,-7,SMECO,337.2502
2025-11-21 02:00:00,2025,11,21,2,4,-7,SMECO,336.8413
2025-11-21 03:00:00,2025,11,21,3,4,-7,SMECO,343.3515
2025-11-21 04:00:00,2025,11,21,4,4,-7,SMECO,358.9044
2025-11-21 05:00:00,2025,11,21,5,4,-7,SMECO,386.5906
2025-11-21 06:00:00,2025,11,21,6,4,-7,SMECO,421.48199999999997
2025-11-21 07:00:00,2025,11,21,7,4,-7,SMECO,437.2996
2025-11-21 08:00:00,2025,11,21,8,4,-7,SMECO,422.49309999999997
2025-11-21 09:00:00,2025,11,21,9,4,-7,SMECO,396.4373
2025-11-21 10:00:00,2025,11,21,10,4,-7,SMECO,374.4178
2025-11-21 11:00:00,2025,11,21,11,4,-7,SMECO,358.0884
2025-11-21 12:00:00,2025,11,21,12,4,-7,SMECO,349.5224
2025-11-21 13:00:00,2025,11,21,13,4,-7,SMECO,347.9022
2025-11-21 14:00:00,2025,11,21,14,4,-7,SMECO,353.1361
2025-11-21 15:00:00,2025,11,21,15,4,-7,SMECO,368.3998
2025-11-21 16:00:00,2025,11,21,16,4,-7,SMECO,398.0353
2025-11-21 17:00:00,2025,11,21,17,4,-7,SMECO,435.3178
2025-11-21 18:00:00,2025,11,21,18,4,-7,SMECO,441.38649999999996
2025-11-21 19:00:00,2025,11,21,19,4,-7,SMECO,440.611
2025-11-21 20:00:00,2025,11,21,20,4,-7,SMECO,435.0607
2025-11-21 21:00:00,2025,11,21,21,4,-7,SMECO,422.27079999999995
2025-11-21 22:00:00,2025,11,21,22,4,-7,SMECO,403.3834
2025-11-21 23:00:00,2025,11,21,23,4,-7,SMECO,386.2999
2025-11-22 00:00:00,2025,11,22,0,5,-6,SMECO,359.9528
2025-11-22 01:00:00,2025,11,22,1,5,-6,SMECO,353.5192
2025-11-22 02:00:00,2025,11,22,2,5,-6,SMECO,352.9748
2025-11-22 03:00:00,2025,11,22,3,5,-6,SMECO,357.4002
2025-11-22 04:00:00,2025,11,22,4,5,-6,SMECO,367.5032
2025-11-22 05:00:00,2025,11,22,5,5,-6,SMECO,386.7394
2025-11-22 06:00:00,2025,11,22,6,5,-6,SMECO,413.18719999999996
2025-11-22 07:00:00,2025,11,22,7,5,-6,SMECO,434.6752
2025-11-22 08:00:00,2025,11,22,8,5,-6,SMECO,429.54139999999995
2025-11-22 09:00:00,2025,11,22,9,5,-6,SMECO,400.4644
2025-11-22 10:00:00,2025,11,22,10,5,-6,SMECO,374.1542
2025-11-22 11:00:00,2025,11,22,11,5,-6,SMECO,354.34479999999996
2025-11-22 12:00:00,2025,11,22,12,5,-6,SMECO,343.9362
2025-11-22 13:00:00,2025,11,22,13,5,-6,SMECO,337.6628
2025-11-22 14:00:00,2025,11,22,14,5,-6,SMECO,338.7804
2025-11-22 15:00:00,2025,11,22,15,5,-6,SMECO,350.8208
2025-11-22 16:00:00,2025,11,22,16,5,-6,SMECO,380.6174
2025-11-22 17:00:00,2025,11,22,17,5,-6,SMECO,417.1224
2025-11-22 18:00:00,2025,11,22,18,5,-6,SMECO,423.4866
2025-11-22 19:00:00,2025,11,22,19,5,-6,SMECO,423.4032
2025-11-22 20:00:00,2025,11,22,20,5,-6,SMECO,420.22260000000006
2025-11-22 21:00:00,2025,11,22,21,5,-6,SMECO,411.73999999999995
2025-11-22 22:00:00,2025,11,22,22,5,-6,SMECO,395.6444
2025-11-22 23:00:00,2025,11,22,23,5,-6,SMECO,379.9292
2025-11-23 00:00:00,2025,11,23,0,6,-5,SMECO,368.4184
2025-11-23 01:00:00,2025,11,23,1,6,-5,SMECO,363.23580000000004
2025-11-23 02:00:00,2025,11,23,2,6,-5,SMECO,364.0118
2025-11-23 03:00:00,2025,11,23,3,6,-5,SMECO,368.6498
2025-11-23 04:00:00,2025,11,23,4,6,-5,SMECO,377.54200000000003
2025-11-23 05:00:00,2025,11,23,5,6,-5,SMECO,393.89
2025-11-23 06:00:00,2025,11,23,6,6,-5,SMECO,416.8468
2025-11-23 07:00:00,2025,11,23,7,6,-5,SMECO,437.8156
2025-11-23 08:00:00,2025,11,23,8,6,-5,SMECO,435.01359999999994
2025-11-23 09:00:00,2025,11,23,9,6,-5,SMECO,410.2476
2025-11-23 10:00:00,2025,11,23,10,6,-5,SMECO,383.69719999999995
2025-11-23 11:00:00,2025,11,23,11,6,-5,SMECO,365.31859999999995
2025-11-23 12:00:00,2025,11,23,12,6,-5,SMECO,356.5322
2025-11-23 13:00:00,2025,11,23,13,6,-5,SMECO,351.4862
2025-11-23 14:00:00,2025,11,23,14,6,-5,SMECO,355.7382
2025-11-23 15:00:00,2025,11,23,15,6,-5,SMECO,369.8418
2025-11-23 16:00:00,2025,11,23,16,6,-5,SMECO,403.399
2025-11-23 17:00:00,2025,11,23,17,6,-5,SMECO,445.73819999999995
2025-11-23 18:00:00,2025,11,23,18,6,-5,SMECO,455.41140000000007
2025-11-23 19:00:00,2025,11,23,19,6,-5,SMECO,455.3808
2025-11-23 20:00:00,2025,11,23,20,6,-5,SMECO,448.3316
2025-11-23 21:00:00,2025,11,23,21,6,-5,SMECO,428.5966
2025-11-23 22:00:00,2025,11,23,22,6,-5,SMECO,400.14520000000005
2025-11-23 23:00:00,2025,11,23,23,6,-5,SMECO,376.7568
2025-11-24 00:00:00,2025,11,24,0,0,-4,SMECO,362.5904
2025-11-24 01:00:00,2025,11,24,1,0,-4,SMECO,357.02160000000003
2025-11-24 02:00:00,2025,11,24,2,0,-4,SMECO,358.65999999999997
2025-11-24 03:00:00,2025,11,24,3,0,-4,SMECO,367.566
2025-11-24 04:00:00,2025,11,24,4,0,-4,SMECO,386.13160000000005
2025-11-24 05:00:00,2025,11,24,5,0,-4,SMECO,421.45380000000006
2025-11-24 06:00:00,2025,11,24,6,0,-4,SMECO,467.01779999999997
2025-11-24 07:00:00,2025,11,24,7,0,-4,SMECO,483.3296
2025-11-24 08:00:00,2025,11,24,8,0,-4,SMECO,455.7196
2025-11-24 09:00:00,2025,11,24,9,0,-4,SMECO,413.11320000000006
2025-11-24 10:00:00,2025,11,24,10,0,-4,SMECO,385.4466
2025-11-24 11:00:00,2025,11,24,11,0,-4,SMECO,366.9318
2025-11-24 12:00:00,2025,11,24,12,0,-4,SMECO,354.53499999999997
2025-11-24 13:00:00,2025,11,24,13,0,-4,SMECO,348.1584
2025-11-24 14:00:00,2025,11,24,14,0,-4,SMECO,347.616
2025-11-24 15:00:00,2025,11,24,15,0,-4,SMECO,366.30679999999995
2025-11-24 16:00:00,2025,11,24,16,0,-4,SMECO,406.4726
2025-11-24 17:00:00,2025,11,24,17,0,-4,SMECO,457.855
2025-11-24 18:00:00,2025,11,24,18,0,-4,SMECO,470.83779999999996
2025-11-24 19:00:00,2025,11,24,19,0,-4,SMECO,472.4166
2025-11-24 20:00:00,2025,11,24,20,0,-4,SMECO,466.75700000000006
2025-11-24 21:00:00,2025,11,24,21,0,-4,SMECO,447.6822
2025-11-24 22:00:00,2025,11,24,22,0,-4,SMECO,418.408
2025-11-24 23:00:00,2025,11,24,23,0,-4,SMECO,393.74580000000003
2025-11-25 00:00:00,2025,11,25,0,1,-3,SMECO,379.3076
2025-11-25 01:00:00,2025,11,25,1,1,-3,SMECO,373.8118
2025-11-25 02:00:00,2025,11,25,2,1,-3,SMECO,373.96500000000003
2025-11-25 03:00:00,2025,11,25,3,1,-3,SMECO,378.9216
2025-11-25 04:00:00,2025,11,25,4,1,-3,SMECO,396.35659999999996
2025-11-25 05:00:00,2025,11,25,5,1,-3,SMECO,428.85060000000004
2025-11-25 06:00:00,2025,11,25,6,1,-3,SMECO,471.3568
2025-11-25 07:00:00,2025,11,25,7,1,-3,SMECO,487.17420000000004
2025-11-25 08:00:00,2025,11,25,8,1,-3,SMECO,463.1986
2025-11-25 09:00:00,2025,11,25,9,1,-3,SMECO,424.56679999999994
2025-11-25 10:00:00,2025,11,25,10,1,-3,SMECO,396.1866
2025-11-25 11:00:00,2025,11,25,11,1,-3,SMECO,376.554
2025-11-25 12:00:00,2025,11,25,12,1,-3,SMECO,363.48400000000004
2025-11-25 13:00:00,2025,11,25,13,1,-3,SMECO,357.4718
2025-11-25 14:00:00,2025,11,25,14,1,-3,SMECO,358.509
2025-11-25 15:00:00,2025,11,25,15,1,-3,SMECO,372.79519999999997
2025-11-25 16:00:00,2025,11,25,16,1,-3,SMECO,405.18
2025-11-25 17:00:00,2025,11,25,17,1,-3,SMECO,446.98339999999996
2025-11-25 18:00:00,2025,11,25,18,1,-3,SMECO,457.36080000000004
2025-11-25 19:00:00,2025,11,25,19,1,-3,SMECO,457.5484
2025-11-25 20:00:00,2025,11,25,20,1,-3,SMECO,451.8424
2025-11-25 21:00:00,2025,11,25,21,1,-3,SMECO,435.4148
2025-11-25 22:00:00,2025,11,25,22,1,-3,SMECO,411.81000000000006
2025-11-25 23:00:00,2025,11,25,23,1,-3,SMECO,390.34900000000005
2025-11-26 00:00:00,2025,11,26,0,2,-2,SMECO,362.6469
2025-11-26 01:00:00,2025,11,26,1,2,-2,SMECO,356.5162
2025-11-26 02:00:00,2025,11,26,2,2,-2,SMECO,356.7301
2025-11-26 03:00:00,2025,11,26,3,2,-2,SMECO,364.5337
2025-11-26 04:00:00,2025,11,26,4,2,-2,SMECO,383.2395
2025-11-26 05:00:00,2025,11,26,5,2,-2,SMECO,414.0275
2025-11-26 06:00:00,2025,11,26,6,2,-2,SMECO,452.9603
2025-11-26 07:00:00,2025,11,26,7,2,-2,SMECO,468.2442
2025-11-26 08:00:00,2025,11,26,8,2,-2,SMECO,446.5647
2025-11-26 09:00:00,2025,11,26,9,2,-2,SMECO,405.6526
2025-11-26 10:00:00,2025,11,26,10,2,-2,SMECO,373.68240000000003
2025-11-26 11:00:00,2025,11,26,11,2,-2,SMECO,355.5114
2025-11-26 12:00:00,2025,11,26,12,2,-2,SMECO,343.8618
2025-11-26 13:00:00,2025,11,26,13,2,-2,SMECO,338.2249
2025-11-26 14:00:00,2025,11,26,14,2,-2,SMECO,341.4709
2025-11-26 15:00:00,2025,11,26,15,2,-2,SMECO,354.3099
2025-11-26 16:00:00,2025,11,26,16,2,-2,SMECO,386.7389
2025-11-26 17:00:00,2025,11,26,17,2,-2,SMECO,429.25730000000004
2025-11-26 18:00:00,2025,11,26,18,2,-2,SMECO,438.5667
2025-11-26 19:00:00,2025,11,26,19,2,-2,SMECO,439.0134
2025-11-26 20:00:00,2025,11,26,20,2,-2,SMECO,433.2973
2025-11-26 21:00:00,2025,11,26,21,2,-2,SMECO,416.6382
2025-11-26 22:00:00,2025,11,26,22,2,-2,SMECO,390.6064
2025-11-26 23:00:00,2025,11,26,23,2,-2,SMECO,367.2724
2025-11-27 00:00:00,2025,11,27,0,3,-1,SMECO,351.3089
2025-11-27 01:00:00,2025,11,27,1,3,-1,SMECO,343.3786
2025-11-27 02:00:00,2025,11,27,2,3,-1,SMECO,341.3979
2025-11-27 03:00:00,2025,11,27,3,3,-1,SMECO,346.1983
2025-11-27 04:00:00,2025,11,27,4,3,-1,SMECO,360.3796
2025-11-27 05:00:00,2025,11,27,5,3,-1,SMECO,387.06370000000004
2025-11-27 06:00:00,2025,11,27,6,3,-1,SMECO,422.71139999999997
2025-11-27 07:00:00,2025,11,27,7,3,-1,SMECO,442.62299999999993
2025-11-27 08:00:00,2025,11,27,8,3,-1,SMECO,430.8705
2025-11-27 09:00:00,2025,11,27,9,3,-1,SMECO,407.4633
2025-11-27 10:00:00,2025,11,27,10,3,-1,SMECO,389.59389999999996
2025-11-27 11:00:00,2025,11,27,11,3,-1,SMECO,375.96639999999996
2025-11-27 12:00:00,2025,11,27,12,3,-1,SMECO,367.8392
2025-11-27 13:00:00,2025,11,27,13,3,-1,SMECO,357.82759999999996
2025-11-27 14:00:00,2025,11,27,14,3,-1,SMECO,353.0481
2025-11-27 15:00:00,2025,11,27,15,3,-1,SMECO,356.1766
2025-11-27 16:00:00,2025,11,27,16,3,-1,SMECO,372.3344
2025-11-27 17:00:00,2025,11,27,17,3,-1,SMECO,400.0623
2025-11-27 18:00:00,2025,11,27,18,3,-1,SMECO,405.2348
2025-11-27 19:00:00,2025,11,27,19,3,-1,SMECO,405.2601
2025-11-27 20:00:00,2025,11,27,20,3,-1,SMECO,403.5036
2025-11-27 21:00:00,2025,11,27,21,3,-1,SMECO,391.69230000000005
2025-11-27 22:00:00,2025,11,27,22,3,-1,SMECO,373.0935
2025-11-27 23:00:00,2025,11,27,23,3,-1,SMECO,355.1575
2025-11-28 00:00:00,2025,11,28,0,4,0,SMECO,343.0316
2025-11-28 01:00:00,2025,11,28,1,4,0,SMECO,337.2502
2025-11-28 02:00:00,2025,11,28,2,4,0,SMECO,336.8413
2025-11-28 03:00:00,2025,11,28,3,4,0,SMECO,343.3515
2025-11-28 04:00:00,2025,11,28,4,4,0,SMECO,358.9044
2025-11-28 05:00:00,2025,11,28,5,4,0,SMECO,386.5906
2025-11-28 06:00:00,2025,11,28,6,4,0,SMECO,421.48199999999997
2025-11-28 07:00:00,2025,11,28,7,4,0,SMECO,437.2996
2025-11-28 08:00:00,2025,11,28,8,4,0,SMECO,422.49309999999997
2025-11-28 09:00:00,2025,11,28,9,4,0,SMECO,396.4373
2025-11-28 10:00:00,2025,11,28,10,4,0,SMECO,374.4178
2025-11-28 11:00:00,2025,11,28,11,4,0,SMECO,358.0884
2025-11-28 12:00:00,2025,11,28,12,4,0,SMECO,349.5224
2025-11-28 13:00:00,2025,11,28,13,4,0,SMECO,347.9022
2025-11-28 14:00:00,2025,11,28,14,4,0,SMECO,353.1361
2025-11-28 15:00:00,2025,11,28,15,4,0,SMECO,368.3998
2025-11-28 16:00:00,2025,11,28,16,4,0,SMECO,398.0353
2025-11-28 17:00:00,2025,11,28,17,4,0,SMECO,435.3178
2025-11-28 18:00:00,2025,11,28,18,4,0,SMECO,441.38649999999996
2025-11-28 19:00:00,2025,11,28,19,4,0,SMECO,440.611
2025-11-28 20:00:00,2025,11,28,20,4,0,SMECO,435.0607
2025-11-28 21:00:00,2025,11,28,21,4,0,SMECO,422.27079999999995
2025-11-28 22:00:00,2025,11,28,22,4,0,SMECO,403.3834
2025-11-28 23:00:00,2025,11,28,23,4,0,SMECO,386.2999
2025-11-19 00:00:00,2025,11,19,0,2,-9,UGI,109.52550000000001
2025-11-19 01:00:00,2025,11,19,1,2,-9,UGI,107.1292
2025-11-19 02:00:00,2025,11,19,2,2,-9,UGI,105.4882
2025-11-19 03:00:00,2025,11,19,3,2,-9,UGI,106.4568
2025-11-19 04:00:00,2025,11,19,4,2,-9,UGI,109.76500000000001
2025-11-19 05:00:00,2025,11,19,5,2,-9,UGI,115.9537
2025-11-19 06:00:00,2025,11,19,6,2,-9,UGI,128.9587
2025-11-19 07:00:00,2025,11,19,7,2,-9,UGI,136.7201
2025-11-19 08:00:00,2025,11,19,8,2,-9,UGI,138.7767
2025-11-19 09:00:00,2025,11,19,9,2,-9,UGI,137.8032
2025-11-19 10:00:00,2025,11,19,10,2,-9,UGI,136.9086
2025-11-19 11:00:00,2025,11,19,11,2,-9,UGI,134.3849
2025-11-19 12:00:00,2025,11,19,12,2,-9,UGI,131.7191
2025-11-19 13:00:00,2025,11,19,13,2,-9,UGI,131.2421
2025-11-19 14:00:00,2025,11,19,14,2,-9,UGI,129.4731
2025-11-19 15:00:00,2025,11,19,15,2,-9,UGI,129.0522
2025-11-19 16:00:00,2025,11,19,16,2,-9,UGI,133.99439999999998
2025-11-19 17:00:00,2025,11,19,17,2,-9,UGI,140.82080000000002
2025-11-19 18:00:00,2025,11,19,18,2,-9,UGI,140.9539
2025-11-19 19:00:00,2025,11,19,19,2,-9,UGI,139.17950000000002
2025-11-19 20:00:00,2025,11,19,20,2,-9,UGI,135.8811
2025-11-19 21:00:00,2025,11,19,21,2,-9,UGI,129.8321
2025-11-19 22:00:00,2025,11,19,22,2,-9,UGI,121.8991
2025-11-19 23:00:00,2025,11,19,23,2,-9,UGI,109.86659999999999
2025-11-20 00:00:00,2025,11,20,0,3,-8,UGI,106.0889
2025-11-20 01:00:00,2025,11,20,1,3,-8,UGI,102.8848
2025-11-20 02:00:00,2025,11,20,2,3,-8,UGI,101.05359999999999
2025-11-20 03:00:00,2025,11,20,3,3,-8,UGI,101.0881
2025-11-20 04:00:00,2025,11,20,4,3,-8,UGI,103.36330000000001
2025-11-20 05:00:00,2025,11,20,5,3,-8,UGI,108.1144
2025-11-20 06:00:00,2025,11,20,6,3,-8,UGI,117.7308
2025-11-20 07:00:00,2025,11,20,7,3,-8,UGI,124.43230000000001
2025-11-20 08:00:00,2025,11,20,8,3,-8,UGI,129.29739999999998
2025-11-20 09:00:00,2025,11,20,9,3,-8,UGI,131.0451
2025-11-20 10:00:00,2025,11,20,10,3,-8,UGI,133.15050000000002
2025-11-20 11:00:00,2025,11,20,11,3,-8,UGI,133.027
2025-11-20 12:00:00,2025,11,20,12,3,-8,UGI,129.95319999999998
2025-11-20 13:00:00,2025,11,20,13,3,-8,UGI,125.37
2025-11-20 14:00:00,2025,11,20,14,3,-8,UGI,120.806
2025-11-20 15:00:00,2025,11,20,15,3,-8,UGI,119.48859999999999
2025-11-20 16:00:00,2025,11,20,16,3,-8,UGI,121.40180000000001
2025-11-20 17:00:00,2025,11,20,17,3,-8,UGI,126.30460000000001
2025-11-20 18:00:00,2025,11,20,18,3,-8,UGI,126.21189999999999
2025-11-20 19:00:00,2025,11,20,19,3,-8,UGI,125.0029
2025-11-20 20:00:00,2025,11,20,20,3,-8,UGI,123.27259999999998
2025-11-20 21:00:00,2025,11,20,21,3,-8,UGI,117.6464
2025-11-20 22:00:00,2025,11,20,22,3,-8,UGI,110.13550000000001
2025-11-20 23:00:00,2025,11,20,23,3,-8,UGI,102.65050000000001
2025-11-21 00:00:00,2025,11,21,0,4,-7,UGI,98.7195
2025-11-21 01:00:00,2025,11,21,1,4,-7,UGI,95.9857
2025-11-21 02:00:00,2025,11,21,2,4,-7,UGI,94.7335
2025-11-21 03:00:00,2025,11,21,3,4,-7,UGI,95.06280000000001
2025-11-21 04:00:00,2025,11,21,4,4,-7,UGI,97.9957
2025-11-21 05:00:00,2025,11,21,5,4,-7,UGI,103.5377
2025-11-21 06:00:00,2025,11,21,6,4,-7,UGI,113.4387
2025-11-21 07:00:00,2025,11,21,7,4,-7,UGI,121.11420000000001
2025-11-21 08:00:00,2025,11,21,8,4,-7,UGI,124.3184
2025-11-21 09:00:00,2025,11,21,9,4,-7,UGI,126.3409
2025-11-21 10:00:00,2025,11,21,10,4,-7,UGI,126.71340000000001
2025-11-21 11:00:00,2025,11,21,11,4,-7,UGI,125.9163
2025-11-21 12:00:00,2025,11,21,12,4,-7,UGI,125.56289999999998
2025-11-21 13:00:00,2025,11,21,13,4,-7,UGI,125.0071
2025-11-21 14:00:00,2025,11,21,14,4,-7,UGI,125.0547
2025-11-21 15:00:00,2025,11,21,15,4,-7,UGI,124.56009999999999
2025-11-21 16:00:00,2025,11,21,16,4,-7,UGI,128.56310000000002
2025-11-21 17:00:00,2025,11,21,17,4,-7,UGI,136.1014
2025-11-21 18:00:00,2025,11,21,18,4,-7,UGI,135.5199
2025-11-21 19:00:00,2025,11,21,19,4,-7,UGI,133.4499
2025-11-21 20:00:00,2025,11,21,20,4,-7,UGI,130.6371
2025-11-21 21:00:00,2025,11,21,21,4,-7,UGI,124.9875
2025-11-21 22:00:00,2025,11,21,22,4,-7,UGI,119.21489999999999
2025-11-21 23:00:00,2025,11,21,23,4,-7,UGI,111.503
2025-11-22 00:00:00,2025,11,22,0,5,-6,UGI,104.7338
2025-11-22 01:00:00,2025,11,22,1,5,-6,UGI,98.994
2025-11-22 02:00:00,2025,11,22,2,5,-6,UGI,99.691
2025-11-22 03:00:00,2025,11,22,3,5,-6,UGI,99.6866
2025-11-22 04:00:00,2025,11,22,4,5,-6,UGI,101.3792
2025-11-22 05:00:00,2025,11,22,5,5,-6,UGI,104.681
2025-11-22 06:00:00,2025,11,22,6,5,-6,UGI,111.63199999999999
2025-11-22 07:00:00,2025,11,22,7,5,-6,UGI,117.97080000000001
2025-11-22 08:00:00,2025,11,22,8,5,-6,UGI,123.3414
2025-11-22 09:00:00,2025,11,22,9,5,-6,UGI,125.9402
2025-11-22 10:00:00,2025,11,22,10,5,-6,UGI,125.55319999999999
2025-11-22 11:00:00,2025,11,22,11,5,-6,UGI,125.747
2025-11-22 12:00:00,2025,11,22,12,5,-6,UGI,122.7378
2025-11-22 13:00:00,2025,11,22,13,5,-6,UGI,120.82660000000001
2025-11-22 14:00:00,2025,11,22,14,5,-6,UGI,120.00280000000001
2025-11-22 15:00:00,2025,11,22,15,5,-6,UGI,123.7002
2025-11-22 16:00:00,2025,11,22,16,5,-6,UGI,127.78599999999999
2025-11-22 17:00:00,2025,11,22,17,5,-6,UGI,133.247
2025-11-22 18:00:00,2025,11,22,18,5,-6,UGI,131.74179999999998
2025-11-22 19:00:00,2025,11,22,19,5,-6,UGI,130.61599999999999
2025-11-22 20:00:00,2025,11,22,20,5,-6,UGI,126.41980000000001
2025-11-22 21:00:00,2025,11,22,21,5,-6,UGI,120.22439999999999
2025-11-22 22:00:00,2025,11,22,22,5,-6,UGI,117.21100000000001
2025-11-22 23:00:00,2025,11,22,23,5,-6,UGI,111.4446
2025-11-23 00:00:00,2025,11,23,0,6,-5,UGI,106.5892
2025-11-23 01:00:00,2025,11,23,1,6,-5,UGI,101.2156
2025-11-23 02:00:00,2025,11,23,2,6,-5,UGI,101.46979999999999
2025-11-23 03:00:00,2025,11,23,3,6,-5,UGI,100.98
2025-11-23 04:00:00,2025,11,23,4,6,-5,UGI,103.2542
2025-11-23 05:00:00,2025,11,23,5,6,-5,UGI,104.43220000000001
2025-11-23 06:00:00,2025,11,23,6,6,-5,UGI,110.71900000000001
2025-11-23 07:00:00,2025,11,23,7,6,-5,UGI,116.4508
2025-11-23 08:00:00,2025,11,23,8,6,-5,UGI,120.21480000000001
2025-11-23 09:00:00,2025,11,23,9,6,-5,UGI,121.89020000000001
2025-11-23 10:00:00,2025,11,23,10,6,-5,UGI,124.55080000000001
2025-11-23 11:00:00,2025,11,23,11,6,-5,UGI,124.9514
2025-11-23 12:00:00,2025,11,23,12,6,-5,UGI,124.6464
2025-11-23 13:00:00,2025,11,23,13,6,-5,UGI,122.70720000000001
2025-11-23 14:00:00,2025,11,23,14,6,-5,UGI,122.7376
2025-11-23 15:00:00,2025,11,23,15,6,-5,UGI,125.7628
2025-11-23 16:00:00,2025,11,23,16,6,-5,UGI,130.3818
2025-11-23 17:00:00,2025,11,23,17,6,-5,UGI,136.9094
2025-11-23 18:00:00,2025,11,23,18,6,-5,UGI,136.39939999999999
2025-11-23 19:00:00,2025,11,23,19,6,-5,UGI,134.7354
2025-11-23 20:00:00,2025,11,23,20,6,-5,UGI,131.325
2025-11-23 21:00:00,2025,11,23,21,6,-5,UGI,124.4502
2025-11-23 22:00:00,2025,11,23,22,6,-5,UGI,116.7834
2025-11-23 23:00:00,2025,11,23,23,6,-5,UGI,109.25519999999999
2025-11-24 00:00:00,2025,11,24,0,0,-4,UGI,104.6798
2025-11-24 01:00:00,2025,11,24,1,0,-4,UGI,102.2576
2025-11-24 02:00:00,2025,11,24,2,0,-4,UGI,101.491
2025-11-24 03:00:00,2025,11,24,3,0,-4,UGI,101.94980000000001
2025-11-24 04:00:00,2025,11,24,4,0,-4,UGI,105.49600000000001
2025-11-24 05:00:00,2025,11,24,5,0,-4,UGI,113.3466
2025-11-24 06:00:00,2025,11,24,6,0,-4,UGI,126.9026
2025-11-24 07:00:00,2025,11,24,7,0,-4,UGI,137.722
2025-11-24 08:00:00,2025,11,24,8,0,-4,UGI,138.87060000000002
2025-11-24 09:00:00,2025,11,24,9,0,-4,UGI,137.981
2025-11-24 10:00:00,2025,11,24,10,0,-4,UGI,137.2702
2025-11-24 11:00:00,2025,11,24,11,0,-4,UGI,134.9032
2025-11-24 12:00:00,2025,11,24,12,0,-4,UGI,132.84380000000002
2025-11-24 13:00:00,2025,11,24,13,0,-4,UGI,130.57080000000002
2025-11-24 14:00:00,2025,11,24,14,0,-4,UGI,129.64659999999998
2025-11-24 15:00:00,2025,11,24,15,0,-4,UGI,131.3154
2025-11-24 16:00:00,2025,11,24,16,0,-4,UGI,138.0026
2025-11-24 17:00:00,2025,11,24,17,0,-4,UGI,146.5434
2025-11-24 18:00:00,2025,11,24,18,0,-4,UGI,146.7142
2025-11-24 19:00:00,2025,11,24,19,0,-4,UGI,145.2712
2025-11-24 20:00:00,2025,11,24,20,0,-4,UGI,141.81300000000002
2025-11-24 21:00:00,2025,11,24,21,0,-4,UGI,133.85840000000002
2025-11-24 22:00:00,2025,11,24,22,0,-4,UGI,126.3866
2025-11-24 23:00:00,2025,11,24,23,0,-4,UGI,116.4672
2025-11-25 00:00:00,2025,11,25,0,1,-3,UGI,111.085
2025-11-25 01:00:00,2025,11,25,1,1,-3,UGI,105.4408
2025-11-25 02:00:00,2025,11,25,2,1,-3,UGI,106.6674
2025-11-25 03:00:00,2025,11,25,3,1,-3,UGI,107.55999999999999
2025-11-25 04:00:00,2025,11,25,4,1,-3,UGI,111.99860000000001
2025-11-25 05:00:00,2025,11,25,5,1,-3,UGI,118.4588
2025-11-25 06:00:00,2025,11,25,6,1,-3,UGI,131.7546
2025-11-25 07:00:00,2025,11,25,7,1,-3,UGI,139.7258
2025-11-25 08:00:00,2025,11,25,8,1,-3,UGI,140.9358
2025-11-25 09:00:00,2025,11,25,9,1,-3,UGI,139.91140000000001
2025-11-25 10:00:00,2025,11,25,10,1,-3,UGI,139.662
2025-11-25 11:00:00,2025,11,25,11,1,-3,UGI,137.93720000000002
2025-11-25 12:00:00,2025,11,25,12,1,-3,UGI,135.4438
2025-11-25 13:00:00,2025,11,25,13,1,-3,UGI,134.1326
2025-11-25 14:00:00,2025,11,25,14,1,-3,UGI,131.7774
2025-11-25 15:00:00,2025,11,25,15,1,-3,UGI,131.7348
2025-11-25 16:00:00,2025,11,25,16,1,-3,UGI,137.6752
2025-11-25 17:00:00,2025,11,25,17,1,-3,UGI,146.51
2025-11-25 18:00:00,2025,11,25,18,1,-3,UGI,147.0682
2025-11-25 19:00:00,2025,11,25,19,1,-3,UGI,146.0656
2025-11-25 20:00:00,2025,11,25,20,1,-3,UGI,143.3596
2025-11-25 21:00:00,2025,11,25,21,1,-3,UGI,137.06279999999998
2025-11-25 22:00:00,2025,11,25,22,1,-3,UGI,128.637
2025-11-25 23:00:00,2025,11,25,23,1,-3,UGI,116.68379999999999
2025-11-26 00:00:00,2025,11,26,0,2,-2,UGI,109.52550000000001
2025-11-26 01:00:00,2025,11,26,1,2,-2,UGI,107.1292
2025-11-26 02:00:00,2025,11,26,2,2,-2,UGI,105.4882
2025-11-26 03:00:00,2025,11,26,3,2,-2,UGI,106.4568
2025-11-26 04:00:00,2025,11,26,4,2,-2,UGI,109.76500000000001
2025-11-26 05:00:00,2025,11,26,5,2,-2,UGI,115.9537
2025-11-26 06:00:00,2025,11,26,6,2,-2,UGI,128.9587
2025-11-26 07:00:00,2025,11,26,7,2,-2,UGI,136.7201
2025-11-26 08:00:00,2025,11,26,8,2,-2,UGI,138.7767
2025-11-26 09:00:00,2025,11,26,9,2,-2,UGI,137.8032
2025-11-26 10:00:00,2025,11,26,10,2,-2,UGI,136.9086
2025-11-26 11:00:00,2025,11,26,11,2,-2,UGI,134.3849
2025-11-26 12:00:00,2025,11,26,12,2,-2,UGI,131.7191
2025-11-26 13:00:00,2025,11,26,13,2,-2,UGI,131.2421
2025-11-26 14:00:00,2025,11,26,14,2,-2,UGI,129.4731
2025-11-26 15:00:00,2025,11,26,15,2,-2,UGI,129.0522
2025-11-26 16:00:00,2025,11,26,16,2,-2,UGI,133.99439999999998
2025-11-26 17:00:00,2025,11,26,17,2,-2,UGI,140.82080000000002
2025-11-26 18:00:00,2025,11,26,18,2,-2,UGI,140.9539
2025-11-26 19:00:00,2025,11,26,19,2,-2,UGI,139.17950000000002
2025-11-26 20:00:00,2025,11,26,20,2,-2,UGI,135.8811
2025-11-26 21:00:00,2025,11,26,21,2,-2,UGI,129.8321
2025-11-26 22:00:00,2025,11,26,22,2,-2,UGI,121.8991
2025-11-26 23:00:00,2025,11,26,23,2,-2,UGI,109.86659999999999
2025-11-27 00:00:00,2025,11,27,0,3,-1,UGI,106.0889
2025-11-27 01:00:00,2025,11,27,1,3,-1,UGI,102.8848
2025-11-27 02:00:00,2025,11,27,2,3,-1,UGI,101.05359999999999
2025-11-27 03:00:00,2025,11,27,3,3,-1,UGI,101.0881
2025-11-27 04:00:00,2025,11,27,4,3,-1,UGI,103.36330000000001
2025-11-27 05:00:00,2025,11,27,5,3,-1,UGI,108.1144
2025-11-27 06:00:00,2025,11,27,6,3,-1,UGI,117.7308
2025-11-27 07:00:00,2025,11,27,7,3,-1,UGI,124.43230000000001
2025-11-27 08:00:00,2025,11,27,8,3,-1,UGI,129.29739999999998
2025-11-27 09:00:00,2025,11,27,9,3,-1,UGI,131.0451
2025-11-27 10:00:00,2025,11,27,10,3,-1,UGI,133.15050000000002
2025-11-27 11:00:00,2025,11,27,11,3,-1,UGI,133.027
2025-11-27 12:00:00,2025,11,27,12,3,-1,UGI,129.95319999999998
2025-11-27 13:00:00,2025,11,27,13,3,-1,UGI,125.37
2025-11-27 14:00:00,2025,11,27,14,3,-1,UGI,120.806
2025-11-27 15:00:00,2025,11,27,15,3,-1,UGI,119.48859999999999
2025-11-27 16:00:00,2025,11,27,16,3,-1,UGI,121.40180000000001
2025-11-27 17:00:00,2025,11,27,17,3,-1,UGI,126.30460000000001
2025-11-27 18:00:00,2025,11,27,18,3,-1,UGI,126.21189999999999
2025-11-27 19:00:00,2025,11,27,19,3,-1,UGI,125.0029
2025-11-27 20:00:00,2025,11,27,20,3,-1,UGI,123.27259999999998
2025-11-27 21:00:00,2025,11,27,21,3,-1,UGI,117.6464
2025-11-27 22:00:00,2025,11,27,22,3,-1,UGI,110.13550000000001
2025-11-27 23:00:00,2025,11,27,23,3,-1,UGI,102.65050000000001
2025-11-28 00:00:00,2025,11,28,0,4,0,UGI,98.7195
2025-11-28 01:00:00,2025,11,28,1,4,0,UGI,95.9857
2025-11-28 02:00:00,2025,11,28,2,4,0,UGI,94.7335
2025-11-28 03:00:00,2025,11,28,3,4,0,UGI,95.06280000000001
2025-11-28 04:00:00,2025,11,28,4,4,0,UGI,97.9957
2025-11-28 05:00:00,2025,11,28,5,4,0,UGI,103.5377
2025-11-28 06:00:00,2025,11,28,6,4,0,UGI,113.4387
2025-11-28 07:00:00,2025,11,28,7,4,0,UGI,121.11420000000001
2025-11-28 08:00:00,2025,11,28,8,4,0,UGI,124.3184
2025-11-28 09:00:00,2025,11,28,9,4,0,UGI,126.3409
2025-11-28 10:00:00,2025,11,28,10,4,0,UGI,126.71340000000001
2025-11-28 11:00:00,2025,11,28,11,4,0,UGI,125.9163
2025-11-28 12:00:00,2025,11,28,12,4,0,UGI,125.56289999999998
2025-11-28 13:00:00,2025,11,28,13,4,0,UGI,125.0071
2025-11-28 14:00:00,2025,11,28,14,4,0,UGI,125.0547
2025-11-28 15:00:00,2025,11,28,15,4,0,UGI,124.56009999999999
2025-11-28 16:00:00,2025,11,28,16,4,0,UGI,128.56310000000002
2025-11-28 17:00:00,2025,11,28,17,4,0,UGI,136.1014
2025-11-28 18:00:00,2025,11,28,18,4,0,UGI,135.5199
2025-11-28 19:00:00,2025,11,28,19,4,0,UGI,133.4499
2025-11-28 20:00:00,2025,11,28,20,4,0,UGI,130.6371
2025-11-28 21:00:00,2025,11,28,21,4,0,UGI,124.9875
2025-11-28 22:00:00,2025,11,28,22,4,0,UGI,119.21489999999999
2025-11-28 23:00:00,2025,11,28,23,4,0,UGI,111.503
2025-11-19 00:00:00,2025,11,19,0,2,-9,VMEU,68.2218
2025-11-19 01:00:00,2025,11,19,1,2,-9,VMEU,66.30030000000001
2025-11-19 02:00:00,2025,11,19,2,2,-9,VMEU,65.4122
2025-11-19 03:00:00,2025,11,19,3,2,-9,VMEU,65.42609999999999
2025-11-19 04:00:00,2025,11,19,4,2,-9,VMEU,67.03
2025-11-19 05:00:00,2025,11,19,5,2,-9,VMEU,71.54260000000001
2025-11-19 06:00:00,2025,11,19,6,2,-9,VMEU,77.93440000000001
2025-11-19 07:00:00,2025,11,19,7,2,-9,VMEU,80.2204
2025-11-19 08:00:00,2025,11,19,8,2,-9,VMEU,77.1144
2025-11-19 09:00:00,2025,11,19,9,2,-9,VMEU,72.2012
2025-11-19 10:00:00,2025,11,19,10,2,-9,VMEU,69.0839
2025-11-19 11:00:00,2025,11,19,11,2,-9,VMEU,67.2272
2025-11-19 12:00:00,2025,11,19,12,2,-9,VMEU,68.2994
2025-11-19 13:00:00,2025,11,19,13,2,-9,VMEU,68.4084
2025-11-19 14:00:00,2025,11,19,14,2,-9,VMEU,71.4894
2025-11-19 15:00:00,2025,11,19,15,2,-9,VMEU,77.8428
2025-11-19 16:00:00,2025,11,19,16,2,-9,VMEU,83.3417
2025-11-19 17:00:00,2025,11,19,17,2,-9,VMEU,86.905
2025-11-19 18:00:00,2025,11,19,18,2,-9,VMEU,85.4579
2025-11-19 19:00:00,2025,11,19,19,2,-9,VMEU,82.9409
2025-11-19 20:00:00,2025,11,19,20,2,-9,VMEU,80.5524
2025-11-19 21:00:00,2025,11,19,21,2,-9,VMEU,77.56710000000001
2025-11-19 22:00:00,2025,11,19,22,2,-9,VMEU,73.56320000000001
2025-11-19 23:00:00,2025,11,19,23,2,-9,VMEU,69.6284
2025-11-20 00:00:00,2025,11,20,0,3,-8,VMEU,66.6363
2025-11-20 01:00:00,2025,11,20,1,3,-8,VMEU,64.8022
2025-11-20 02:00:00,2025,11,20,2,3,-8,VMEU,63.724900000000005
2025-11-20 03:00:00,2025,11,20,3,3,-8,VMEU,63.750099999999996
2025-11-20 04:00:00,2025,11,20,4,3,-8,VMEU,64.82480000000001
2025-11-20 05:00:00,2025,11,20,5,3,-8,VMEU,67.7974
2025-11-20 06:00:00,2025,11,20,6,3,-8,VMEU,71.7585
2025-11-20 07:00:00,2025,11,20,7,3,-8,VMEU,72.696
2025-11-20 08:00:00,2025,11,20,8,3,-8,VMEU,70.3287
2025-11-20 09:00:00,2025,11,20,9,3,-8,VMEU,66.22749999999999
2025-11-20 10:00:00,2025,11,20,10,3,-8,VMEU,63.9861
2025-11-20 11:00:00,2025,11,20,11,3,-8,VMEU,62.1648
2025-11-20 12:00:00,2025,11,20,12,3,-8,VMEU,62.4646
2025-11-20 13:00:00,2025,11,20,13,3,-8,VMEU,64.2812
2025-11-20 14:00:00,2025,11,20,14,3,-8,VMEU,66.9465
2025-11-20 15:00:00,2025,11,20,15,3,-8,VMEU,71.9555
2025-11-20 16:00:00,2025,11,20,16,3,-8,VMEU,76.3928
2025-11-20 17:00:00,2025,11,20,17,3,-8,VMEU,79.34700000000001
2025-11-20 18:00:00,2025,11,20,18,3,-8,VMEU,77.9367
2025-11-20 19:00:00,2025,11,20,19,3,-8,VMEU,76.2638
2025-11-20 20:00:00,2025,11,20,20,3,-8,VMEU,75.00829999999999
2025-11-20 21:00:00,2025,11,20,21,3,-8,VMEU,72.854
2025-11-20 22:00:00,2025,11,20,22,3,-8,VMEU,69.763
2025-11-20 23:00:00,2025,11,20,23,3,-8,VMEU,66.5413
2025-11-21 00:00:00,2025,11,21,0,4,-7,VMEU,63.9372
2025-11-21 01:00:00,2025,11,21,1,4,-7,VMEU,62.427800000000005
2025-11-21 02:00:00,2025,11,21,2,4,-7,VMEU,61.6502
2025-11-21 03:00:00,2025,11,21,3,4,-7,VMEU,61.78830000000001
2025-11-21 04:00:00,2025,11,21,4,4,-7,VMEU,63.410199999999996
2025-11-21 05:00:00,2025,11,21,5,4,-7,VMEU,66.887
2025-11-21 06:00:00,2025,11,21,6,4,-7,VMEU,71.5346
2025-11-21 07:00:00,2025,11,21,7,4,-7,VMEU,72.76939999999999
2025-11-21 08:00:00,2025,11,21,8,4,-7,VMEU,68.8485
2025-11-21 09:00:00,2025,11,21,9,4,-7,VMEU,64.4298
2025-11-21 10:00:00,2025,11,21,10,4,-7,VMEU,63.098400000000005
2025-11-21 11:00:00,2025,11,21,11,4,-7,VMEU,63.6126
2025-11-21 12:00:00,2025,11,21,12,4,-7,VMEU,64.45020000000001
2025-11-21 13:00:00,2025,11,21,13,4,-7,VMEU,65.2976
2025-11-21 14:00:00,2025,11,21,14,4,-7,VMEU,69.07950000000001
2025-11-21 15:00:00,2025,11,21,15,4,-7,VMEU,74.9341
2025-11-21 16:00:00,2025,11,21,16,4,-7,VMEU,79.3693
2025-11-21 17:00:00,2025,11,21,17,4,-7,VMEU,82.837
2025-11-21 18:00:00,2025,11,21,18,4,-7,VMEU,81.4719
2025-11-21 19:00:00,2025,11,21,19,4,-7,VMEU,79.5344
2025-11-21 20:00:00,2025,11,21,20,4,-7,VMEU,77.95689999999999
2025-11-21 21:00:00,2025,11,21,21,4,-7,VMEU,75.5928
2025-11-21 22:00:00,2025,11,21,22,4,-7,VMEU,72.269
2025-11-21 23:00:00,2025,11,21,23,4,-7,VMEU,68.9787
2025-11-22 00:00:00,2025,11,22,0,5,-6,VMEU,67.8158
2025-11-22 01:00:00,2025,11,22,1,5,-6,VMEU,65.94200000000001
2025-11-22 02:00:00,2025,11,22,2,5,-6,VMEU,64.70219999999999
2025-11-22 03:00:00,2025,11,22,3,5,-6,VMEU,64.0966
2025-11-22 04:00:00,2025,11,22,4,5,-6,VMEU,64.41
2025-11-22 05:00:00,2025,11,22,5,5,-6,VMEU,66.005
2025-11-22 06:00:00,2025,11,22,6,5,-6,VMEU,68.60999999999999
2025-11-22 07:00:00,2025,11,22,7,5,-6,VMEU,68.8948
2025-11-22 08:00:00,2025,11,22,8,5,-6,VMEU,65.69200000000001
2025-11-22 09:00:00,2025,11,22,9,5,-6,VMEU,57.83299999999999
2025-11-22 10:00:00,2025,11,22,10,5,-6,VMEU,53.864200000000004
2025-11-22 11:00:00,2025,11,22,11,5,-6,VMEU,53.6232
2025-11-22 12:00:00,2025,11,22,12,5,-6,VMEU,53.5034
2025-11-22 13:00:00,2025,11,22,13,5,-6,VMEU,57.007799999999996
2025-11-22 14:00:00,2025,11,22,14,5,-6,VMEU,60.0834
2025-11-22 15:00:00,2025,11,22,15,5,-6,VMEU,67.9284
2025-11-22 16:00:00,2025,11,22,16,5,-6,VMEU,73.64059999999999
2025-11-22 17:00:00,2025,11,22,17,5,-6,VMEU,78.1266
2025-11-22 18:00:00,2025,11,22,18,5,-6,VMEU,77.54339999999999
2025-11-22 19:00:00,2025,11,22,19,5,-6,VMEU,75.85060000000001
2025-11-22 20:00:00,2025,11,22,20,5,-6,VMEU,74.7574
2025-11-22 21:00:00,2025,11,22,21,5,-6,VMEU,72.83340000000001
2025-11-22 22:00:00,2025,11,22,22,5,-6,VMEU,69.94539999999999
2025-11-22 23:00:00,2025,11,22,23,5,-6,VMEU,67.01939999999999
2025-11-23 00:00:00,2025,11,23,0,6,-5,VMEU,64.798
2025-11-23 01:00:00,2025,11,23,1,6,-5,VMEU,63.2144
2025-11-23 02:00:00,2025,11,23,2,6,-5,VMEU,62.362
2025-11-23 03:00:00,2025,11,23,3,6,-5,VMEU,61.939
2025-11-23 04:00:00,2025,11,23,4,6,-5,VMEU,62.30799999999999
2025-11-23 05:00:00,2025,11,23,5,6,-5,VMEU,63.6096
2025-11-23 06:00:00,2025,11,23,6,6,-5,VMEU,65.6702
2025-11-23 07:00:00,2025,11,23,7,6,-5,VMEU,64.9148
2025-11-23 08:00:00,2025,11,23,8,6,-5,VMEU,61.501400000000004
2025-11-23 09:00:00,2025,11,23,9,6,-5,VMEU,56.993599999999994
2025-11-23 10:00:00,2025,11,23,10,6,-5,VMEU,53.5936
2025-11-23 11:00:00,2025,11,23,11,6,-5,VMEU,54.7444
2025-11-23 12:00:00,2025,11,23,12,6,-5,VMEU,55.8738
2025-11-23 13:00:00,2025,11,23,13,6,-5,VMEU,58.0708
2025-11-23 14:00:00,2025,11,23,14,6,-5,VMEU,61.568200000000004
2025-11-23 15:00:00,2025,11,23,15,6,-5,VMEU,67.6896
2025-11-23 16:00:00,2025,11,23,16,6,-5,VMEU,73.8
2025-11-23 17:00:00,2025,11,23,17,6,-5,VMEU,78.2082
2025-11-23 18:00:00,2025,11,23,18,6,-5,VMEU,77.6736
2025-11-23 19:00:00,2025,11,23,19,6,-5,VMEU,76.45360000000001
2025-11-23 20:00:00,2025,11,23,20,6,-5,VMEU,75.3062
2025-11-23 21:00:00,2025,11,23,21,6,-5,VMEU,72.9186
2025-11-23 22:00:00,2025,11,23,22,6,-5,VMEU,69.4746
2025-11-23 23:00:00,2025,11,23,23,6,-5,VMEU,66.14020000000001
2025-11-24 00:00:00,2025,11,24,0,0,-4,VMEU,63.8038
2025-11-24 01:00:00,2025,11,24,1,0,-4,VMEU,62.338
2025-11-24 02:00:00,2025,11,24,2,0,-4,VMEU,61.77419999999999
2025-11-24 03:00:00,2025,11,24,3,0,-4,VMEU,62.187400000000004
2025-11-24 04:00:00,2025,11,24,4,0,-4,VMEU,64.65700000000001
2025-11-24 05:00:00,2025,11,24,5,0,-4,VMEU,69.85940000000001
2025-11-24 06:00:00,2025,11,24,6,0,-4,VMEU,76.5858
2025-11-24 07:00:00,2025,11,24,7,0,-4,VMEU,79.5992
2025-11-24 08:00:00,2025,11,24,8,0,-4,VMEU,76.6928
2025-11-24 09:00:00,2025,11,24,9,0,-4,VMEU,71.8284
2025-11-24 10:00:00,2025,11,24,10,0,-4,VMEU,67.50019999999999
2025-11-24 11:00:00,2025,11,24,11,0,-4,VMEU,66.2582
2025-11-24 12:00:00,2025,11,24,12,0,-4,VMEU,65.8234
2025-11-24 13:00:00,2025,11,24,13,0,-4,VMEU,67.5146
2025-11-24 14:00:00,2025,11,24,14,0,-4,VMEU,72.37859999999999
2025-11-24 15:00:00,2025,11,24,15,0,-4,VMEU,79.418
2025-11-24 16:00:00,2025,11,24,16,0,-4,VMEU,84.6052
2025-11-24 17:00:00,2025,11,24,17,0,-4,VMEU,89.0756
2025-11-24 18:00:00,2025,11,24,18,0,-4,VMEU,87.7582
2025-11-24 19:00:00,2025,11,24,19,0,-4,VMEU,85.1702
2025-11-24 20:00:00,2025,11,24,20,0,-4,VMEU,83.1778
2025-11-24 21:00:00,2025,11,24,21,0,-4,VMEU,79.5144
2025-11-24 22:00:00,2025,11,24,22,0,-4,VMEU,74.8432
2025-11-24 23:00:00,2025,11,24,23,0,-4,VMEU,70.7982
2025-11-25 00:00:00,2025,11,25,0,1,-3,VMEU,68.16900000000001
2025-11-25 01:00:00,2025,11,25,1,1,-3,VMEU,66.2156
2025-11-25 02:00:00,2025,11,25,2,1,-3,VMEU,65.5918
2025-11-25 03:00:00,2025,11,25,3,1,-3,VMEU,65.5846
2025-11-25 04:00:00,2025,11,25,4,1,-3,VMEU,67.6092
2025-11-25 05:00:00,2025,11,25,5,1,-3,VMEU,72.4878
2025-11-25 06:00:00,2025,11,25,6,1,-3,VMEU,79.0306
2025-11-25 07:00:00,2025,11,25,7,1,-3,VMEU,81.12899999999999
2025-11-25 08:00:00,2025,11,25,8,1,-3,VMEU,77.89020000000001
2025-11-25 09:00:00,2025,11,25,9,1,-3,VMEU,72.9068
2025-11-25 10:00:00,2025,11,25,10,1,-3,VMEU,69.4942
2025-11-25 11:00:00,2025,11,25,11,1,-3,VMEU,68.9934
2025-11-25 12:00:00,2025,11,25,12,1,-3,VMEU,66.82039999999999
2025-11-25 13:00:00,2025,11,25,13,1,-3,VMEU,68.601
2025-11-25 14:00:00,2025,11,25,14,1,-3,VMEU,72.82180000000001
2025-11-25 15:00:00,2025,11,25,15,1,-3,VMEU,80.3422
2025-11-25 16:00:00,2025,11,25,16,1,-3,VMEU,85.5428
2025-11-25 17:00:00,2025,11,25,17,1,-3,VMEU,89.65979999999999
2025-11-25 18:00:00,2025,11,25,18,1,-3,VMEU,88.1404
2025-11-25 19:00:00,2025,11,25,19,1,-3,VMEU,85.6146
2025-11-25 20:00:00,2025,11,25,20,1,-3,VMEU,83.41380000000001
2025-11-25 21:00:00,2025,11,25,21,1,-3,VMEU,80.12039999999999
2025-11-25 22:00:00,2025,11,25,22,1,-3,VMEU,75.707
2025-11-25 23:00:00,2025,11,25,23,1,-3,VMEU,71.6858
2025-11-26 00:00:00,2025,11,26,0,2,-2,VMEU,68.2218
2025-11-26 01:00:00,2025,11,26,1,2,-2,VMEU,66.30030000000001
2025-11-26 02:00:00,2025,11,26,2,2,-2,VMEU,65.4122
2025-11-26 03:00:00,2025,11,26,3,2,-2,VMEU,65.42609999999999
2025-11-26 04:00:00,2025,11,26,4,2,-2,VMEU,67.03
2025-11-26 05:00:00,2025,11,26,5,2,-2,VMEU,71.54260000000001
2025-11-26 06:00:00,2025,11,26,6,2,-2,VMEU,77.93440000000001
2025-11-26 07:00:00,2025,11,26,7,2,-2,VMEU,80.2204
2025-11-26 08:00:00,2025,11,26,8,2,-2,VMEU,77.1144
2025-11-26 09:00:00,2025,11,26,9,2,-2,VMEU,72.2012
2025-11-26 10:00:00,2025,11,26,10,2,-2,VMEU,69.0839
2025-11-26 11:00:00,2025,11,26,11,2,-2,VMEU,67.2272
2025-11-26 12:00:00,2025,11,26,12,2,-2,VMEU,68.2994
2025-11-26 13:00:00,2025,11,26,13,2,-2,VMEU,68.4084
2025-11-26 14:00:00,2025,11,26,14,2,-2,VMEU,71.4894
2025-11-26 15:00:00,2025,11,26,15,2,-2,VMEU,77.8428
2025-11-26 16:00:00,2025,11,26,16,2,-2,VMEU,83.3417
2025-11-26 17:00:00,2025,11,26,17,2,-2,VMEU,86.905
2025-11-26 18:00:00,2025,11,26,18,2,-2,VMEU,85.4579
2025-11-26 19:00:00,2025,11,26,19,2,-2,VMEU,82.9409
2025-11-26 20:00:00,2025,11,26,20,2,-2,VMEU,80.5524
2025-11-26 21:00:00,2025,11,26,21,2,-2,VMEU,77.56710000000001
2025-11-26 22:00:00,2025,11,26,22,2,-2,VMEU,73.56320000000001
2025-11-26 23:00:00,2025,11,26,23,2,-2,VMEU,69.6284
2025-11-27 00:00:00,2025,11,27,0,3,-1,VMEU,66.6363
2025-11-27 01:00:00,2025,11,27,1,3,-1,VMEU,64.8022
2025-11-27 02:00:00,2025,11,27,2,3,-1,VMEU,63.724900000000005
2025-11-27 03:00:00,2025,11,27,3,3,-1,VMEU,63.750099999999996
2025-11-27 04:00:00,2025,11,27,4,3,-1,VMEU,64.82480000000001
2025-11-27 05:00:00,2025,11,27,5,3,-1,VMEU,67.7974
2025-11-27 06:00:00,2025,11,27,6,3,-1,VMEU,71.7585
2025-11-27 07:00:00,2025,11,27,7,3,-1,VMEU,72.696
2025-11-27 08:00:00,2025,11,27,8,3,-1,VMEU,70.3287
2025-11-27 09:00:00,2025,11,27,9,3,-1,VMEU,66.22749999999999
2025-11-27 10:00:00,2025,11,27,10,3,-1,VMEU,63.9861
2025-11-27 11:00:00,2025,11,27,11,3,-1,VMEU,62.1648
2025-11-27 12:00:00,2025,11,27,12,3,-1,VMEU,62.4646
2025-11-27 13:00:00,2025,11,27,13,3,-1,VMEU,64.2812
2025-11-27 14:00:00,2025,11,27,14,3,-1,VMEU,66.9465
2025-11-27 15:00:00,2025,11,27,15,3,-1,VMEU,71.9555
2025-11-27 16:00:00,2025,11,27,16,3,-1,VMEU,76.3928
2025-11-27 17:00:00,2025,11,27,17,3,-1,VMEU,79.34700000000001
2025-11-27 18:00:00,2025,11,27,18,3,-1,VMEU,77.9367
2025-11-27 19:00:00,2025,11,27,19,3,-1,VMEU,76.2638
2025-11-27 20:00:00,2025,11,27,20,3,-1,VMEU,75.00829999999999
2025-11-27 21:00:00,2025,11,27,21,3,-1,VMEU,72.854
2025-11-27 22:00:00,2025,11,27,22,3,-1,VMEU,69.763
2025-11-27 23:00:00,2025,11,27,23,3,-1,VMEU,66.5413
2025-11-28 00:00:00,2025,11,28,0,4,0,VMEU,63.9372
2025-11-28 01:00:00,2025,11,28,1,4,0,VMEU,62.427800000000005
2025-11-28 02:00:00,2025,11,28,2,4,0,VMEU,61.6502
2025-11-28 03:00:00,2025,11,28,3,4,0,VMEU,61.78830000000001
2025-11-28 04:00:00,2025,11,28,4,4,0,VMEU,63.410199999999996
2025-11-28 05:00:00,2025,11,28,5,4,0,VMEU,66.887
2025-11-28 06:00:00,2025,11,28,6,4,0,VMEU,71.5346
2025-11-28 07:00:00,2025,11,28,7,4,0,VMEU,72.76939999999999
2025-11-28 08:00:00,2025,11,28,8,4,0,VMEU,68.8485
2025-11-28 09:00:00,2025,11,28,9,4,0,VMEU,64.4298
2025-11-28 10:00:00,2025,11,28,10,4,0,VMEU,63.098400000000005
2025-11-28 11:00:00,2025,11,28,11,4,0,VMEU,63.6126
2025-11-28 12:00:00,2025,11,28,12,4,0,VMEU,64.45020000000001
2025-11-28 13:00:00,2025,11,28,13,4,0,VMEU,65.2976
2025-11-28 14:00:00,2025,11,28,14,4,0,VMEU,69.07950000000001
2025-11-28 15:00:00,2025,11,28,15,4,0,VMEU,74.9341
2025-11-28 16:00:00,2025,11,28,16,4,0,VMEU,79.3693
2025-11-28 17:00:00,2025,11,28,17,4,0,VMEU,82.837
2025-11-28 18:00:00,2025,11,28,18,4,0,VMEU,81.4719
2025-11-28 19:00:00,2025,11,28,19,4,0,VMEU,79.5344
2025-11-28 20:00:00,2025,11,28,20,4,0,VMEU,77.95689999999999
2025-11-28 21:00:00,2025,11,28,21,4,0,VMEU,75.5928
2025-11-28 22:00:00,2025,11,28,22,4,0,VMEU,72.269
2025-11-28 23:00:00,2025,11,28,23,4,0,VMEU,68.9787
